uniprot	log2fc	pvalue	adj_p	gene_name	fraction	description	significant
A0A178U9N5	-0.36	0.384470114	0.448178721	PPD5	MEM	PsbP domain protein (Mog1/PsbP/DUF1795-like photosystem II reaction center PsbP family protein) OS=Arabidopsis thaliana OX=3702 GN=PPD5 PE=1 SV=1	False
A0A178UA07	-0.14	0.205100978	0.312012796	At5g09760	SOL	Pectinesterase OS=Arabidopsis thaliana OX=3702 GN=At5g09760 PE=1 SV=1	False
A0A178UFH0	2.01	0.023494797	0.050134821	MMN10.21	MEM	K-stimulated pyrophosphate-energized sodium pump protein OS=Arabidopsis thaliana OX=3702 GN=MMN10.21 PE=1 SV=1	False
A0A178UML4	-0.3	0.006740339	0.024631524	At5g17440	MEM	LUC7 related protein OS=Arabidopsis thaliana OX=3702 GN=At5g17440 PE=1 SV=1	True
A0A178US29	-0.84	0.044793635	0.078950405	MUA22.21	MEM	Leucine-rich repeat protein kinase family protein OS=Arabidopsis thaliana OX=3702 GN=MUA22.21 PE=1 SV=1	False
A0A178VC85	0.57	0.087221141	0.131689043	At3g02420	MEM	Dihydroflavonol 4-reductase/flavanone protein OS=Arabidopsis thaliana OX=3702 GN=At3g02420 PE=1 SV=1	False
A0A178VEL3	-0.55	0.018242074	0.081660755	AtVIP1	SOL	Inositol hexakisphosphate and diphosphoinositol-pentakisphosphate kinase OS=Arabidopsis thaliana OX=3702 GN=AtVIP1 PE=1 SV=1	False
A0A178VMD8	-0.33	0.154122104	0.258035731	HAOX2	SOL	(S)-2-hydroxy-acid oxidase OS=Arabidopsis thaliana OX=3702 GN=HAOX2 PE=1 SV=1	False
A0A178W0D3	0.49	0.003817428	0.017498316	PTAC4	MEM	Plastid transcriptionally active 4 OS=Arabidopsis thaliana OX=3702 GN=PTAC4 PE=1 SV=1	True
A0A178W0K0	-0.6	0.053302372	0.137906719	At2g37020	SOL	Translin family protein OS=Arabidopsis thaliana OX=3702 GN=At2g37020 PE=1 SV=1	False
A0A1I9LL70	0.05	0.699547927	0.74390879	TOC64-III	MEM	Translocon at the outer membrane of chloroplasts 64-III OS=Arabidopsis thaliana OX=3702 GN=TOC64-III PE=1 SV=1	False
A0A1I9LLC0	0.68	0.017491251	0.041274008	CID4	MEM	CTC-interacting domain 4 OS=Arabidopsis thaliana OX=3702 GN=CID4 PE=1 SV=1	True
A0A1I9LLN6	0.13	0.539848121	0.626324963	FLA15	SOL	FASCICLIN-like arabinogalactan protein 15 OS=Arabidopsis thaliana OX=3702 GN=FLA15 PE=1 SV=1	False
A0A1I9LM49	-0.23	0.204421032	0.311345089	At3g52155	SOL	Phosphoglycerate mutase family protein OS=Arabidopsis thaliana OX=3702 GN=At3g52155 PE=1 SV=1	False
A0A1I9LM53	0.21	0.004546687	0.019527675	At3g59350	MEM	Protein kinase superfamily protein OS=Arabidopsis thaliana OX=3702 GN=At3g59350 PE=1 SV=1	True
A0A1I9LM56	0.21	0.130118593	0.233553445	BGAL2	SOL	Beta-galactosidase OS=Arabidopsis thaliana OX=3702 GN=BGAL2 PE=1 SV=1	False
A0A1I9LM90	-0.26	0.012831381	0.034603026	FLK	MEM	RNA-binding KH domain-containing protein OS=Arabidopsis thaliana OX=3702 GN=FLK PE=1 SV=1	True
A0A1I9LMB4	-0.18	0.189767532	0.24798037	LHCB2.3	MEM	Chlorophyll a-b binding protein, chloroplastic OS=Arabidopsis thaliana OX=3702 GN=LHCB2.3 PE=1 SV=1	False
A0A1I9LMI8	0.51	0.021604406	0.047485749	At3g23450	MEM	Transmembrane protein OS=Arabidopsis thaliana OX=3702 GN=At3g23450 PE=1 SV=1	True
A0A1I9LMK8	0.11	0.087777334	0.18245409	At3g47560	SOL	Alpha/beta-Hydrolases superfamily protein OS=Arabidopsis thaliana OX=3702 GN=At3g47560 PE=1 SV=1	False
A0A1I9LMQ7	0.01	0.536768328	0.624213591	Tic22-III	SOL	Tic22-like family protein OS=Arabidopsis thaliana OX=3702 GN=Tic22-III PE=1 SV=1	False
A0A1I9LMR3	-1.22	0.006221009	0.023481655	PLSP1	MEM	Plastidic type i signal peptidase 1 OS=Arabidopsis thaliana OX=3702 GN=PLSP1 PE=1 SV=1	True
A0A1I9LMU3	-0.41	0.032582121	0.062662593	At3g48410	MEM	Alpha/beta-Hydrolases superfamily protein OS=Arabidopsis thaliana OX=3702 GN=At3g48410 PE=1 SV=1	False
A0A1I9LMY7	0.15	0.345977915	0.409159171	At3g04920	MEM	40S ribosomal protein S24 OS=Arabidopsis thaliana OX=3702 GN=At3g04920 PE=1 SV=1	False
A0A1I9LN83	-0.13	0.29158583	0.400883313	RHM3	SOL	Rhamnose biosynthesis 3 OS=Arabidopsis thaliana OX=3702 GN=RHM3 PE=1 SV=1	False
A0A1I9LNC0	0.16	0.258557455	0.320735728	CCH	MEM	Copper chaperone OS=Arabidopsis thaliana OX=3702 GN=CCH PE=1 SV=1	False
A0A1I9LNQ7	0.05	0.754358041	0.806914438	At3g02510	SOL	Regulator of chromosome condensation (RCC1) family protein OS=Arabidopsis thaliana OX=3702 GN=At3g02510 PE=1 SV=1	False
A0A1I9LNS4	-0.19	0.116927806	0.167170785	At3g62120	MEM	Prolyl-tRNA synthetase OS=Arabidopsis thaliana OX=3702 GN=At3g62120 PE=1 SV=1	False
A0A1I9LNT2	-0.47	0.00216891	0.036859628	SDR1	SOL	NAD(P)-binding Rossmann-fold superfamily protein OS=Arabidopsis thaliana OX=3702 GN=SDR1 PE=1 SV=1	True
A0A1I9LNZ1	0.97	0.182396957	0.28807477	At3g07470	SOL	Uncharacterized protein OS=Arabidopsis thaliana OX=3702 GN=At3g07470 PE=1 SV=1	False
A0A1I9LP02	0.52	0.023950575	0.050937239	CPK13	MEM	Calcium-dependent protein kinase 13 OS=Arabidopsis thaliana OX=3702 GN=CPK13 PE=1 SV=1	False
A0A1I9LP28	-0.69	0.00106039	0.00976055	At3g06530	MEM	ARM repeat superfamily protein OS=Arabidopsis thaliana OX=3702 GN=At3g06530 PE=1 SV=1	True
A0A1I9LPC7	0.44	0.00860905	0.028032201	At3g04760	MEM	Pentatricopeptide repeat (PPR-like) superfamily protein OS=Arabidopsis thaliana OX=3702 GN=At3g04760 PE=1 SV=1	True
A0A1I9LPJ2	0.65	0.141954979	0.246209216	CAM7	SOL	Calmodulin 7 OS=Arabidopsis thaliana OX=3702 GN=CAM7 PE=1 SV=1	False
A0A1I9LPV5	1.17	0.004155803	0.018496111	ABCC8	MEM	ABC-type xenobiotic transporter OS=Arabidopsis thaliana OX=3702 GN=ABCC8 PE=1 SV=1	True
A0A1I9LPZ1	0.31	0.156142646	0.21127455	At3g50370	MEM	Uncharacterized protein OS=Arabidopsis thaliana OX=3702 GN=At3g50370 PE=1 SV=1	False
A0A1I9LPZ9	-0.29	0.021256069	0.046975135	DEG7	MEM	DegP protease 7 OS=Arabidopsis thaliana OX=3702 GN=DEG7 PE=1 SV=1	True
A0A1I9LQ21	-0.4	0.034968303	0.066166557	At3g01380	MEM	GPI ethanolamine phosphate transferase 1 OS=Arabidopsis thaliana OX=3702 GN=At3g01380 PE=1 SV=1	False
A0A1I9LQ23	0.97	0.013525515	0.035769098	At3g15520	MEM	Cyclophilin-like peptidyl-prolyl cis-trans isomerase family protein OS=Arabidopsis thaliana OX=3702 GN=At3g15520 PE=1 SV=1	True
A0A1I9LQB3	-0.57	0.012517381	0.033933495	CA1	MEM	Carbonic anhydrase OS=Arabidopsis thaliana OX=3702 GN=CA1 PE=1 SV=1	True
A0A1I9LQQ9	-0.94	0.003307491	0.016305844	At3g19950	MEM	RING-type E3 ubiquitin transferase OS=Arabidopsis thaliana OX=3702 GN=At3g19950 PE=1 SV=1	True
A0A1I9LR04	0.84	0.001736047	0.012030638	NACA2	MEM	Nascent polypeptide-associated complex subunit alpha-like protein 2 OS=Arabidopsis thaliana OX=3702 GN=NACA2 PE=1 SV=1	True
A0A1I9LR43	-0.16	0.390046246	0.49251209	4CL2	SOL	4-coumarate:CoA ligase 2 OS=Arabidopsis thaliana OX=3702 GN=4CL2 PE=1 SV=1	False
A0A1I9LRA3	0.88	0.004359315	0.019064052	At3g20370	MEM	TRAF-like family protein OS=Arabidopsis thaliana OX=3702 GN=At3g20370 PE=1 SV=1	True
A0A1I9LRI3	-0.36	0.016848683	0.040437709	CYP71B26	MEM	Cytochrome P450, family 71, subfamily B, polypeptide 26 OS=Arabidopsis thaliana OX=3702 GN=CYP71B26 PE=1 SV=1	True
A0A1I9LRJ6	0.08	0.218467424	0.324881214	At3g60370	SOL	Peptidylprolyl isomerase OS=Arabidopsis thaliana OX=3702 GN=At3g60370 PE=1 SV=1	False
A0A1I9LRM3	0.16	0.012088371	0.033441042	AIR12	MEM	Auxin-induced in root cultures-like protein OS=Arabidopsis thaliana OX=3702 GN=AIR12 PE=1 SV=1	True
A0A1I9LRS8	-0.97	0.019715193	0.08433998	VCS	SOL	Transducin/WD40 repeat-like superfamily protein OS=Arabidopsis thaliana OX=3702 GN=VCS PE=1 SV=1	False
A0A1I9LSC2	-0.2	0.264149824	0.326559041	At3g07030	MEM	Alba DNA/RNA-binding protein OS=Arabidopsis thaliana OX=3702 GN=At3g07030 PE=1 SV=1	False
A0A1I9LSC3	0.52	0.000379436	0.006511285	At3g25580	MEM	Thioredoxin superfamily protein OS=Arabidopsis thaliana OX=3702 GN=At3g25580 PE=1 SV=1	True
A0A1I9LSH2	0.0	0.709515646	0.753115808	At3g62360	MEM	Carbohydrate-binding-like fold OS=Arabidopsis thaliana OX=3702 GN=At3g62360 PE=1 SV=1	False
A0A1I9LSK3	-0.16	0.119355651	0.169727937	BIG	MEM	Auxin transport protein (BIG) OS=Arabidopsis thaliana OX=3702 GN=BIG PE=1 SV=1	False
A0A1I9LSL6	-0.31	0.000621105	0.024468046	At3g07010	SOL	Pectate lyase OS=Arabidopsis thaliana OX=3702 GN=At3g07010 PE=1 SV=1	True
A0A1I9LST4	-0.87	0.000157805	0.00454454	At3g15290	MEM	3-hydroxyacyl-CoA dehydrogenase family protein OS=Arabidopsis thaliana OX=3702 GN=At3g15290 PE=1 SV=1	True
A0A1I9LT21	0.38	0.044237102	0.078196281	EXLA1	MEM	Expansin-like A1 OS=Arabidopsis thaliana OX=3702 GN=EXLA1 PE=1 SV=1	False
A0A1I9LT44	-0.08	0.424729475	0.485905578	At3g23540	MEM	Alpha/beta-Hydrolases superfamily protein OS=Arabidopsis thaliana OX=3702 GN=At3g23540 PE=1 SV=1	False
A0A1I9LT48	-0.3	0.050453523	0.086061782	CHUP1	MEM	Hydroxyproline-rich glycoprotein family protein OS=Arabidopsis thaliana OX=3702 GN=CHUP1 PE=1 SV=1	False
A0A1I9LT68	-0.42	0.053858034	0.0904414	ATG6	MEM	AUTOPHAGY 6 OS=Arabidopsis thaliana OX=3702 GN=ATG6 PE=1 SV=1	False
A0A1I9LT70	0.29	0.056639478	0.093877195	ARA6	MEM	Ras-related small GTP-binding family protein OS=Arabidopsis thaliana OX=3702 GN=ARA6 PE=1 SV=1	False
A0A1I9LTQ6	0.46	0.002917571	0.015240579	GYRB1	MEM	DNA gyrase subunit B OS=Arabidopsis thaliana OX=3702 GN=GYRB1 PE=1 SV=1	True
A0A1I9LTR5	-0.35	0.028907239	0.101134506	HCF107	SOL	High chlorophyll fluorescent 107 OS=Arabidopsis thaliana OX=3702 GN=HCF107 PE=1 SV=1	False
A0A1P8AM12	-0.09	0.126346152	0.228618207	RHON1	SOL	Rho termination factor OS=Arabidopsis thaliana OX=3702 GN=RHON1 PE=1 SV=1	False
A0A1P8AM23	-0.38	0.001831654	0.01231824	At1g18700	MEM	DNAJ heat shock N-terminal domain-containing protein OS=Arabidopsis thaliana OX=3702 GN=At1g18700 PE=1 SV=1	True
A0A1P8AM79	-1.27	0.001477326	0.011036008	MNS3	MEM	alpha-1,2-Mannosidase OS=Arabidopsis thaliana OX=3702 GN=MNS3 PE=1 SV=1	True
A0A1P8AMF1	0.08	0.155252386	0.258705103	At1g03030	SOL	p-loop containing nucleoside triphosphate hydrolases superfamily protein OS=Arabidopsis thaliana OX=3702 GN=At1g03030 PE=1 SV=1	False
A0A1P8AMI8	-0.68	0.00698686	0.025166236	ARK2	MEM	Kinesin-like protein OS=Arabidopsis thaliana OX=3702 GN=ARK2 PE=1 SV=1	True
A0A1P8AMQ1	-0.64	0.007047657	0.025277453	At1g48090	MEM	Calcium-dependent lipid-binding family protein OS=Arabidopsis thaliana OX=3702 GN=At1g48090 PE=1 SV=1	True
A0A1P8AMR1	-1.02	0.004025821	0.018103738	At1g11410	MEM	Receptor-like serine/threonine-protein kinase OS=Arabidopsis thaliana OX=3702 GN=At1g11410 PE=1 SV=1	True
A0A1P8AMS1	0.22	0.233723884	0.3416212	At1g21400	SOL	Thiamin diphosphate-binding fold (THDP-binding) superfamily protein OS=Arabidopsis thaliana OX=3702 GN=At1g21400 PE=1 SV=1	False
A0A1P8AMW2	-1.57	0.001554396	0.011409741	At1g21400	MEM	Thiamin diphosphate-binding fold (THDP-binding) superfamily protein OS=Arabidopsis thaliana OX=3702 GN=At1g21400 PE=1 SV=1	True
A0A1P8AMX1	-0.26	0.001884623	0.036402305	PREP2	SOL	Presequence protease 2 OS=Arabidopsis thaliana OX=3702 GN=PREP2 PE=1 SV=1	True
A0A1P8ANC2	0.08	0.293595639	0.356978186	CPK33	MEM	Calcium-dependent protein kinase 33 OS=Arabidopsis thaliana OX=3702 GN=CPK33 PE=1 SV=1	False
A0A1P8ANE5	0.37	0.060301863	0.09869412	At1g56145	MEM	Non-specific serine/threonine protein kinase OS=Arabidopsis thaliana OX=3702 GN=At1g56145 PE=1 SV=1	False
A0A1P8ANP3	0.01	0.759577685	0.796789189	At1g28350	MEM	Nucleotidylyl transferase superfamily protein OS=Arabidopsis thaliana OX=3702 GN=At1g28350 PE=1 SV=1	False
A0A1P8ANX8	0.36	0.015302992	0.075510469	VHA-E3	SOL	Vacuolar H+-ATPase subunit E isoform 3 OS=Arabidopsis thaliana OX=3702 GN=VHA-E3 PE=1 SV=1	False
A0A1P8AP70	0.18	0.143972485	0.198418554	UGT75B1	MEM	Glycosyltransferase OS=Arabidopsis thaliana OX=3702 GN=UGT75B1 PE=1 SV=1	False
A0A1P8APG3	0.57	0.007767474	0.055063433	EXPA11	SOL	Expansin OS=Arabidopsis thaliana OX=3702 GN=EXPA11 PE=1 SV=1	False
A0A1P8API2	0.79	0.002316787	0.03740771	SERPIN1	SOL	Serine protease inhibitor (SERPIN) family protein OS=Arabidopsis thaliana OX=3702 GN=SERPIN1 PE=1 SV=1	True
A0A1P8APK3	0.05	0.150979964	0.205769008	At1g01080	MEM	RNA-binding (RRM/RBD/RNP motifs) family protein OS=Arabidopsis thaliana OX=3702 GN=At1g01080 PE=1 SV=1	False
A0A1P8APR6	-0.07	0.152524799	0.25677657	GAPA-2	SOL	Glyceraldehyde-3-phosphate dehydrogenase OS=Arabidopsis thaliana OX=3702 GN=GAPA-2 PE=1 SV=1	False
A0A1P8APW3	-0.4	0.011161662	0.03198954	SR45	MEM	Arginine/serine-rich 45 OS=Arabidopsis thaliana OX=3702 GN=SR45 PE=1 SV=1	True
A0A1P8APY5	-0.22	0.199701684	0.306671464	At1g22430	SOL	GroES-like zinc-binding dehydrogenase family protein OS=Arabidopsis thaliana OX=3702 GN=At1g22430 PE=1 SV=1	False
A0A1P8AQ08	-0.15	0.288498468	0.351793238	At1g21630	MEM	Calcium-binding EF hand family protein OS=Arabidopsis thaliana OX=3702 GN=At1g21630 PE=1 SV=1	False
A0A1P8AQ69	-0.17	0.416383751	0.516913969	TPS8	SOL	Trehalose-6-phosphatase synthase S8 OS=Arabidopsis thaliana OX=3702 GN=TPS8 PE=1 SV=1	False
A0A1P8AQ84	2.07	0.006251302	0.023567283	EMB3108	MEM	DEA(D/H)-box RNA helicase family protein OS=Arabidopsis thaliana OX=3702 GN=EMB3108 PE=1 SV=1	True
A0A1P8AQG8	-0.71	0.000490388	0.007282537	At1g45261	MEM	Translation elongation factor EFG/EF2 protein OS=Arabidopsis thaliana OX=3702 GN=At1g45261 PE=1 SV=1	True
A0A1P8AQS2	-0.25	0.081018571	0.124282862	E1	MEM	Pyruvate dehydrogenase E1 component subunit alpha OS=Arabidopsis thaliana OX=3702 GN=E1 ALPHA PE=1 SV=1	False
A0A1P8AQT8	1.75	9.00467e-05	0.00412232	XTH17	MEM	Xyloglucan endotransglucosylase/hydrolase OS=Arabidopsis thaliana OX=3702 GN=XTH17 PE=1 SV=1	True
A0A1P8AQY7	-2.56	7.29746e-05	0.003847006	GC5	MEM	Golgin Putative 5 OS=Arabidopsis thaliana OX=3702 GN=GC5 PE=1 SV=1	True
A0A1P8AR36	1.52	0.00021453	0.005023886	At1g52070	MEM	Mannose-binding lectin superfamily protein OS=Arabidopsis thaliana OX=3702 GN=At1g52070 PE=1 SV=1	True
A0A1P8AR50	-0.73	0.00499199	0.046074248	At1g01320	SOL	Tetratricopeptide repeat (TPR)-like superfamily protein OS=Arabidopsis thaliana OX=3702 GN=At1g01320 PE=1 SV=1	True
A0A1P8AR99	-0.42	0.021815803	0.088489757	FRA3	SOL	Endonuclease/exonuclease/phosphatase family protein OS=Arabidopsis thaliana OX=3702 GN=FRA3 PE=1 SV=1	False
A0A1P8ARD2	-0.75	0.010384703	0.03080276	FTSH12	MEM	FTSH protease 12 OS=Arabidopsis thaliana OX=3702 GN=FTSH12 PE=1 SV=1	True
A0A1P8ARF1	0.0	0.421426141	0.52141486	pde194	SOL	Methionyl-tRNA formyltransferase OS=Arabidopsis thaliana OX=3702 GN=pde194 PE=1 SV=1	False
A0A1P8ARU9	-1.09	0.001843037	0.012339586	MBP2	MEM	Myrosinase-binding protein 2 OS=Arabidopsis thaliana OX=3702 GN=MBP2 PE=1 SV=1	True
A0A1P8ARX4	-0.56	0.016389999	0.039851455	XIB	MEM	Myosin XI B OS=Arabidopsis thaliana OX=3702 GN=XIB PE=1 SV=1	True
A0A1P8ARX7	0.41	0.017656506	0.041592374	PDE338	MEM	Nucleic acid-binding proteins superfamily OS=Arabidopsis thaliana OX=3702 GN=PDE338 PE=1 SV=1	True
A0A1P8AS28	-0.03	0.315736778	0.379317598	ECT4	MEM	Evolutionarily conserved C-terminal region 4 OS=Arabidopsis thaliana OX=3702 GN=ECT4 PE=1 SV=1	False
A0A1P8ASF1	0.51	0.09088515	0.135696303	EGM1	MEM	Receptor-like serine/threonine-protein kinase OS=Arabidopsis thaliana OX=3702 GN=EGM1 PE=1 SV=1	False
A0A1P8ASJ4	-0.37	0.027627145	0.056173538	At1g55980	MEM	FAD/NAD(P)-binding oxidoreductase family protein OS=Arabidopsis thaliana OX=3702 GN=At1g55980 PE=4 SV=1	False
A0A1P8ASL0	-0.35	0.0695833	0.110423088	At1g72960	MEM	Protein ROOT HAIR DEFECTIVE 3 homolog OS=Arabidopsis thaliana OX=3702 GN=At1g72960 PE=1 SV=1	False
A0A1P8ASL1	-0.74	0.008406486	0.027683016	ICDH	MEM	Isocitrate dehydrogenase (NADP(+)) OS=Arabidopsis thaliana OX=3702 GN=ICDH PE=1 SV=1	True
A0A1P8ASQ8	-0.44	0.017291766	0.041018105	HKL1	MEM	Phosphotransferase OS=Arabidopsis thaliana OX=3702 GN=HKL1 PE=1 SV=1	True
A0A1P8ASR5	-0.52	2.59133e-05	0.003594215	At1g56220	MEM	Dormancy/auxin associated family protein OS=Arabidopsis thaliana OX=3702 GN=At1g56220 PE=1 SV=1	True
A0A1P8AST0	-0.54	0.056692023	0.093927433	KCS3	MEM	3-ketoacyl-CoA synthase OS=Arabidopsis thaliana OX=3702 GN=KCS3 PE=1 SV=1	False
A0A1P8ASY3	0.17	0.188039378	0.294217747	LPA19	SOL	Photosystem II 11 kDa protein-like protein OS=Arabidopsis thaliana OX=3702 GN=LPA19 PE=1 SV=1	False
A0A1P8AT01	-0.21	0.016314016	0.039723503	At1g11660	MEM	Heat shock protein 70 (Hsp 70) family protein OS=Arabidopsis thaliana OX=3702 GN=At1g11660 PE=1 SV=1	True
A0A1P8AT46	-0.49	0.002602353	0.03836922	WLIM1	SOL	GATA type zinc finger transcription factor family protein OS=Arabidopsis thaliana OX=3702 GN=WLIM1 PE=1 SV=1	True
A0A1P8AT97	-0.15	0.237425558	0.298686302	ILA	MEM	ILITYHIA OS=Arabidopsis thaliana OX=3702 GN=ILA PE=1 SV=1	False
A0A1P8ATA9	-0.26	0.178316241	0.283137866	At1g07990	SOL	SIT4 phosphatase-associated family protein OS=Arabidopsis thaliana OX=3702 GN=At1g07990 PE=1 SV=1	False
A0A1P8ATB0	-0.64	0.019947597	0.045015303	IAR1	MEM	ZIP metal ion transporter family OS=Arabidopsis thaliana OX=3702 GN=IAR1 PE=1 SV=1	True
A0A1P8ATG5	0.0	0.278723993	0.387894979	HMGB3	SOL	High mobility group B3 OS=Arabidopsis thaliana OX=3702 GN=HMGB3 PE=1 SV=1	False
A0A1P8ATL2	-0.22	0.018636775	0.04297557	CRB	MEM	Chloroplast RNA binding protein OS=Arabidopsis thaliana OX=3702 GN=CRB PE=1 SV=1	True
A0A1P8ATN7	0.48	0.059691311	0.146730444	At1g50380	SOL	Prolyl endopeptidase OS=Arabidopsis thaliana OX=3702 GN=At1g50380 PE=1 SV=1	False
A0A1P8ATW8	-0.54	0.025732224	0.095608077	At1g53120	SOL	RNA-binding S4 domain-containing protein OS=Arabidopsis thaliana OX=3702 GN=At1g53120 PE=1 SV=1	False
A0A1P8ATX5	-0.92	0.001203363	0.010216866	HIT1	MEM	Membrane trafficking VPS53 family protein OS=Arabidopsis thaliana OX=3702 GN=HIT1 PE=1 SV=1	True
A0A1P8ATX7	-0.47	0.018721382	0.043072163	At1g15290	MEM	Tetratricopeptide repeat (TPR)-like superfamily protein OS=Arabidopsis thaliana OX=3702 GN=At1g15290 PE=1 SV=1	True
A0A1P8AU10	0.34	0.196821135	0.255170034	PDCB4	MEM	Plasmodesmata callose-binding protein 4 OS=Arabidopsis thaliana OX=3702 GN=PDCB4 PE=1 SV=1	False
A0A1P8AU99	1.65	0.004825934	0.020174272	RDH2	MEM	Rhodanese homologue 2 OS=Arabidopsis thaliana OX=3702 GN=RDH2 PE=1 SV=1	True
A0A1P8AUA0	0.08	0.696449716	0.741109265	B	MEM	Serine/threonine-protein phosphatase 2A 55 kDa regulatory subunit B OS=Arabidopsis thaliana OX=3702 GN=B ALPHA PE=1 SV=1	False
A0A1P8AUC4	0.37	0.014795457	0.037403205	AIG1	MEM	p-loop containing nucleoside triphosphate hydrolases superfamily protein OS=Arabidopsis thaliana OX=3702 GN=AIG1 PE=1 SV=1	True
A0A1P8AUD8	-0.56	0.121263658	0.171679338	UGT72B3	MEM	Glycosyltransferase OS=Arabidopsis thaliana OX=3702 GN=UGT72B3 PE=1 SV=1	False
A0A1P8AUM8	-0.65	0.08975975	0.134364909	IMD3	MEM	3-isopropylmalate dehydrogenase OS=Arabidopsis thaliana OX=3702 GN=IMD3 PE=1 SV=1	False
A0A1P8AUP4	-0.24	0.102826514	0.150293613	At1g27430	MEM	GYF domain-containing protein OS=Arabidopsis thaliana OX=3702 GN=At1g27430 PE=1 SV=1	False
A0A1P8AUR0	0.24	0.319535665	0.382611125	SEC5B	MEM	Exocyst complex component SEC5 OS=Arabidopsis thaliana OX=3702 GN=SEC5B PE=1 SV=1	False
A0A1P8AUR4	-0.38	0.004134309	0.018453475	At1g03370	MEM	C2 calcium/lipid-binding and GRAM domain containing protein OS=Arabidopsis thaliana OX=3702 GN=At1g03370 PE=1 SV=1	True
A0A1P8AUU7	-1.74	1.03363e-05	0.002789082	TOM20-2	MEM	Translocase outer membrane 20-2 OS=Arabidopsis thaliana OX=3702 GN=TOM20-2 PE=1 SV=1	True
A0A1P8AUX7	0.93	0.039911426	0.072968105	CPN10	MEM	Chaperonin 10 OS=Arabidopsis thaliana OX=3702 GN=CPN10 PE=1 SV=1	False
A0A1P8AUZ9	-1.02	0.001359988	0.010629408	LINC2	MEM	Nuclear matrix constituent protein-like protein OS=Arabidopsis thaliana OX=3702 GN=LINC2 PE=1 SV=1	True
A0A1P8AV08	0.22	0.124758825	0.175685202	APA1	MEM	Aspartic proteinase A1 OS=Arabidopsis thaliana OX=3702 GN=APA1 PE=1 SV=1	False
A0A1P8AV73	-0.7	0.004215797	0.043876173	At1g52360	SOL	Coatomer subunit beta' OS=Arabidopsis thaliana OX=3702 GN=At1g52360 PE=1 SV=1	True
A0A1P8AVD8	0.0	0.902445574	0.925486208	At1g18270	SOL	Ketose-bisphosphate aldolase class-II family protein OS=Arabidopsis thaliana OX=3702 GN=At1g18270 PE=1 SV=1	False
A0A1P8AVE9	-1.0	1.08046e-05	0.002789082	At1g06720	MEM	p-loop containing nucleoside triphosphate hydrolases superfamily protein OS=Arabidopsis thaliana OX=3702 GN=At1g06720 PE=1 SV=1	True
A0A1P8AVI9	-0.08	0.292075239	0.355409078	At1g69800	MEM	Cystathionine beta-synthase (CBS) protein OS=Arabidopsis thaliana OX=3702 GN=At1g69800 PE=1 SV=1	False
A0A1P8AVM2	0.53	0.009549625	0.061175226	HINT	SOL	HISTIDINE TRIAD NUCLEOTIDE-BINDING 2 OS=Arabidopsis thaliana OX=3702 GN=HINT 2 PE=1 SV=1	False
A0A1P8AVQ6	1.25	0.021736775	0.047536562	At1g51850	MEM	Leucine-rich repeat protein kinase family protein OS=Arabidopsis thaliana OX=3702 GN=At1g51850 PE=1 SV=1	True
A0A1P8AW83	-0.23	0.209809138	0.269117505	SCL5	MEM	Scarecrow-like 5 OS=Arabidopsis thaliana OX=3702 GN=SCL5 PE=1 SV=1	False
A0A1P8AWA3	0.01	0.868643943	0.889216585	ATPI4K	MEM	Phosphatidylinositol 3-and 4-kinase family protein OS=Arabidopsis thaliana OX=3702 GN=ATPI4K ALPHA PE=1 SV=1	False
A0A1P8AWE7	-0.48	0.046647233	0.081437673	At1g71240	MEM	Chromosome-partitioning protein, putative (DUF639) OS=Arabidopsis thaliana OX=3702 GN=At1g71240 PE=1 SV=1	False
A0A1P8AWM1	-0.22	0.240663546	0.34886235	UKL3	SOL	Uridine kinase OS=Arabidopsis thaliana OX=3702 GN=UKL3 PE=1 SV=1	False
A0A1P8AWP1	-0.09	0.387716676	0.490988859	At1g73170	SOL	p-loop containing nucleoside triphosphate hydrolases superfamily protein OS=Arabidopsis thaliana OX=3702 GN=At1g73170 PE=1 SV=1	False
A0A1P8AWP6	-0.3	0.029322776	0.101916532	At1g56000	SOL	FAD/NAD(P)-binding oxidoreductase family protein OS=Arabidopsis thaliana OX=3702 GN=At1g56000 PE=1 SV=1	False
A0A1P8AWP9	0.14	0.20569846	0.312075389	At1g31500	SOL	DNAse I-like superfamily protein OS=Arabidopsis thaliana OX=3702 GN=At1g31500 PE=1 SV=1	False
A0A1P8AWQ1	0.56	0.008367352	0.057018602	At1g62660	SOL	Glycosyl hydrolases family 32 protein OS=Arabidopsis thaliana OX=3702 GN=At1g62660 PE=1 SV=1	False
A0A1P8AWX3	-0.56	0.186923856	0.244970158	At1g33590	MEM	Leucine-rich repeat (LRR) family protein OS=Arabidopsis thaliana OX=3702 GN=At1g33590 PE=1 SV=1	False
A0A1P8AX55	0.15	0.318957759	0.38221463	PAG1	MEM	20S proteasome alpha subunit G1 OS=Arabidopsis thaliana OX=3702 GN=PAG1 PE=1 SV=1	False
A0A1P8AX61	-0.15	0.500263573	0.593748381	At2g01755	SOL	Uncharacterized protein OS=Arabidopsis thaliana OX=3702 GN=At2g01755 PE=1 SV=1	False
A0A1P8AX98	-0.38	0.063101636	0.102226956	At2g26780	MEM	ARM repeat superfamily protein OS=Arabidopsis thaliana OX=3702 GN=At2g26780 PE=1 SV=1	False
A0A1P8AXC1	-1.0	0.004165713	0.018513616	VAR2	MEM	FtsH extracellular protease family OS=Arabidopsis thaliana OX=3702 GN=VAR2 PE=1 SV=1	True
A0A1P8AXC4	-3.36	4.63169e-06	0.002757313	JAL23	MEM	Jacalin-related lectin 23 OS=Arabidopsis thaliana OX=3702 GN=JAL23 PE=1 SV=1	True
A0A1P8AXD8	-0.42	0.007678923	0.026401538	FTSZ2-1	MEM	Tubulin/FtsZ family protein OS=Arabidopsis thaliana OX=3702 GN=FTSZ2-1 PE=1 SV=1	True
A0A1P8AXK2	0.58	0.087662273	0.132174984	NAT12	MEM	Nucleobase-ascorbate transporter 12 OS=Arabidopsis thaliana OX=3702 GN=NAT12 PE=1 SV=1	False
A0A1P8AXW4	-0.09	0.132967003	0.236814889	NAPRT2	SOL	Nicotinate phosphoribosyltransferase OS=Arabidopsis thaliana OX=3702 GN=NAPRT2 PE=1 SV=1	False
A0A1P8AXX8	-0.24	0.072901432	0.114438008	At2g34310	MEM	Uncharacterized protein OS=Arabidopsis thaliana OX=3702 GN=At2g34310 PE=1 SV=1	False
A0A1P8AY28	-0.87	0.002385111	0.013870358	At2g46560	MEM	Transducin family protein / WD-40 repeat family protein OS=Arabidopsis thaliana OX=3702 GN=At2g46560 PE=1 SV=1	True
A0A1P8AY30	-0.75	0.012213137	0.033546906	PIN4	MEM	Auxin efflux carrier component OS=Arabidopsis thaliana OX=3702 GN=PIN4 PE=1 SV=1	True
A0A1P8AY36	0.35	0.120923817	0.171433262	At2g34480	MEM	Ribosomal protein L18ae/LX family protein OS=Arabidopsis thaliana OX=3702 GN=At2g34480 PE=1 SV=1	False
A0A1P8AYA1	-0.01	0.438918144	0.499677363	PIP2B	MEM	Plasma membrane intrinsic protein 2 OS=Arabidopsis thaliana OX=3702 GN=PIP2B PE=1 SV=1	False
A0A1P8AYE7	-1.02	0.003560928	0.016790124	At2g32040	MEM	Major facilitator superfamily protein OS=Arabidopsis thaliana OX=3702 GN=At2g32040 PE=1 SV=1	True
A0A1P8AYI3	-0.23	0.011344129	0.065749293	At2g29320	SOL	NAD(P)-binding Rossmann-fold superfamily protein OS=Arabidopsis thaliana OX=3702 GN=At2g29320 PE=1 SV=1	False
A0A1P8AZ83	0.19	0.08903651	0.183888356	RIP2	SOL	ROP interactive partner 3 OS=Arabidopsis thaliana OX=3702 GN=RIP2 PE=1 SV=1	False
A0A1P8AZ84	-0.93	0.005777097	0.022526555	ABCB6	MEM	p-glycoprotein 6 OS=Arabidopsis thaliana OX=3702 GN=ABCB6 PE=1 SV=1	True
A0A1P8AZH4	-0.09	0.334281802	0.439404106	NLP1	SOL	Nitrilase-like protein 1 OS=Arabidopsis thaliana OX=3702 GN=NLP1 PE=1 SV=1	False
A0A1P8AZL4	-0.2	0.016537707	0.078175383	HEMD	SOL	Uroporphyrinogen-III synthase OS=Arabidopsis thaliana OX=3702 GN=HEMD PE=1 SV=1	False
A0A1P8AZM7	-0.18	0.099159485	0.146004544	At2g04650	MEM	ADP-glucose pyrophosphorylase family protein OS=Arabidopsis thaliana OX=3702 GN=At2g04650 PE=1 SV=1	False
A0A1P8AZP9	0.7	0.122396804	0.224077519	At2g32520	SOL	Alpha/beta-Hydrolases superfamily protein OS=Arabidopsis thaliana OX=3702 GN=At2g32520 PE=1 SV=1	False
A0A1P8AZS7	1.93	0.002067548	0.013008617	NTRA	MEM	Thioredoxin reductase OS=Arabidopsis thaliana OX=3702 GN=NTRA PE=1 SV=1	True
A0A1P8B0B7	0.64	0.049937132	0.085479051	IQD29	MEM	Protein IQ-DOMAIN 29 OS=Arabidopsis thaliana OX=3702 GN=IQD29 PE=1 SV=1	False
A0A1P8B0L9	-0.02	0.402678299	0.504263977	At2g14110	SOL	Haloacid dehalogenase-like hydrolase (HAD) superfamily protein OS=Arabidopsis thaliana OX=3702 GN=At2g14110 PE=1 SV=1	False
A0A1P8B0M4	-0.51	0.05415831	0.090830748	SRF1	MEM	STRUBBELIG-receptor family 1 OS=Arabidopsis thaliana OX=3702 GN=SRF1 PE=1 SV=1	False
A0A1P8B0W4	-0.48	0.018123801	0.081364552	PLDBETA1	SOL	Phospholipase D OS=Arabidopsis thaliana OX=3702 GN=PLDBETA1 PE=1 SV=1	False
A0A1P8B103	0.38	0.001901686	0.036402305	EXP3	SOL	Expansin OS=Arabidopsis thaliana OX=3702 GN=EXP3 PE=1 SV=1	True
A0A1P8B189	3.01	1.04908e-05	0.009253624	ECP63	SOL	Embryonic cell protein 63 OS=Arabidopsis thaliana OX=3702 GN=ECP63 PE=1 SV=1	True
A0A1P8B1B5	1.91	0.000943056	0.009448905	GRP3S	MEM	Glycine-rich protein 3 short isoform OS=Arabidopsis thaliana OX=3702 GN=GRP3S PE=1 SV=1	True
A0A1P8B1D0	-0.7	0.002972201	0.015408172	NERD	MEM	GW repeat-and PHD finger-containing protein NERD OS=Arabidopsis thaliana OX=3702 GN=NERD PE=1 SV=1	True
A0A1P8B1I9	-0.51	0.027763991	0.056268037	At2g25730	MEM	Zinc finger FYVE domain protein OS=Arabidopsis thaliana OX=3702 GN=At2g25730 PE=1 SV=1	False
A0A1P8B1L4	0.29	0.212292113	0.271777187	ANNAT4	MEM	Annexin 4 OS=Arabidopsis thaliana OX=3702 GN=ANNAT4 PE=1 SV=1	False
A0A1P8B1V1	0.99	0.002122238	0.013170959	AKR4C8	MEM	NAD(P)-linked oxidoreductase superfamily protein OS=Arabidopsis thaliana OX=3702 GN=AKR4C8 PE=1 SV=1	True
A0A1P8B209	-1.04	0.000529972	0.007506849	At2g22795	MEM	Uncharacterized protein OS=Arabidopsis thaliana OX=3702 GN=At2g22795 PE=1 SV=1	True
A0A1P8B223	-0.46	0.033680583	0.110013367	At2g35820	SOL	Ureidoglycolate hydrolase OS=Arabidopsis thaliana OX=3702 GN=At2g35820 PE=1 SV=1	False
A0A1P8B252	0.41	0.38758581	0.490988859	At2g43560	SOL	Peptidylprolyl isomerase OS=Arabidopsis thaliana OX=3702 GN=At2g43560 PE=1 SV=1	False
A0A1P8B279	-0.01	0.555287478	0.610718452	THIC	MEM	ThiaminC OS=Arabidopsis thaliana OX=3702 GN=THIC PE=1 SV=1	False
A0A1P8B2D9	0.13	0.050348684	0.134245091	PIP	SOL	Proline iminopeptidase OS=Arabidopsis thaliana OX=3702 GN=PIP PE=1 SV=1	False
A0A1P8B2F0	0.5	0.034527982	0.111072484	GSTZ1	SOL	Glutathione S-transferase zeta 1 OS=Arabidopsis thaliana OX=3702 GN=GSTZ1 PE=1 SV=1	False
A0A1P8B2L8	0.04	0.734245813	0.774145734	At2g22660	MEM	DNA-binding protein, putative (Duplicated DUF1399) OS=Arabidopsis thaliana OX=3702 GN=At2g22660 PE=1 SV=1	False
A0A1P8B2U9	0.19	0.462420195	0.522973211	HA5	MEM	Plasma membrane ATPase OS=Arabidopsis thaliana OX=3702 GN=HA5 PE=1 SV=1	False
A0A1P8B346	-0.25	0.041318506	0.120785925	At2g05530	SOL	Glycine-rich protein family OS=Arabidopsis thaliana OX=3702 GN=At2g05530 PE=4 SV=1	False
A0A1P8B3B6	-0.39	0.008811339	0.028392432	At4g23460	MEM	Adaptin family protein OS=Arabidopsis thaliana OX=3702 GN=At4g23460 PE=1 SV=1	True
A0A1P8B3K8	-0.47	0.031556359	0.106782924	At4g28400	SOL	Protein phosphatase 2C family protein OS=Arabidopsis thaliana OX=3702 GN=At4g28400 PE=1 SV=1	False
A0A1P8B3N6	-0.12	0.300515041	0.364283022	At4g39420	MEM	Spatacsin carboxy-terminus protein OS=Arabidopsis thaliana OX=3702 GN=At4g39420 PE=1 SV=1	False
A0A1P8B3S1	-1.14	0.001204276	0.010216866	ATR2	MEM	NADPH--cytochrome P450 reductase OS=Arabidopsis thaliana OX=3702 GN=ATR2 PE=1 SV=1	True
A0A1P8B3U2	-1.08	0.019458244	0.044319966	At4g16260	MEM	Glucan endo-1,3-beta-D-glucosidase OS=Arabidopsis thaliana OX=3702 GN=At4g16260 PE=1 SV=1	True
A0A1P8B407	0.68	0.038800102	0.071487446	At4g14240	MEM	CBS domain protein with a domain protein (DUF21) OS=Arabidopsis thaliana OX=3702 GN=At4g14240 PE=1 SV=1	False
A0A1P8B413	-0.55	0.000301858	0.006026554	At4g13550	MEM	Putative triglyceride lipase OS=Arabidopsis thaliana OX=3702 GN=At4g13550 PE=1 SV=1	True
A0A1P8B454	-0.56	0.051887985	0.087863529	XI-I	MEM	Myosin OS=Arabidopsis thaliana OX=3702 GN=XI-I PE=1 SV=1	False
A0A1P8B475	0.43	0.042877004	0.076494364	At4g27870	MEM	Vacuolar iron transporter (VIT) family protein OS=Arabidopsis thaliana OX=3702 GN=At4g27870 PE=1 SV=1	False
A0A1P8B485	-0.4	0.006056076	0.05005862	AGY1	SOL	Protein translocase subunit SecA OS=Arabidopsis thaliana OX=3702 GN=AGY1 PE=1 SV=1	False
A0A1P8B490	-0.58	0.076320808	0.16854084	At4g26600	SOL	S-adenosyl-L-methionine-dependent methyltransferases superfamily protein OS=Arabidopsis thaliana OX=3702 GN=At4g26600 PE=1 SV=1	False
A0A1P8B493	-0.23	0.013927004	0.07257473	At4g35360	SOL	Pantothenate kinase OS=Arabidopsis thaliana OX=3702 GN=At4g35360 PE=1 SV=1	False
A0A1P8B4J3	-0.73	0.104587559	0.203612825	At4g04880	SOL	Adenosine/AMP deaminase family protein OS=Arabidopsis thaliana OX=3702 GN=At4g04880 PE=1 SV=1	False
A0A1P8B4P3	-2.73	5.35357e-05	0.003642269	At4g19510	MEM	Disease resistance protein (TIR-NBS-LRR class) OS=Arabidopsis thaliana OX=3702 GN=At4g19510 PE=1 SV=1	True
A0A1P8B4W3	0.23	0.042918859	0.076494364	ARD1	MEM	1,2-dihydroxy-3-keto-5-methylthiopentene dioxygenase OS=Arabidopsis thaliana OX=3702 GN=ARD1 PE=1 SV=1	False
A0A1P8B4X7	-0.09	0.35382571	0.416373601	WIN2	MEM	Protein-serine/threonine phosphatase OS=Arabidopsis thaliana OX=3702 GN=WIN2 PE=1 SV=1	False
A0A1P8B577	-0.09	0.286610421	0.349904183	At4g27120	MEM	DDRGK domain protein OS=Arabidopsis thaliana OX=3702 GN=At4g27120 PE=1 SV=1	False
A0A1P8B5K1	-0.33	0.006621801	0.024399838	At4g31210	MEM	Omega-protein OS=Arabidopsis thaliana OX=3702 GN=At4g31210 PE=1 SV=1	True
A0A1P8B5L7	-0.93	0.000146037	0.004436412	F2N1.39-01	MEM	Glycosyl hydrolase superfamily protein OS=Arabidopsis thaliana OX=3702 GN=F2N1.39-01 PE=1 SV=1	True
A0A1P8B5L9	-0.19	0.136366183	0.189170166	AGT2	MEM	Alanine:glyoxylate aminotransferase 2 OS=Arabidopsis thaliana OX=3702 GN=AGT2 PE=1 SV=1	False
A0A1P8B5U2	-1.25	0.000289555	0.005862382	At4g34960	MEM	Peptidyl-prolyl cis-trans isomerase OS=Arabidopsis thaliana OX=3702 GN=At4g34960 PE=1 SV=1	True
A0A1P8B5Y3	0.38	0.002995786	0.040259894	SEN1	SOL	Rhodanese/Cell cycle control phosphatase superfamily protein OS=Arabidopsis thaliana OX=3702 GN=SEN1 PE=1 SV=1	True
A0A1P8B637	0.14	0.740431083	0.795093397	At4g26555	SOL	Peptidylprolyl isomerase OS=Arabidopsis thaliana OX=3702 GN=At4g26555 PE=1 SV=1	False
A0A1P8B644	-0.47	0.002597243	0.03836922	DEG5	SOL	DEGP protease 5 OS=Arabidopsis thaliana OX=3702 GN=DEG5 PE=1 SV=1	True
A0A1P8B667	0.13	0.280804876	0.343946186	APP1	MEM	Aminopeptidase P1 OS=Arabidopsis thaliana OX=3702 GN=APP1 PE=1 SV=1	False
A0A1P8B687	0.94	0.012118373	0.033441042	At4g13720	MEM	Inosine triphosphate pyrophosphatase OS=Arabidopsis thaliana OX=3702 GN=At4g13720 PE=1 SV=1	True
A0A1P8B6F8	-0.17	0.119352303	0.169727937	At4g02120	MEM	CTP synthase OS=Arabidopsis thaliana OX=3702 GN=At4g02120 PE=1 SV=1	False
A0A1P8B6G3	-0.13	0.083102955	0.176742433	At4g19006	SOL	Proteasome component (PCI) domain protein OS=Arabidopsis thaliana OX=3702 GN=At4g19006 PE=1 SV=1	False
A0A1P8B6J0	-0.01	0.473411144	0.533455773	NDB1	MEM	NADH:ubiquinone reductase (non-electrogenic) OS=Arabidopsis thaliana OX=3702 GN=NDB1 PE=1 SV=1	False
A0A1P8B6W3	-0.89	0.000202045	0.004946938	MGD1	MEM	Monogalactosyldiacylglycerol synthase OS=Arabidopsis thaliana OX=3702 GN=MGD1 PE=1 SV=1	True
A0A1P8B721	-0.38	0.053354928	0.089807526	At4g20720	MEM	Dentin sialophosphoprotein-like protein OS=Arabidopsis thaliana OX=3702 GN=At4g20720 PE=1 SV=1	False
A0A1P8B770	-0.53	0.001356735	0.010621853	G2484-1	MEM	G2484-1 protein OS=Arabidopsis thaliana OX=3702 GN=G2484-1 PE=1 SV=1	True
A0A1P8B7C6	-0.45	0.001722157	0.012006005	MEB1	MEM	Vacuolar iron transporter (VIT) family protein OS=Arabidopsis thaliana OX=3702 GN=MEB1 PE=1 SV=1	True
A0A1P8B7C8	0.83	0.056146758	0.141624765	PARP2	SOL	Poly [ADP-ribose] polymerase OS=Arabidopsis thaliana OX=3702 GN=PARP2 PE=1 SV=1	False
A0A1P8B7F1	-0.17	0.033339262	0.10913835	At4g15930	SOL	Dynein light chain OS=Arabidopsis thaliana OX=3702 GN=At4g15930 PE=1 SV=1	False
A0A1P8B7H4	-0.31	0.001723659	0.034565294	At4g20750	SOL	NAD(P)-binding Rossmann-fold superfamily protein OS=Arabidopsis thaliana OX=3702 GN=At4g20750 PE=1 SV=1	True
A0A1P8B7M5	0.1	0.989774233	0.992043745	At4g20930	SOL	3-hydroxyisobutyrate dehydrogenase OS=Arabidopsis thaliana OX=3702 GN=At4g20930 PE=1 SV=1	False
A0A1P8B7P6	-1.27	0.003093517	0.015814486	ACDO1	MEM	Protein kinase superfamily protein OS=Arabidopsis thaliana OX=3702 GN=ACDO1 PE=1 SV=1	True
A0A1P8B7W9	0.54	0.013647009	0.035936994	CAP1	MEM	Adenylyl cyclase-associated protein OS=Arabidopsis thaliana OX=3702 GN=CAP1 PE=1 SV=1	True
A0A1P8B7Z8	0.05	0.888520997	0.905574208	CBL1	MEM	Calcineurin B-like protein 1 OS=Arabidopsis thaliana OX=3702 GN=CBL1 PE=1 SV=1	False
A0A1P8B849	0.94	0.000670705	0.024551765	BGAL12	SOL	Beta-galactosidase OS=Arabidopsis thaliana OX=3702 GN=BGAL12 PE=1 SV=1	True
A0A1P8B870	0.11	0.226428173	0.28710561	ATSTE24	MEM	CAAX prenyl protease OS=Arabidopsis thaliana OX=3702 GN=ATSTE24 PE=1 SV=1	False
A0A1P8B894	1.03	0.001085484	0.00976055	scpl20	MEM	Carboxypeptidase OS=Arabidopsis thaliana OX=3702 GN=scpl20 PE=1 SV=1	True
A0A1P8B8H5	0.54	0.026117815	0.054183591	CRK11	MEM	Cysteine-rich RLK (RECEPTOR-like protein kinase) 11 OS=Arabidopsis thaliana OX=3702 GN=CRK11 PE=1 SV=1	False
A0A1P8B8I4	0.15	0.893098441	0.918054297	At4g28940	SOL	Phosphorylase superfamily protein OS=Arabidopsis thaliana OX=3702 GN=At4g28940 PE=1 SV=1	False
A0A1P8B8I9	-0.77	0.002049656	0.036641203	APS3	SOL	Sulfate adenylyltransferase OS=Arabidopsis thaliana OX=3702 GN=APS3 PE=1 SV=1	True
A0A1P8B8L9	-0.46	0.018747826	0.043092642	EMB1290	MEM	Cysteine-rich receptor-like protein kinase 17 OS=Arabidopsis thaliana OX=3702 GN=EMB1290 PE=1 SV=1	True
A0A1P8B8R9	-0.49	0.000287939	0.005861057	At4g16660	MEM	Heat shock protein 70 (Hsp 70) family protein OS=Arabidopsis thaliana OX=3702 GN=At4g16660 PE=1 SV=1	True
A0A1P8B8W5	-0.12	0.114342946	0.215510557	At4g23730	SOL	Glucose-6-phosphate 1-epimerase OS=Arabidopsis thaliana OX=3702 GN=At4g23730 PE=1 SV=1	False
A0A1P8B930	0.4	0.20023224	0.259122435	At4g00170	MEM	Plant VAMP (Vesicle-associated membrane protein) family protein OS=Arabidopsis thaliana OX=3702 GN=At4g00170 PE=1 SV=1	False
A0A1P8B937	0.55	0.046669807	0.08146178	VHA-C3	MEM	V-type proton ATPase proteolipid subunit OS=Arabidopsis thaliana OX=3702 GN=VHA-C3 PE=1 SV=1	False
A0A1P8B9J5	-0.57	0.011800052	0.033089283	MFC19.17	MEM	RNI-like superfamily protein OS=Arabidopsis thaliana OX=3702 GN=MFC19.17 PE=1 SV=1	True
A0A1P8B9J8	0.17	0.340987093	0.404750678	At5g08650	MEM	Translation factor GUF1 homolog, mitochondrial OS=Arabidopsis thaliana OX=3702 GN=At5g08650 PE=1 SV=1	False
A0A1P8B9K9	0.44	0.03067628	0.060003088	AMK2	MEM	ATP:AMP phosphotransferase OS=Arabidopsis thaliana OX=3702 GN=AMK2 PE=1 SV=1	False
A0A1P8B9L6	-2.77	0.00232451	0.013773985	MAM1	MEM	Methylthioalkylmalate synthase 1 OS=Arabidopsis thaliana OX=3702 GN=MAM1 PE=1 SV=1	True
A0A1P8B9P2	-0.48	0.088918331	0.133513984	At5g35100	MEM	Cyclophilin-like peptidyl-prolyl cis-trans isomerase family protein OS=Arabidopsis thaliana OX=3702 GN=At5g35100 PE=1 SV=1	False
A0A1P8B9R0	-0.38	0.027734086	0.099054763	MRG7.19	SOL	Transcription regulator NOT2/NOT3/NOT5 family protein OS=Arabidopsis thaliana OX=3702 GN=MRG7.19 PE=1 SV=1	False
A0A1P8B9U3	-0.47	0.000212588	0.005023886	At5g04885	MEM	Glycosyl hydrolase family protein OS=Arabidopsis thaliana OX=3702 GN=At5g04885 PE=1 SV=1	True
A0A1P8BAB8	0.47	0.01565371	0.038750646	At5g27410	MEM	D-aminoacid aminotransferase-like PLP-dependent enzymes superfamily protein OS=Arabidopsis thaliana OX=3702 GN=At5g27410 PE=1 SV=1	True
A0A1P8BAJ3	-0.61	0.064072932	0.153840745	RS41	SOL	RNA-binding (RRM/RBD/RNP motifs) family protein OS=Arabidopsis thaliana OX=3702 GN=RS41 PE=1 SV=1	False
A0A1P8BAQ0	0.56	0.252132988	0.360723957	MNC6.3	SOL	Tetratricopeptide repeat (TPR)-like superfamily protein OS=Arabidopsis thaliana OX=3702 GN=MNC6.3 PE=1 SV=1	False
A0A1P8BAU5	0.45	0.002172762	0.013335332	RSW3	MEM	Glycosyl hydrolases family 31 protein OS=Arabidopsis thaliana OX=3702 GN=RSW3 PE=1 SV=1	True
A0A1P8BAW5	0.17	0.021994977	0.047781546	MPF21.1	MEM	Protein kinase superfamily protein OS=Arabidopsis thaliana OX=3702 GN=MPF21.1 PE=1 SV=1	True
A0A1P8BAY5	-0.16	0.001643983	0.034165091	DEP1	SOL	Probable bifunctional methylthioribulose-1-phosphate dehydratase/enolase-phosphatase E1 OS=Arabidopsis thaliana OX=3702 GN=DEP1 PE=1 SV=1	True
A0A1P8BBC4	-0.22	0.027642482	0.056173538	At5g15910	MEM	NAD(P)-binding Rossmann-fold superfamily protein OS=Arabidopsis thaliana OX=3702 GN=At5g15910 PE=1 SV=1	False
A0A1P8BBL0	0.46	0.000447801	0.006980396	AHP3	MEM	Histidine-containing phosphotransmitter 3 OS=Arabidopsis thaliana OX=3702 GN=AHP3 PE=1 SV=1	True
A0A1P8BBV1	0.29	0.302676422	0.36636588	SMG7	MEM	Telomerase activating protein Est1 OS=Arabidopsis thaliana OX=3702 GN=SMG7 PE=1 SV=1	False
A0A1P8BBW1	-0.33	0.032865162	0.108609682	At5g15270	SOL	RNA-binding KH domain-containing protein OS=Arabidopsis thaliana OX=3702 GN=At5g15270 PE=1 SV=1	False
A0A1P8BBY4	0.1	0.188107726	0.294217747	MOP10.14	SOL	2-oxoglutarate (2OG) and Fe(II)-dependent oxygenase superfamily protein OS=Arabidopsis thaliana OX=3702 GN=MOP10.14 PE=1 SV=1	False
A0A1P8BC80	-0.11	0.183139741	0.288845583	ADCL	SOL	D-aminoacid aminotransferase-like PLP-dependent enzymes superfamily protein OS=Arabidopsis thaliana OX=3702 GN=ADCL PE=1 SV=1	False
A0A1P8BCG1	0.43	0.175343381	0.279548737	MJB21.15	SOL	Maf-like protein OS=Arabidopsis thaliana OX=3702 GN=MJB21.15 PE=1 SV=1	False
A0A1P8BCJ3	1.2	1.01684e-05	0.002789082	At5g44380	MEM	FAD-binding Berberine family protein OS=Arabidopsis thaliana OX=3702 GN=At5g44380 PE=1 SV=1	True
A0A1P8BCV2	-0.19	0.089582943	0.134186701	ACS	MEM	Acetyl-coenzyme A synthetase OS=Arabidopsis thaliana OX=3702 GN=ACS PE=1 SV=1	False
A0A1P8BCX7	-0.08	0.988615534	0.991283502	CaS	SOL	Calcium sensing receptor OS=Arabidopsis thaliana OX=3702 GN=CaS PE=1 SV=1	False
A0A1P8BD13	-0.45	0.067331251	0.107768614	UBC4	MEM	Ubiquitin conjugating enzyme 4 OS=Arabidopsis thaliana OX=3702 GN=UBC4 PE=1 SV=1	False
A0A1P8BD35	1.74	0.005009823	0.046074248	At5g01300	SOL	PEBP (Phosphatidylethanolamine-binding protein) family protein OS=Arabidopsis thaliana OX=3702 GN=At5g01300 PE=1 SV=1	True
A0A1P8BD58	-0.1	0.149516034	0.254129379	SNRK2.1	SOL	SNF1-related protein kinase 2.1 OS=Arabidopsis thaliana OX=3702 GN=SNRK2.1 PE=1 SV=1	False
A0A1P8BD92	0.0	0.638842408	0.689326711	PDAT	MEM	Phospholipid:diacylglycerol acyltransferase OS=Arabidopsis thaliana OX=3702 GN=PDAT PE=1 SV=1	False
A0A1P8BDK9	-0.37	0.037466395	0.069593286	MXA21.10	MEM	Protein kinase family protein OS=Arabidopsis thaliana OX=3702 GN=MXA21.10 PE=1 SV=1	False
A0A1P8BDP7	-0.34	0.036663349	0.068526247	KAC2	MEM	Kinesin like protein for actin based chloroplast movement 2 OS=Arabidopsis thaliana OX=3702 GN=KAC2 PE=1 SV=1	False
A0A1P8BDT6	-0.32	0.146757963	0.201689109	ATE1	MEM	Arginyl-tRNA--protein transferase OS=Arabidopsis thaliana OX=3702 GN=ATE1 PE=1 SV=1	False
A0A1P8BDV1	0.42	0.017001593	0.040678632	MQJ2.5	MEM	Tetratricopeptide repeat (TPR)-like superfamily protein OS=Arabidopsis thaliana OX=3702 GN=MQJ2.5 PE=1 SV=1	True
A0A1P8BE58	0.23	0.188534067	0.246662971	HEMG2	MEM	Protoporphyrinogen oxidase OS=Arabidopsis thaliana OX=3702 GN=HEMG2 PE=1 SV=1	False
A0A1P8BEB3	0.28	0.009188901	0.02900559	VAMP713	MEM	Vesicle-associated membrane protein 713 OS=Arabidopsis thaliana OX=3702 GN=VAMP713 PE=1 SV=1	True
A0A1P8BEF2	-0.08	0.458630902	0.519699668	At5g67385	MEM	Phototropic-responsive NPH3 family protein OS=Arabidopsis thaliana OX=3702 GN=At5g67385 PE=1 SV=1	False
A0A1P8BEG1	-0.44	0.035674988	0.067178858	SPP	MEM	Insulinase (Peptidase family M16) family protein OS=Arabidopsis thaliana OX=3702 GN=SPP PE=1 SV=1	False
A0A1P8BEG9	-0.3	0.100406109	0.147474944	MCK7.28	MEM	E3 ubiquitin-protein ligase listerin OS=Arabidopsis thaliana OX=3702 GN=MCK7.28 PE=1 SV=1	False
A0A1P8BEU1	-0.05	0.230415638	0.338115838	At5g27390	SOL	Tagatose-6-phosphate ketose/aldose isomerase, putative (Mog1/PsbP/DUF1795-like photosystem II reaction center PsbP family protein) OS=Arabidopsis thaliana OX=3702 GN=At5g27390 PE=1 SV=1	False
A0A1P8BF32	0.14	0.294814294	0.403089289	BIP2	SOL	Heat shock protein 70 (Hsp 70) family protein OS=Arabidopsis thaliana OX=3702 GN=BIP2 PE=1 SV=1	False
A0A1P8BF77	-0.88	0.002085171	0.013064687	At5g02940	MEM	Ion channel POLLUX-like protein, putative (DUF1012) OS=Arabidopsis thaliana OX=3702 GN=At5g02940 PE=1 SV=1	True
A0A1P8BF80	-0.62	0.002579795	0.03836922	MPO12.6	SOL	Tudor/PWWP/MBT superfamily protein OS=Arabidopsis thaliana OX=3702 GN=MPO12.6 PE=1 SV=1	True
A0A1P8BFC2	-0.07	0.716778271	0.759467245	MRO11.21	MEM	Remorin family protein OS=Arabidopsis thaliana OX=3702 GN=MRO11.21 PE=1 SV=1	False
A0A1P8BFP6	0.01	0.341025603	0.445841178	PEX19-2	SOL	Peroxin 19-2 OS=Arabidopsis thaliana OX=3702 GN=PEX19-2 PE=1 SV=1	False
A0A1P8BFZ5	-0.46	0.057001909	0.14266813	FIP1[V]	SOL	FIP1[V]-like protein OS=Arabidopsis thaliana OX=3702 GN=FIP1[V] PE=1 SV=1	False
A0A1P8BG37	0.77	0.029804846	0.059042458	HCF136	MEM	Photosystem II stability/assembly factor, chloroplast (HCF136) OS=Arabidopsis thaliana OX=3702 GN=HCF136 PE=1 SV=1	False
A0A1P8BG38	-0.17	0.007522758	0.02609518	MJB21.12	MEM	Glucose-6-phosphate isomerase OS=Arabidopsis thaliana OX=3702 GN=MJB21.12 PE=1 SV=1	True
A0A1P8BGH2	-0.53	0.069200853	0.109947603	At5g50860	MEM	Protein kinase superfamily protein OS=Arabidopsis thaliana OX=3702 GN=At5g50860 PE=1 SV=1	False
A0A1P8BGI7	-0.05	0.324401357	0.429722704	At5g17530	SOL	Phosphoglucosamine mutase family protein OS=Arabidopsis thaliana OX=3702 GN=At5g17530 PE=1 SV=1	False
A0A1P8BGT5	0.4	0.072887738	0.114438008	LOG8	MEM	Cytokinin riboside 5'-monophosphate phosphoribohydrolase OS=Arabidopsis thaliana OX=3702 GN=LOG8 PE=1 SV=1	False
A0A1P8BGW0	0.81	0.005394287	0.021560906	HCF109	MEM	High chlorophyll fluorescent 109 OS=Arabidopsis thaliana OX=3702 GN=HCF109 PE=1 SV=1	True
A0A1P8BGZ1	-0.57	0.013534477	0.071705369	EMB3142	SOL	Nuclear pore complex protein (DUF3414) OS=Arabidopsis thaliana OX=3702 GN=EMB3142 PE=1 SV=1	False
A0A1P8BGZ7	0.27	0.336128921	0.44090278	ENODL1	SOL	Early nodulin-like protein 1 OS=Arabidopsis thaliana OX=3702 GN=ENODL1 PE=1 SV=1	False
A0A1P8BH17	0.19	0.157332495	0.212575004	At5g44090	MEM	Calcium-binding EF-hand family protein OS=Arabidopsis thaliana OX=3702 GN=At5g44090 PE=1 SV=1	False
A0A1P8BH66	0.09	0.964159982	0.970954442	RIP5	SOL	ROP interactive partner 5 OS=Arabidopsis thaliana OX=3702 GN=RIP5 PE=1 SV=1	False
A0A1P8BH73	0.26	0.012175212	0.033504366	PHOS32	MEM	Adenine nucleotide alpha hydrolases-like superfamily protein OS=Arabidopsis thaliana OX=3702 GN=PHOS32 PE=1 SV=1	True
A0A1P8BHI7	1.01	0.04783688	0.130978577	E13L3	SOL	Glucan endo-1,3-beta-glucosidase-like protein 3 OS=Arabidopsis thaliana OX=3702 GN=E13L3 PE=1 SV=1	False
A0A1R7T377	-0.37	0.003665174	0.042160844	At5g27560	SOL	DUF1995 domain protein, putative (DUF1995) OS=Arabidopsis thaliana OX=3702 GN=At5g27560 PE=1 SV=1	True
A0A1R7T3C8	-0.4	0.032270359	0.107617159	MKM21.80	SOL	PROTEIN TARGETING TO STARCH (PTST) OS=Arabidopsis thaliana OX=3702 GN=MKM21.80 PE=1 SV=1	False
A0A1R7T3E0	-0.63	0.014174196	0.073048551	Phox3	SOL	Octicosapeptide/Phox/Bem1p (PB1) domain-containing protein / tetratricopeptide repeat (TPR)-containing protein OS=Arabidopsis thaliana OX=3702 GN=Phox3 PE=1 SV=1	False
A0A1R7T3J1	-0.31	0.532682577	0.620627819	At5g48370	SOL	Thioesterase/thiol ester dehydrase-isomerase superfamily protein OS=Arabidopsis thaliana OX=3702 GN=At5g48370 PE=1 SV=1	False
A0A1R7T3K7	0.05	0.639819245	0.712924997	ETFBETA	SOL	Electron transfer flavoprotein subunit beta OS=Arabidopsis thaliana OX=3702 GN=ETFBETA PE=1 SV=1	False
A0A219HZH3	-1.06	0.000440197	0.00694524	APE2	MEM	Glucose-6-phosphate/phosphate translocator-like protein OS=Arabidopsis thaliana OX=3702 GN=APE2 PE=1 SV=1	True
A0A2H1ZE19	-0.19	0.343865291	0.407646402	At2g17695	MEM	Outer envelope protein OS=Arabidopsis thaliana OX=3702 GN=At2g17695 PE=1 SV=1	False
A0A2H1ZE34	-0.76	0.001964353	0.012636501	AtCaN2	MEM	Ca(2+)-dependent nuclease family protein OS=Arabidopsis thaliana OX=3702 GN=AtCaN2 PE=1 SV=1	True
A0A2H1ZEA9	0.15	0.195010784	0.253317755	At1g11860	MEM	Aminomethyltransferase OS=Arabidopsis thaliana OX=3702 GN=At1g11860 PE=1 SV=1	False
A0A2H1ZEC4	-0.5	0.002376849	0.013870358	Cpn60beta4	MEM	TCP-1/cpn60 chaperonin family protein OS=Arabidopsis thaliana OX=3702 GN=Cpn60beta4 PE=1 SV=1	True
A0A2H1ZEE9	-1.33	0.002047949	0.012964297	SCL33	MEM	SC35-like splicing factor 33 OS=Arabidopsis thaliana OX=3702 GN=SCL33 PE=1 SV=1	True
A0A2H1ZEJ0	0.58	0.049703747	0.085173691	At3g45850	MEM	P-loop containing nucleoside triphosphate hydrolases superfamily protein OS=Arabidopsis thaliana OX=3702 GN=At3g45850 PE=1 SV=1	False
A0A2H1ZEJ8	-0.9	0.000827477	0.00902552	GLDH	MEM	L-galactono-1,4-lactone dehydrogenase OS=Arabidopsis thaliana OX=3702 GN=GLDH PE=1 SV=1	True
A0A2H1ZEM8	0.0	0.424631751	0.524333423	AARE	SOL	Acylaminoacyl-peptidase-like protein OS=Arabidopsis thaliana OX=3702 GN=AARE PE=1 SV=1	False
A0A2P2CLF3	-0.63	0.028003166	0.056609401	rps3	MEM	Ribosomal protein S3 OS=Arabidopsis thaliana OX=3702 GN=rps3 PE=1 SV=2	False
A0A2P2CLF6	-0.27	0.019727855	0.04474761	nad9	MEM	NADH dehydrogenase subunit 9 OS=Arabidopsis thaliana OX=3702 GN=nad9 PE=1 SV=1	True
A0A2P2CLF9	-0.24	0.019350813	0.044107703	atp1	MEM	ATP synthase subunit alpha OS=Arabidopsis thaliana OX=3702 GN=atp1 PE=3 SV=1	True
A0A2P2CLH9	-0.54	0.000735104	0.008444154	atp4	MEM	ATP synthase protein MI25 OS=Arabidopsis thaliana OX=3702 GN=atp4 PE=1 SV=1	True
A0JQ00	-0.13	0.134516518	0.23811154	At5g02740	SOL	At5g02740 OS=Arabidopsis thaliana OX=3702 GN=At5g02740 PE=1 SV=1	False
A0JQ12	-0.02	0.779880424	0.827780522	At1g76020	SOL	At1g76020 OS=Arabidopsis thaliana OX=3702 GN=At1g76020 PE=1 SV=1	False
A0MFS5	-0.16	0.153197326	0.257500413	At4g01037	SOL	Protein WHAT'S THIS FACTOR 1 homolog, chloroplastic OS=Arabidopsis thaliana OX=3702 GN=At4g01037 PE=3 SV=1	False
A1A6H3	-0.04	0.54088816	0.627237814	RBSK	SOL	Ribokinase OS=Arabidopsis thaliana OX=3702 GN=RBSK PE=1 SV=1	False
A1A6M1	0.97	0.010184002	0.030632745	PTAC5	MEM	Protein disulfide isomerase pTAC5, chloroplastic OS=Arabidopsis thaliana OX=3702 GN=PTAC5 PE=1 SV=1	True
A1L4Y4	0.77	0.000307971	0.006036747	At5g61510	MEM	At5g61510 OS=Arabidopsis thaliana OX=3702 GN=At5g61510 PE=1 SV=1	True
A2RVJ8	-0.41	0.00353158	0.01671027	HIT4	MEM	Protein HEAT INTOLERANT 4 OS=Arabidopsis thaliana OX=3702 GN=HIT4 PE=1 SV=1	True
A2RVM0	-0.12	0.302525233	0.36636588	TIC32	MEM	Short-chain dehydrogenase TIC 32, chloroplastic OS=Arabidopsis thaliana OX=3702 GN=TIC32 PE=2 SV=1	False
A2RVS6	-1.0	0.003216417	0.016169137	SR34A	MEM	Serine/arginine-rich splicing factor SR34A OS=Arabidopsis thaliana OX=3702 GN=SR34A PE=2 SV=1	True
A2RVV4	0.34	0.069702269	0.160061052	MRI1.6	SOL	At5g57700 OS=Arabidopsis thaliana OX=3702 GN=MRI1.6 PE=1 SV=1	False
A3KPF2	-0.27	0.041544012	0.121151957	PRMT14	SOL	Probable histone-arginine methyltransferase 1.4 OS=Arabidopsis thaliana OX=3702 GN=PRMT14 PE=1 SV=1	False
A4FVN8	-0.75	0.007923837	0.026787807	At1g10580	MEM	At1g10580 OS=Arabidopsis thaliana OX=3702 GN=At1g10580 PE=1 SV=1	True
A4FVS9	0.35	0.208261996	0.267428317	At1g76360	MEM	At1g76360 OS=Arabidopsis thaliana OX=3702 GN=At1g76360 PE=1 SV=1	False
A4GNA8	-0.42	0.031982082	0.061841342	PSD3	MEM	Phosphatidylserine decarboxylase proenzyme 3 OS=Arabidopsis thaliana OX=3702 GN=PSD3 PE=1 SV=1	False
A4GSN8	-0.55	0.001153623	0.010056864	NUA	MEM	Nuclear-pore anchor OS=Arabidopsis thaliana OX=3702 GN=NUA PE=1 SV=1	True
A4IJ41	-0.7	0.048781882	0.084090156	At3g10840	MEM	Alpha/beta-Hydrolases superfamily protein OS=Arabidopsis thaliana OX=3702 GN=At3g10840 PE=1 SV=1	False
A7WM73	-0.51	0.075679564	0.11784353	HEXO1	MEM	Beta-hexosaminidase 1 OS=Arabidopsis thaliana OX=3702 GN=HEXO1 PE=1 SV=1	False
A8MPR5	-1.01	0.001353606	0.010616193	FTSHI2	MEM	Probable inactive ATP-dependent zinc metalloprotease FTSHI 2, chloroplastic OS=Arabidopsis thaliana OX=3702 GN=FTSHI2 PE=1 SV=1	True
A8MQ78	0.09	0.612342323	0.689028854	ALY4	SOL	ALWAYS EARLY 4 OS=Arabidopsis thaliana OX=3702 GN=ALY4 PE=1 SV=1	False
A8MQ96	-1.03	0.000111898	0.004282644	At5g09510	MEM	Ribosomal protein S19 family protein OS=Arabidopsis thaliana OX=3702 GN=At5g09510 PE=1 SV=1	True
A8MQA1	0.01	0.431488863	0.530157696	BBC1	SOL	60S ribosomal protein L13 OS=Arabidopsis thaliana OX=3702 GN=BBC1 PE=1 SV=1	False
A8MQE5	-0.04	0.913951814	0.934192012	At1g51980	SOL	Insulinase (Peptidase family M16) protein OS=Arabidopsis thaliana OX=3702 GN=At1g51980 PE=1 SV=1	False
A8MQH0	0.16	0.16087089	0.215662605	At5g15320	MEM	ATP synthase E chain OS=Arabidopsis thaliana OX=3702 GN=At5g15320 PE=1 SV=1	False
A8MQH3	-0.14	0.884311775	0.902871856	SRF6	MEM	STRUBBELIG-receptor family 6 OS=Arabidopsis thaliana OX=3702 GN=SRF6 PE=1 SV=1	False
A8MQK3	0.01	0.450002924	0.547115793	mMDH2	SOL	Malate dehydrogenase OS=Arabidopsis thaliana OX=3702 GN=mMDH2 PE=1 SV=1	False
A8MQL8	1.86	5.38303e-06	0.002757313	GASA4	MEM	GAST1 protein homolog 4 OS=Arabidopsis thaliana OX=3702 GN=GASA4 PE=1 SV=1	True
A8MQN9	0.65	0.021068716	0.046806498	SCPL34	MEM	Carboxypeptidase OS=Arabidopsis thaliana OX=3702 GN=SCPL34 PE=1 SV=1	True
A8MQP0	0.19	0.648130881	0.718952169	SCPL11	SOL	Serine carboxypeptidase-like 11 OS=Arabidopsis thaliana OX=3702 GN=SCPL11 PE=1 SV=1	False
A8MQP6	1.43	0.004692251	0.019820495	At4g10480	MEM	Nascent polypeptide-associated complex (NAC), alpha subunit family protein OS=Arabidopsis thaliana OX=3702 GN=At4g10480 PE=1 SV=1	True
A8MQR4	1.45	0.000971421	0.009593426	At3g09200	MEM	60S acidic ribosomal protein P0 OS=Arabidopsis thaliana OX=3702 GN=At3g09200 PE=1 SV=1	True
A8MQR6	0.2	0.111601533	0.212637531	ALDH6B2	SOL	Methylmalonate-semialdehyde dehydrogenase (CoA acylating) OS=Arabidopsis thaliana OX=3702 GN=ALDH6B2 PE=1 SV=1	False
A8MQX0	-0.84	0.000914463	0.009369462	PIN7	MEM	Auxin efflux carrier component OS=Arabidopsis thaliana OX=3702 GN=PIN7 PE=1 SV=1	True
A8MQY4	0.67	0.002589007	0.014450233	CA2	MEM	Carbonic anhydrase OS=Arabidopsis thaliana OX=3702 GN=CA2 PE=1 SV=1	True
A8MR02	0.13	0.34883719	0.454056605	At5g26280	SOL	TRAF-like family protein OS=Arabidopsis thaliana OX=3702 GN=At5g26280 PE=1 SV=1	False
A8MR14	-0.92	0.000784475	0.008772712	At1g64650	MEM	Major facilitator superfamily protein OS=Arabidopsis thaliana OX=3702 GN=At1g64650 PE=1 SV=1	True
A8MR27	-0.4	0.016021232	0.077160178	PTB3	SOL	Polypyrimidine tract-binding protein 3 OS=Arabidopsis thaliana OX=3702 GN=PTB3 PE=1 SV=1	False
A8MR40	0.04	0.321995563	0.428347681	At4g28480	SOL	DNAJ heat shock family protein OS=Arabidopsis thaliana OX=3702 GN=At4g28480 PE=1 SV=1	False
A8MR47	1.61	9.1274e-05	0.00412232	MST1	MEM	Sulfurtransferase OS=Arabidopsis thaliana OX=3702 GN=MST1 PE=1 SV=1	True
A8MR72	0.3	0.032338732	0.107617159	At2g26210	SOL	Ankyrin repeat family protein OS=Arabidopsis thaliana OX=3702 GN=At2g26210 PE=1 SV=1	False
A8MR97	-0.64	0.040989155	0.12024888	EIF4G	SOL	Eukaryotic translation initiation factor 4G OS=Arabidopsis thaliana OX=3702 GN=EIF4G PE=1 SV=1	False
A8MRG3	-0.43	0.01194604	0.033295649	At1g55840	MEM	Sec14p-like phosphatidylinositol transfer family protein OS=Arabidopsis thaliana OX=3702 GN=At1g55840 PE=1 SV=1	True
A8MRI5	-0.22	0.212000566	0.318911241	HISN6B	SOL	HISTIDINE BIOSYNTHESIS 6B OS=Arabidopsis thaliana OX=3702 GN=HISN6B PE=3 SV=1	False
A8MRK6	0.75	0.007747587	0.026499703	NAP1:2	MEM	Nucleosome assembly protein 12 OS=Arabidopsis thaliana OX=3702 GN=NAP1:2 PE=1 SV=1	True
A8MRM0	0.95	0.001011676	0.00971972	AtPUX7	MEM	UBX domain-containing protein OS=Arabidopsis thaliana OX=3702 GN=AtPUX7 PE=1 SV=1	True
A8MRP2	-0.01	0.474391893	0.570977359	AIG2LD	SOL	AIG2-like protein D OS=Arabidopsis thaliana OX=3702 GN=AIG2LD PE=2 SV=1	False
A8MRQ5	1.59	0.02542426	0.053093854	At4g22485	MEM	Bifunctional inhibitor/lipid-transfer protein/seed storage 2S albumin superfamily protein OS=Arabidopsis thaliana OX=3702 GN=At4g22485 PE=1 SV=2	False
A8MRW1	2.0	0.003294735	0.016277497	PIP1B	MEM	Plasma membrane intrinsic protein 1B OS=Arabidopsis thaliana OX=3702 GN=PIP1B PE=1 SV=1	True
A8MRX0	-0.32	0.056205611	0.093354556	FMOGS-OX5	MEM	Flavin-containing monooxygenase FMO GS-OX5 OS=Arabidopsis thaliana OX=3702 GN=FMOGS-OX5 PE=1 SV=2	False
A8MS32	0.49	0.214539825	0.321092668	MHJ24.11	SOL	AT5G64130 protein OS=Arabidopsis thaliana OX=3702 GN=MHJ24.11 PE=1 SV=1	False
A8MS48	-0.32	0.129503722	0.232819825	MTG13.11	SOL	Low-density receptor-like protein OS=Arabidopsis thaliana OX=3702 GN=MTG13.11 PE=1 SV=1	False
A8MS68	0.46	0.08613855	0.130457226	LPD1	MEM	Dihydrolipoyl dehydrogenase 1, chloroplastic OS=Arabidopsis thaliana OX=3702 GN=LPD1 PE=2 SV=1	False
A8MS85	-0.8	0.017203729	0.040908537	SPT6	MEM	Transcription elongation factor SPT6 homolog OS=Arabidopsis thaliana OX=3702 GN=SPT6 PE=1 SV=1	True
A8MSD8	0.13	0.283249974	0.392261648	At2g41600	SOL	Mitochondrial glycoprotein family protein OS=Arabidopsis thaliana OX=3702 GN=At2g41600 PE=1 SV=1	False
A8R7E6	-0.46	0.053134783	0.08950182	CERK1	MEM	Chitin elicitor receptor kinase 1 OS=Arabidopsis thaliana OX=3702 GN=CERK1 PE=1 SV=1	False
A8R7K9	-0.3	0.031807866	0.107191588	VPS35C	SOL	Vacuolar protein sorting-associated protein 35C OS=Arabidopsis thaliana OX=3702 GN=VPS35C PE=2 SV=1	False
B0F9L4	-0.52	0.002061098	0.036641203	GC6	SOL	Golgin candidate 6 OS=Arabidopsis thaliana OX=3702 GN=GC6 PE=1 SV=2	True
B3H4B6	0.41	0.0033271	0.041343942	At4g39200	SOL	40S ribosomal protein S25 OS=Arabidopsis thaliana OX=3702 GN=At4g39200 PE=1 SV=1	True
B3H581	-0.42	0.054291454	0.091004777	DEG2	MEM	DEGP protease 2 OS=Arabidopsis thaliana OX=3702 GN=DEG2 PE=1 SV=1	False
B3H5K9	0.97	0.023160483	0.049629687	NEDD1	MEM	Protein NEDD1 OS=Arabidopsis thaliana OX=3702 GN=NEDD1 PE=2 SV=1	True
B3H5L3	-0.26	0.046603156	0.129171224	At1g73180	SOL	Eukaryotic translation initiation factor 2A OS=Arabidopsis thaliana OX=3702 GN=At1g73180 PE=1 SV=1	False
B3H5V4	-0.4	0.057127648	0.142838342	UBP6	SOL	Ubiquitin carboxyl-terminal hydrolase OS=Arabidopsis thaliana OX=3702 GN=UBP6 PE=1 SV=1	False
B3H5W6	-0.15	0.267778654	0.330342099	At5g35180	MEM	AT5G35180 protein OS=Arabidopsis thaliana OX=3702 GN=At5g35180 PE=1 SV=1	False
B3H604	0.33	0.132747692	0.236781264	GRXC2	SOL	Glutaredoxin family protein OS=Arabidopsis thaliana OX=3702 GN=GRXC2 PE=1 SV=1	False
B3H609	-0.51	0.072745772	0.114330073	EXO70A1	MEM	Exocyst subunit Exo70 family protein OS=Arabidopsis thaliana OX=3702 GN=EXO70A1 PE=1 SV=1	False
B3H658	-0.69	0.003292411	0.041188392	BCAT3	SOL	Branched-chain-amino-acid aminotransferase OS=Arabidopsis thaliana OX=3702 GN=BCAT3 PE=1 SV=1	True
B3H661	-0.04	0.406317323	0.507452778	At1g42480	SOL	TLR4 regulator/MIR-interacting MSAP protein OS=Arabidopsis thaliana OX=3702 GN=At1g42480 PE=1 SV=1	False
B3H684	0.09	0.641430183	0.714505725	NAP1:1	SOL	Nucleosome assembly protein11 OS=Arabidopsis thaliana OX=3702 GN=NAP1:1 PE=1 SV=1	False
B3H6I9	-0.39	0.00426885	0.044058085	DDB1A	SOL	Damaged DNA binding protein 1A OS=Arabidopsis thaliana OX=3702 GN=DDB1A PE=1 SV=1	True
B3H6J5	-1.16	6.57465e-05	0.003697743	At3g49601	MEM	Pre-mRNA-splicing factor OS=Arabidopsis thaliana OX=3702 GN=At3g49601 PE=1 SV=1	True
B3H745	-0.01	0.758010185	0.809628525	At5g35180	SOL	ENHANCED DISEASE RESISTANCE protein (DUF1336) OS=Arabidopsis thaliana OX=3702 GN=At5g35180 PE=1 SV=1	False
B3H778	-0.26	0.28614281	0.349425116	At4g24830	MEM	Citrulline--aspartate ligase OS=Arabidopsis thaliana OX=3702 GN=At4g24830 PE=1 SV=1	False
B3H7H1	-0.13	0.349731421	0.412443413	At3g07300	MEM	AT3G07300 protein OS=Arabidopsis thaliana OX=3702 GN=At3g07300 PE=1 SV=1	False
B3H7I9	1.55	0.002818785	0.014977113	DAA1	MEM	p-loop containing nucleoside triphosphate hydrolases superfamily protein OS=Arabidopsis thaliana OX=3702 GN=DAA1 PE=1 SV=1	True
B3H7N1	-0.19	0.098408881	0.145045794	At5g16120	MEM	Alpha/beta-Hydrolases superfamily protein OS=Arabidopsis thaliana OX=3702 GN=At5g16120 PE=1 SV=1	False
B3LFA4	-0.17	0.024665931	0.093326135	At5g38830	SOL	Cysteine--tRNA ligase 2, cytoplasmic OS=Arabidopsis thaliana OX=3702 GN=At5g38830 PE=2 SV=1	False
B5X0I6	-0.77	0.057510472	0.095130798	VIP6	MEM	Protein CTR9 homolog OS=Arabidopsis thaliana OX=3702 GN=VIP6 PE=1 SV=1	False
B5X503	-0.12	0.119088177	0.220190158	At5g11240	SOL	At5g11240 OS=Arabidopsis thaliana OX=3702 GN=At5g11240 PE=1 SV=1	False
B6EUA5	0.37	0.335031915	0.439940301	At1g12250	SOL	Pentapeptide repeat-containing protein OS=Arabidopsis thaliana OX=3702 GN=At1g12250 PE=1 SV=1	False
B7ZWR6	0.15	0.393471784	0.457180956	OEP61	MEM	Outer envelope protein 61 OS=Arabidopsis thaliana OX=3702 GN=OEP61 PE=1 SV=1	False
B9DFG3	-0.52	0.06876001	0.159442306	ISE2	SOL	DExH-box ATP-dependent RNA helicase DExH15 chloroplastic OS=Arabidopsis thaliana OX=3702 GN=ISE2 PE=1 SV=2	False
B9DFI7	-1.09	0.000277187	0.00580157	At1g26850	MEM	Probable methyltransferase PMT2 OS=Arabidopsis thaliana OX=3702 GN=At1g26850 PE=2 SV=2	True
B9DFK5	-0.85	0.001087625	0.00976055	RE	MEM	Protein RETICULATA, chloroplastic OS=Arabidopsis thaliana OX=3702 GN=RE PE=1 SV=1	True
B9DFQ9	0.3	0.00206201	0.012991362	EMB1467	MEM	AT5G37510 protein OS=Arabidopsis thaliana OX=3702 GN=EMB1467 PE=1 SV=1	True
B9DFR6	0.17	0.211998559	0.271476175	OASC	MEM	Cysteine synthase OS=Arabidopsis thaliana OX=3702 GN=OASC PE=1 SV=1	False
B9DG17	0.42	0.072869878	0.114438008	P40	MEM	40S ribosomal protein SA OS=Arabidopsis thaliana OX=3702 GN=P40 PE=1 SV=1	False
B9DG18	0.06	0.303024307	0.366571841	CAT3	MEM	Catalase OS=Arabidopsis thaliana OX=3702 GN=CAT3 PE=1 SV=1	False
B9DG21	-0.09	0.187509141	0.245598654	ASP5	MEM	Aspartate aminotransferase OS=Arabidopsis thaliana OX=3702 GN=ASP5 PE=1 SV=1	False
B9DG54	-1.31	0.001032417	0.00976055	At3g45050	MEM	AT3G45050 protein OS=Arabidopsis thaliana OX=3702 GN=At3g45050 PE=1 SV=1	True
B9DG63	-0.81	0.002175913	0.036859628	At4g28030	SOL	AT4G28030 protein OS=Arabidopsis thaliana OX=3702 GN=At4g28030 PE=1 SV=1	True
B9DGD6	-0.28	0.03301534	0.108876294	ACS	SOL	Acetyl-coenzyme A synthetase, chloroplastic/glyoxysomal OS=Arabidopsis thaliana OX=3702 GN=ACS PE=1 SV=1	False
B9DGT7	0.08	0.349839419	0.454964694	TUBA2	SOL	Tubulin alpha-2 chain OS=Arabidopsis thaliana OX=3702 GN=TUBA2 PE=2 SV=2	False
B9DH36	0.25	0.015791844	0.076723107	GER2	SOL	GDP-L-fucose synthase OS=Arabidopsis thaliana OX=3702 GN=GER2 PE=1 SV=1	False
B9DH52	0.04	0.165871793	0.269477966	At1g08110	SOL	Lactoylglutathione lyase OS=Arabidopsis thaliana OX=3702 GN=At1g08110 PE=1 SV=1	False
B9DH97	1.3	0.001192463	0.010216866	SAR1	MEM	AT2G33120 protein OS=Arabidopsis thaliana OX=3702 GN=SAR1 PE=1 SV=1	True
B9DHD7	-0.73	0.010063456	0.062157558	PVA22	SOL	Vesicle-associated protein 2-2 OS=Arabidopsis thaliana OX=3702 GN=PVA22 PE=1 SV=1	False
B9DHK3	-0.34	0.233404451	0.341490151	At5g14540	SOL	AT5G14540 protein OS=Arabidopsis thaliana OX=3702 GN=At5g14540 PE=1 SV=1	False
B9DHQ0	-0.3	0.013411213	0.035731194	TUBA5	MEM	Tubulin alpha-5 chain OS=Arabidopsis thaliana OX=3702 GN=TUBA5 PE=1 SV=2	True
C0LGD7	0.01	0.68229433	0.729639607	At1g06840	MEM	Probable LRR receptor-like serine/threonine-protein kinase At1g06840 OS=Arabidopsis thaliana OX=3702 GN=At1g06840 PE=1 SV=2	False
C0LGE0	0.23	0.277646504	0.341156811	At1g07650	MEM	Probable LRR receptor-like serine/threonine-protein kinase At1g07650 OS=Arabidopsis thaliana OX=3702 GN=At1g07650 PE=1 SV=1	False
C0LGG6	0.34	0.191319836	0.249407769	At1g51890	MEM	Probable LRR receptor-like protein kinase At1g51890 OS=Arabidopsis thaliana OX=3702 GN=At1g51890 PE=1 SV=2	False
C0LGG8	-0.43	0.041585209	0.07498086	At1g53430	MEM	Probable LRR receptor-like serine/threonine-protein kinase At1g53430 OS=Arabidopsis thaliana OX=3702 GN=At1g53430 PE=1 SV=1	False
C0LGG9	-0.71	0.022944558	0.049380217	At1g53440	MEM	Probable LRR receptor-like serine/threonine-protein kinase At1g53440 OS=Arabidopsis thaliana OX=3702 GN=At1g53440 PE=2 SV=2	True
C0LGH2	0.56	0.030069161	0.059390588	At1g56130	MEM	Probable LRR receptor-like serine/threonine-protein kinase At1g56130 OS=Arabidopsis thaliana OX=3702 GN=At1g56130 PE=2 SV=2	False
C0LGK4	-0.11	0.486148952	0.545362411	At2g16250	MEM	Probable LRR receptor-like serine/threonine-protein kinase At2g16250 OS=Arabidopsis thaliana OX=3702 GN=At2g16250 PE=1 SV=1	False
C0LGM1	0.39	0.147403429	0.202358812	LRR-RLK	MEM	Leucine-rich repeat protein kinase family protein (Fragment) OS=Arabidopsis thaliana OX=3702 GN=LRR-RLK PE=1 SV=1	False
C0LGN2	-0.17	0.294130922	0.357488708	LRR-RLK	MEM	Probable leucine-rich repeat receptor-like serine/threonine-protein kinase At3g14840 OS=Arabidopsis thaliana OX=3702 GN=LRR-RLK PE=1 SV=1	False
C0LGP9	-0.25	0.155268119	0.210285967	IMK3	MEM	Probable leucine-rich repeat receptor-like protein kinase IMK3 OS=Arabidopsis thaliana OX=3702 GN=IMK3 PE=1 SV=1	False
C0LGQ9	-0.12	0.374933795	0.438106345	GHR1	MEM	LRR receptor-like serine/threonine-protein kinase GHR1 OS=Arabidopsis thaliana OX=3702 GN=GHR1 PE=1 SV=2	False
C0LGT1	-0.22	0.148556536	0.203468811	At5g10290	MEM	Probable LRR receptor-like serine/threonine-protein kinase At5g10290 OS=Arabidopsis thaliana OX=3702 GN=At5g10290 PE=1 SV=1	False
C0Z241	-0.29	0.160341542	0.263352851	EXPA1	SOL	Expansin OS=Arabidopsis thaliana OX=3702 GN=EXPA1 PE=1 SV=1	False
C0Z268	-0.41	0.003126843	0.04062163	FIM1	SOL	AT4G26700 protein OS=Arabidopsis thaliana OX=3702 GN=FIM1 PE=1 SV=1	True
C0Z2J1	0.19	0.001126634	0.029069514	At1g11360	SOL	AT1G11360 protein OS=Arabidopsis thaliana OX=3702 GN=At1g11360 PE=1 SV=1	True
C0Z352	-1.31	0.0242383	0.051402675	ADF2	MEM	AT3G46000 protein OS=Arabidopsis thaliana OX=3702 GN=ADF2 PE=1 SV=1	False
C0Z361	-0.61	0.024931245	0.052337364	CPN60B3	MEM	Chaperonin 60 subunit beta 3, chloroplastic OS=Arabidopsis thaliana OX=3702 GN=CPN60B3 PE=1 SV=1	False
D7SFH9	0.15	0.206058879	0.264855486	LRK10L-2.6	MEM	Protein SUPPRESSOR OF NPR1-1 CONSTITUTIVE 4 OS=Arabidopsis thaliana OX=3702 GN=LRK10L-2.6 PE=1 SV=1	False
F4HNU6	-0.07	0.157757574	0.261032405	At1g06900	SOL	Nardilysin-like OS=Arabidopsis thaliana OX=3702 GN=At1g06900 PE=2 SV=1	False
F4HPS0	0.22	0.429727825	0.490476624	ATMAP4K	MEM	Protein kinase superfamily protein OS=Arabidopsis thaliana OX=3702 GN=ATMAP4K ALPHA1 PE=1 SV=1	False
F4HQ17	0.18	0.84893095	0.872979453	LRK10L-1.4	MEM	LEAF RUST 10 DISEASE-RESISTANCE LOCUS RECEPTOR-LIKE PROTEIN KINASE-like 1.4 OS=Arabidopsis thaliana OX=3702 GN=LRK10L-1.4 PE=2 SV=2	False
F4HQ30	1.34	0.00042089	0.006831782	SVL2	MEM	Glycerophosphodiester phosphodiesterase OS=Arabidopsis thaliana OX=3702 GN=SVL2 PE=4 SV=1	True
F4HQ84	-1.44	0.001374437	0.010668367	COG3	MEM	Conserved oligomeric Golgi complex subunit 3 OS=Arabidopsis thaliana OX=3702 GN=COG3 PE=1 SV=1	True
F4HQ87	-0.49	0.005103914	0.020894571	At1g73450	MEM	Protein kinase superfamily protein OS=Arabidopsis thaliana OX=3702 GN=At1g73450 PE=1 SV=1	True
F4HQA8	-0.33	0.042206012	0.122512843	FHY1	SOL	Haloacid dehalogenase-like hydrolase (HAD) superfamily protein OS=Arabidopsis thaliana OX=3702 GN=FHY1 PE=1 SV=2	False
F4HQD4	0.65	0.002683492	0.014785848	HSP70-15	MEM	Heat shock 70 kDa protein 15 OS=Arabidopsis thaliana OX=3702 GN=HSP70-15 PE=1 SV=1	True
F4HQE1	-0.47	0.014875586	0.037503749	ATERDJ2A	MEM	DnaJ / Sec63 Brl domains-containing protein OS=Arabidopsis thaliana OX=3702 GN=ATERDJ2A PE=1 SV=1	True
F4HQE7	-0.31	0.00140619	0.010820107	At1g79990	MEM	Coatomer subunit beta' OS=Arabidopsis thaliana OX=3702 GN=At1g79990 PE=1 SV=1	True
F4HQH8	0.06	0.069851722	0.160156787	At1g01080	SOL	RNA-binding (RRM/RBD/RNP motifs) family protein OS=Arabidopsis thaliana OX=3702 GN=At1g01080 PE=1 SV=1	False
F4HQN3	-0.33	0.063322235	0.152924123	At1g07440	SOL	NAD(P)-binding Rossmann-fold superfamily protein OS=Arabidopsis thaliana OX=3702 GN=At1g07440 PE=1 SV=2	False
F4HQZ1	0.31	0.116170308	0.166206425	At1g19880	MEM	Regulator of chromosome condensation (RCC1) family protein OS=Arabidopsis thaliana OX=3702 GN=At1g19880 PE=1 SV=1	False
F4HR91	0.15	0.128537715	0.180276487	At1g33610	MEM	Leucine-rich repeat (LRR) family protein OS=Arabidopsis thaliana OX=3702 GN=At1g33610 PE=1 SV=1	False
F4HRS2	-0.32	0.044662691	0.07878709	SWEETIE	MEM	Protein SWEETIE OS=Arabidopsis thaliana OX=3702 GN=SWEETIE PE=1 SV=2	False
F4HRT5	-0.41	0.020918488	0.0466848	CRWN1	MEM	Protein CROWDED NUCLEI 1 OS=Arabidopsis thaliana OX=3702 GN=CRWN1 PE=1 SV=1	True
F4HS17	-1.14	0.002703658	0.014785848	At1g73920	MEM	Alpha/beta-Hydrolases superfamily protein OS=Arabidopsis thaliana OX=3702 GN=At1g73920 PE=1 SV=1	True
F4HS63	-0.19	0.529664687	0.586741439	At1g80380	MEM	p-loop containing nucleoside triphosphate hydrolases superfamily protein OS=Arabidopsis thaliana OX=3702 GN=At1g80380 PE=1 SV=1	False
F4HS76	0.73	2.18036e-05	0.003493468	NHO1	MEM	Glycerol kinase OS=Arabidopsis thaliana OX=3702 GN=NHO1 PE=1 SV=1	True
F4HST9	-1.43	0.001240286	0.010275314	OPCL1	MEM	OPC-8:0 CoA ligase1 OS=Arabidopsis thaliana OX=3702 GN=OPCL1 PE=1 SV=1	True
F4HSX1	0.05	0.957251609	0.965829831	APT1	SOL	Adenine phosphoribosyltransferase OS=Arabidopsis thaliana OX=3702 GN=APT1 PE=1 SV=1	False
F4HSX9	-0.64	0.030538221	0.059855394	KLCR3	MEM	Protein KINESIN LIGHT CHAIN-RELATED 3 OS=Arabidopsis thaliana OX=3702 GN=KLCR3 PE=2 SV=1	False
F4HSY9	0.0	0.935195331	0.949653278	At1g27580	SOL	F-box protein (DUF295) OS=Arabidopsis thaliana OX=3702 GN=At1g27580 PE=1 SV=1	False
F4HTA0	2.34	0.029923796	0.103280875	At1g47540	SOL	Scorpion toxin-like knottin superfamily protein OS=Arabidopsis thaliana OX=3702 GN=At1g47540 PE=1 SV=1	False
F4HTA1	-0.71	0.046273925	0.128694813	SEC3A	SOL	Exocyst complex component sec3A OS=Arabidopsis thaliana OX=3702 GN=SEC3A PE=1 SV=1	False
F4HTM3	-0.84	0.008615796	0.02804434	GCS1	MEM	Mannosyl-oligosaccharide glucosidase GCS1 OS=Arabidopsis thaliana OX=3702 GN=GCS1 PE=1 SV=1	True
F4HTN8	0.3	0.255044061	0.317115929	At1g67590	MEM	Remorin family protein OS=Arabidopsis thaliana OX=3702 GN=At1g67590 PE=1 SV=2	False
F4HTT6	-0.16	0.019967795	0.084865525	CYP26-2	SOL	Peptidyl-prolyl cis-trans isomerase CYP26-2, chloroplastic OS=Arabidopsis thaliana OX=3702 GN=CYP26-2 PE=2 SV=1	False
F4HUG9	0.3	0.004131244	0.043836437	At1g14210	SOL	Ribonuclease T(2) OS=Arabidopsis thaliana OX=3702 GN=At1g14210 PE=1 SV=1	True
F4HUK6	-0.3	0.01715371	0.079812142	AAE1	SOL	Butanoate--CoA ligase AAE1 OS=Arabidopsis thaliana OX=3702 GN=AAE1 PE=1 SV=1	False
F4HUX0	0.74	3.80142e-05	0.003642269	At1g34220	MEM	Regulator of Vps4 activity in the MVB pathway protein OS=Arabidopsis thaliana OX=3702 GN=At1g34220 PE=1 SV=1	True
F4HV67	-0.54	0.007513269	0.026081738	UBP1A	MEM	Oligouridylate-binding protein 1A OS=Arabidopsis thaliana OX=3702 GN=UBP1A PE=1 SV=1	True
F4HV96	0.57	0.03675494	0.068600855	EIF4A-2	MEM	Eif4a-2 OS=Arabidopsis thaliana OX=3702 GN=EIF4A-2 PE=1 SV=1	False
F4HVV7	0.37	0.082216521	0.125809012	At1g02080	MEM	Transcription regulator OS=Arabidopsis thaliana OX=3702 GN=At1g02080 PE=1 SV=1	False
F4HVW5	-0.7	0.007436544	0.025909806	VAD1	MEM	Protein VASCULAR ASSOCIATED DEATH 1, chloroplastic OS=Arabidopsis thaliana OX=3702 GN=VAD1 PE=1 SV=1	True
F4HVZ5	-0.48	0.002514969	0.01433841	CSU2	MEM	Protein COP1 SUPPRESSOR 2 OS=Arabidopsis thaliana OX=3702 GN=CSU2 PE=1 SV=1	True
F4HW26	0.19	0.11985246	0.170304114	BSL2	MEM	Serine/threonine-protein phosphatase OS=Arabidopsis thaliana OX=3702 GN=BSL2 PE=1 SV=1	False
F4HWB0	0.25	0.049900155	0.085447234	At1g14710	MEM	Hydroxyproline-rich glycoprotein family protein OS=Arabidopsis thaliana OX=3702 GN=At1g14710 PE=1 SV=1	False
F4HWC3	0.35	0.020676929	0.046245656	At1g20970	MEM	Calponin-like domain protein OS=Arabidopsis thaliana OX=3702 GN=At1g20970 PE=1 SV=1	True
F4HWL4	-0.08	0.01449463	0.073798303	At1g28350	SOL	Tyrosine--tRNA ligase 2, cytoplasmic OS=Arabidopsis thaliana OX=3702 GN=At1g28350 PE=1 SV=1	False
F4HWQ5	0.25	0.113134831	0.162850369	GF14	MEM	GF14 protein phi chain OS=Arabidopsis thaliana OX=3702 GN=GF14 PHI PE=1 SV=1	False
F4HWQ8	0.19	0.129064134	0.180767595	C/VIF1	MEM	Cell wall / vacuolar inhibitor of fructosidase 1 OS=Arabidopsis thaliana OX=3702 GN=C/VIF1 PE=1 SV=1	False
F4HWR0	1.67	7.34899e-06	0.002789082	At1g47980	MEM	Desiccation-like protein OS=Arabidopsis thaliana OX=3702 GN=At1g47980 PE=1 SV=1	True
F4HWS5	-0.08	0.36103855	0.423574201	ECT7	MEM	Evolutionarily conserved C-terminal region 7 OS=Arabidopsis thaliana OX=3702 GN=ECT7 PE=1 SV=1	False
F4HWU0	-0.91	0.003625807	0.016983177	At1g48210	MEM	Protein kinase superfamily protein OS=Arabidopsis thaliana OX=3702 GN=At1g48210 PE=1 SV=1	True
F4HWZ6	3.15	8.55076e-05	0.00412232	ACP3	MEM	Acyl carrier protein 3 OS=Arabidopsis thaliana OX=3702 GN=ACP3 PE=4 SV=1	True
F4HX50	-0.2	0.023037365	0.090769172	APR2	SOL	5'adenylylphosphosulfate reductase 2 OS=Arabidopsis thaliana OX=3702 GN=APR2 PE=1 SV=1	False
F4HXD2	0.09	0.180486016	0.285724667	ALDH10A8	SOL	Aldehyde dehydrogenase 10A8 OS=Arabidopsis thaliana OX=3702 GN=ALDH10A8 PE=1 SV=1	False
F4HXV6	-0.83	0.000414175	0.023403654	NUP155	SOL	Nuclear pore complex protein NUP155 OS=Arabidopsis thaliana OX=3702 GN=NUP155 PE=1 SV=1	True
F4HXY8	0.42	0.36011556	0.464103144	At1g15120	SOL	Ubiquinol-cytochrome C reductase hinge protein OS=Arabidopsis thaliana OX=3702 GN=At1g15120 PE=1 SV=1	False
F4HXZ1	-0.21	0.000386956	0.023169768	BRO1	SOL	Vacuolar-sorting protein BRO1 OS=Arabidopsis thaliana OX=3702 GN=BRO1 PE=1 SV=1	True
F4HYC0	-0.28	0.025025792	0.094017524	At1g35340	SOL	ATP-dependent protease La (LON) domain protein OS=Arabidopsis thaliana OX=3702 GN=At1g35340 PE=1 SV=1	False
F4HYF3	-0.16	0.004894196	0.04568941	DCD	SOL	Bifunctional D-cysteine desulfhydrase/1-aminocyclopropane-1-carboxylate deaminase, mitochondrial OS=Arabidopsis thaliana OX=3702 GN=DCD PE=1 SV=1	True
F4HYQ1	0.12	0.579977748	0.634235492	At1g55160	MEM	WAS/WASL-interacting family protein OS=Arabidopsis thaliana OX=3702 GN=At1g55160 PE=1 SV=1	False
F4HZB5	-0.37	0.061629778	0.100354919	NET1D	MEM	Protein NETWORKED 1D OS=Arabidopsis thaliana OX=3702 GN=NET1D PE=3 SV=1	False
F4HZE0	0.53	0.010817081	0.031384449	At1g09130	MEM	ATP-dependent Clp protease proteolytic subunit OS=Arabidopsis thaliana OX=3702 GN=At1g09130 PE=1 SV=1	True
F4HZG9	-0.04	0.886752004	0.91405939	ICP55	SOL	Intermediate cleaving peptidase 55, mitochondrial OS=Arabidopsis thaliana OX=3702 GN=ICP55 PE=1 SV=1	False
F4HZI8	-1.06	0.010608177	0.0310054	At1g15200	MEM	Protein-protein interaction regulator family protein OS=Arabidopsis thaliana OX=3702 GN=At1g15200 PE=1 SV=1	True
F4HZS8	-0.71	0.013098217	0.035048007	At1g22060	MEM	Sporulation-specific protein OS=Arabidopsis thaliana OX=3702 GN=At1g22060 PE=1 SV=1	True
F4I032	0.12	0.248405853	0.310023583	EMB1144	MEM	Chorismate synthase OS=Arabidopsis thaliana OX=3702 GN=EMB1144 PE=1 SV=1	False
F4I061	-0.44	0.018798527	0.043155807	SCD1	MEM	Stomatal cytokinesis defective / SCD1 protein (SCD1) OS=Arabidopsis thaliana OX=3702 GN=SCD1 PE=1 SV=1	True
F4I082	-0.18	0.010233716	0.030632745	LTPG6	MEM	Non-specific lipid transfer protein GPI-anchored 6 OS=Arabidopsis thaliana OX=3702 GN=LTPG6 PE=2 SV=2	True
F4I0K2	1.17	0.000306669	0.006036747	FLN2	MEM	Fructokinase-like 2, chloroplastic OS=Arabidopsis thaliana OX=3702 GN=FLN2 PE=1 SV=2	True
F4I0N7	1.16	0.002497076	0.014262646	GASA1	MEM	GAST1 protein homolog 1 OS=Arabidopsis thaliana OX=3702 GN=GASA1 PE=1 SV=1	True
F4I0P8	1.61	0.000581118	0.007759098	VPS35B	MEM	Vacuolar protein sorting-associated protein 35B OS=Arabidopsis thaliana OX=3702 GN=VPS35B PE=1 SV=1	True
F4I0Z0	-0.32	0.024214014	0.051374619	At1g09440	MEM	Protein kinase superfamily protein OS=Arabidopsis thaliana OX=3702 GN=At1g09440 PE=1 SV=1	False
F4I114	0.21	0.073609415	0.115268047	At1g09600	MEM	Probable serine/threonine-protein kinase At1g09600 OS=Arabidopsis thaliana OX=3702 GN=At1g09600 PE=3 SV=1	False
F4I116	0.47	0.007402549	0.025851893	At1g09620	MEM	Leucine--tRNA ligase, cytoplasmic OS=Arabidopsis thaliana OX=3702 GN=At1g09620 PE=1 SV=1	True
F4I1L9	-0.59	0.063120392	0.102226956	At1g36280	MEM	Adenylosuccinate lyase OS=Arabidopsis thaliana OX=3702 GN=At1g36280 PE=1 SV=1	False
F4I2A1	0.61	0.002560374	0.014450233	At1g76140	MEM	Prolyl endopeptidase OS=Arabidopsis thaliana OX=3702 GN=At1g76140 PE=1 SV=1	True
F4I2S4	-0.54	0.001601629	0.011526611	CCZ1A	MEM	Vacuolar fusion protein CCZ1 homolog A OS=Arabidopsis thaliana OX=3702 GN=CCZ1A PE=1 SV=1	True
F4I2Z0	-0.68	0.012509281	0.033931333	At1g22700	MEM	Tetratricopeptide repeat (TPR)-like superfamily protein OS=Arabidopsis thaliana OX=3702 GN=At1g22700 PE=1 SV=1	True
F4I313	-0.83	0.004264543	0.018816714	At1g22870	MEM	Kinase family with ARM repeat domain-containing protein OS=Arabidopsis thaliana OX=3702 GN=At1g22870 PE=1 SV=1	True
F4I353	-0.16	0.15737881	0.260579754	At1g29840	SOL	Alpha/beta-Hydrolases superfamily protein OS=Arabidopsis thaliana OX=3702 GN=At1g29840 PE=1 SV=1	False
F4I354	0.26	0.138874251	0.242408069	At1g29850	SOL	Double-stranded DNA-binding family protein OS=Arabidopsis thaliana OX=3702 GN=At1g29850 PE=1 SV=2	False
F4I366	-0.57	0.039326344	0.072182444	NRPA2	MEM	DNA-directed RNA polymerase I subunit 2 OS=Arabidopsis thaliana OX=3702 GN=NRPA2 PE=2 SV=1	False
F4I378	-1.24	0.000991615	0.009642458	At1g29980	MEM	Uncharacterized protein OS=Arabidopsis thaliana OX=3702 GN=At1g29980 PE=1 SV=1	True
F4I3B3	-0.43	0.004784448	0.045351432	RBP47A	SOL	Polyadenylate-binding protein RBP47A OS=Arabidopsis thaliana OX=3702 GN=RBP47A PE=2 SV=1	True
F4I3C3	-0.52	0.001252635	0.010275314	NQR	MEM	ARP protein (REF) OS=Arabidopsis thaliana OX=3702 GN=NQR PE=1 SV=1	True
F4I3J0	-0.09	0.096664902	0.142928709	At1g56050	MEM	Obg-like ATPase 1 OS=Arabidopsis thaliana OX=3702 GN=At1g56050 PE=1 SV=1	False
F4I3M3	0.46	0.046630789	0.081437673	BSK7	MEM	Serine/threonine-protein kinase BSK7 OS=Arabidopsis thaliana OX=3702 GN=BSK7 PE=3 SV=1	False
F4I3N6	-0.6	0.076843251	0.1192559	At1g63610	MEM	Uncharacterized protein OS=Arabidopsis thaliana OX=3702 GN=At1g63610 PE=1 SV=2	False
F4I3P9	-0.48	0.004034568	0.043584434	MURE	SOL	UDP-N-acetylmuramoyl-L-alanyl-D-glutamate--2,6-diaminopimelate ligase MurE homolog, chloroplastic OS=Arabidopsis thaliana OX=3702 GN=MURE PE=1 SV=1	True
F4I3R0	0.28	0.036835767	0.068652751	At1g63770	MEM	Peptidase M1 family protein OS=Arabidopsis thaliana OX=3702 GN=At1g63770 PE=1 SV=1	False
F4I3X3	-0.65	0.004500218	0.019434522	At1g70100	MEM	Neurofilament heavy protein OS=Arabidopsis thaliana OX=3702 GN=At1g70100 PE=1 SV=1	True
F4I420	0.3	0.005273279	0.021306342	At1g76810	MEM	Eukaryotic translation initiation factor 5B OS=Arabidopsis thaliana OX=3702 GN=At1g76810 PE=1 SV=1	True
F4I450	0.04	0.259224087	0.368264147	PRP39	SOL	Tetratricopeptide repeat (TPR)-like superfamily protein OS=Arabidopsis thaliana OX=3702 GN=PRP39 PE=1 SV=1	False
F4I4X6	-0.36	0.020950293	0.046699707	TOR	MEM	Serine/threonine-protein kinase TOR OS=Arabidopsis thaliana OX=3702 GN=TOR PE=1 SV=1	True
F4I576	0.2	0.017349194	0.041082064	MDAR6	MEM	Monodehydroascorbate reductase 6 OS=Arabidopsis thaliana OX=3702 GN=MDAR6 PE=1 SV=1	True
F4I596	-0.35	0.053562535	0.090043815	RTNLB3	MEM	Reticulon-like protein OS=Arabidopsis thaliana OX=3702 GN=RTNLB3 PE=1 SV=1	False
F4I5J7	0.07	0.825969219	0.855711477	At1g77020	MEM	DNAJ heat shock N-terminal domain-containing protein OS=Arabidopsis thaliana OX=3702 GN=At1g77020 PE=1 SV=1	False
F4I5P3	-0.43	0.003102673	0.015814486	MAC3A	MEM	Pre-mRNA-processing factor 19 OS=Arabidopsis thaliana OX=3702 GN=MAC3A PE=1 SV=1	True
F4I6B2	0.07	0.464730687	0.525075049	At1g30470	MEM	SIT4 phosphatase-associated family protein OS=Arabidopsis thaliana OX=3702 GN=At1g30470 PE=1 SV=1	False
F4I6B4	-0.13	0.920128189	0.937796265	At1g30470	SOL	SIT4 phosphatase-associated family protein OS=Arabidopsis thaliana OX=3702 GN=At1g30470 PE=1 SV=2	False
F4I6G9	-0.74	0.02441148	0.051660221	At1g30820	MEM	CTP synthase OS=Arabidopsis thaliana OX=3702 GN=At1g30820 PE=1 SV=1	False
F4I6V2	-0.2	0.228798951	0.289637468	At1g70650	MEM	Ran BP2/NZF zinc finger-like superfamily protein OS=Arabidopsis thaliana OX=3702 GN=At1g70650 PE=1 SV=1	False
F4I7B6	-0.16	0.006199195	0.050345594	SNRK2.4	SOL	Protein kinase superfamily protein OS=Arabidopsis thaliana OX=3702 GN=SNRK2.4 PE=1 SV=1	False
F4I7I0	0.12	0.025815076	0.053728892	ALAAT1	MEM	Alanine aminotransferase 1, mitochondrial OS=Arabidopsis thaliana OX=3702 GN=ALAAT1 PE=1 SV=1	False
F4I7M5	0.19	0.1285389	0.180276487	SPDS1	MEM	Spermidine synthase OS=Arabidopsis thaliana OX=3702 GN=SPDS1 PE=1 SV=1	False
F4I7V2	0.56	0.006711788	0.02460468	GlcNAc1pUT1	MEM	N-acetylglucosamine-1-phosphate uridylyltransferase 1 OS=Arabidopsis thaliana OX=3702 GN=GlcNAc1pUT1 PE=1 SV=2	True
F4I7X1	-0.43	0.065876481	0.15604977	SKS6	SOL	SKU5-similar 6 OS=Arabidopsis thaliana OX=3702 GN=SKS6 PE=1 SV=1	False
F4I891	-1.06	0.00099195	0.009642458	PnsB2	MEM	NDH-dependent cyclic electron flow 1 OS=Arabidopsis thaliana OX=3702 GN=PnsB2 PE=1 SV=1	True
F4I8B9	-0.4	0.022106331	0.047953812	At1g65010	MEM	Putative WEB family protein At1g65010, chloroplastic OS=Arabidopsis thaliana OX=3702 GN=At1g65010 PE=1 SV=1	True
F4I8Q1	-0.2	0.0565121	0.093763069	YUP8H12.6	MEM	Myosin heavy chain, embryonic smooth protein OS=Arabidopsis thaliana OX=3702 GN=YUP8H12.6 PE=1 SV=1	False
F4I907	0.47	0.029871407	0.059075332	GLYR2	MEM	Glyoxylate/succinic semialdehyde reductase 2, chloroplastic OS=Arabidopsis thaliana OX=3702 GN=GLYR2 PE=1 SV=1	False
F4I983	0.87	0.025656142	0.053469955	At1g24300	MEM	GYF domain-containing protein OS=Arabidopsis thaliana OX=3702 GN=At1g24300 PE=1 SV=1	False
F4I9A1	-0.81	0.015141275	0.037957344	TNO1	MEM	TGN-related, localized SYP41 interacting protein OS=Arabidopsis thaliana OX=3702 GN=TNO1 PE=1 SV=1	True
F4I9J7	0.69	0.010924909	0.031581577	Y14	MEM	RNA-binding protein Y14 OS=Arabidopsis thaliana OX=3702 GN=Y14 PE=1 SV=1	True
F4I9P8	-0.66	7.99118e-05	0.004058037	At1g58025	MEM	DNA-binding bromodomain-containing protein OS=Arabidopsis thaliana OX=3702 GN=At1g58025 PE=1 SV=1	True
F4IA20	0.15	0.52381857	0.613377843	At1g71710	SOL	DNAse I-like superfamily protein OS=Arabidopsis thaliana OX=3702 GN=At1g71710 PE=1 SV=1	False
F4IA30	-0.47	0.008927528	0.028582519	At1g71780	MEM	WD repeat protein OS=Arabidopsis thaliana OX=3702 GN=At1g71780 PE=1 SV=1	True
F4IA34	-0.71	0.024335452	0.09297519	SEC6	SOL	SEC6 OS=Arabidopsis thaliana OX=3702 GN=SEC6 PE=1 SV=1	False
F4IA48	0.57	0.006523863	0.050732954	At1g78150	SOL	N-lysine methyltransferase OS=Arabidopsis thaliana OX=3702 GN=At1g78150 PE=1 SV=1	False
F4IAF6	-0.45	0.044252044	0.078196281	At1g05960	MEM	ARM repeat superfamily protein OS=Arabidopsis thaliana OX=3702 GN=At1g05960 PE=1 SV=1	False
F4IAG1	-0.43	0.264555734	0.373463841	SS3	SOL	Starch synthase 3 OS=Arabidopsis thaliana OX=3702 GN=SS3 PE=1 SV=1	False
F4IAH8	-0.37	0.008145126	0.027188453	At1g11820	MEM	Glucan endo-1,3-beta-D-glucosidase OS=Arabidopsis thaliana OX=3702 GN=At1g11820 PE=1 SV=1	True
F4IAP5	0.22	0.007424583	0.025899644	At1g18270	MEM	Ketose-bisphosphate aldolase class-II family protein OS=Arabidopsis thaliana OX=3702 GN=At1g18270 PE=1 SV=1	True
F4IAX0	-2.39	0.001227335	0.030708167	At1g31690	SOL	Amine oxidase OS=Arabidopsis thaliana OX=3702 GN=At1g31690 PE=1 SV=1	True
F4IB63	-0.32	0.090288386	0.134938883	At1g51805	MEM	Leucine-rich repeat protein kinase family protein OS=Arabidopsis thaliana OX=3702 GN=At1g51805 PE=1 SV=1	False
F4IB81	-0.48	0.018674474	0.043009142	LYK3	MEM	LysM domain receptor-like kinase 3 OS=Arabidopsis thaliana OX=3702 GN=LYK3 PE=2 SV=1	True
F4IBH5	0.06	0.699053395	0.743624451	LETM2	MEM	Leucine zipper-EF-hand-containing transmembrane protein 1 OS=Arabidopsis thaliana OX=3702 GN=LETM2 PE=1 SV=1	False
F4IBL0	-0.27	0.009393853	0.029288151	At1g65820	MEM	Microsomal glutathione s-transferase OS=Arabidopsis thaliana OX=3702 GN=At1g65820 PE=1 SV=1	True
F4IBS8	-0.97	0.000332828	0.006161297	At1g78620	MEM	Uncharacterized protein OS=Arabidopsis thaliana OX=3702 GN=At1g78620 PE=1 SV=1	True
F4IBT7	-0.24	0.330994844	0.435986471	GGH2	SOL	Folate gamma-glutamyl hydrolase OS=Arabidopsis thaliana OX=3702 GN=GGH2 PE=1 SV=1	False
F4IBX4	-1.64	0.000505337	0.007350779	At1g78915	MEM	Tetratricopeptide repeat (TPR)-like superfamily protein OS=Arabidopsis thaliana OX=3702 GN=At1g78915 PE=1 SV=1	True
F4IC59	0.31	0.046292725	0.128694813	At1g12230	SOL	Transaldolase OS=Arabidopsis thaliana OX=3702 GN=At1g12230 PE=1 SV=1	False
F4ICC6	-1.08	0.005919831	0.022779705	PnsB4	MEM	NDH dependent flow 6 OS=Arabidopsis thaliana OX=3702 GN=PnsB4 PE=1 SV=1	True
F4ICJ5	-0.52	0.014014959	0.036410684	At1g25570	MEM	Di-glucose binding protein with Leucine-rich repeat domain-containing protein OS=Arabidopsis thaliana OX=3702 GN=At1g25570 PE=1 SV=1	True
F4ICK8	-0.3	0.129217443	0.232610179	IWS1	SOL	Protein IWS1 homolog 1 OS=Arabidopsis thaliana OX=3702 GN=IWS1 PE=1 SV=1	False
F4ICX9	-1.48	4.89868e-05	0.003642269	TSA1	MEM	TSK-associating protein 1 OS=Arabidopsis thaliana OX=3702 GN=TSA1 PE=1 SV=1	True
F4IDB3	-0.26	0.050397613	0.086000467	At1g72410	MEM	COP1-interacting protein-like protein OS=Arabidopsis thaliana OX=3702 GN=At1g72410 PE=1 SV=2	False
F4IDE8	-0.14	0.094501481	0.191235856	At1g72640	SOL	NAD(P)-binding Rossmann-fold superfamily protein OS=Arabidopsis thaliana OX=3702 GN=At1g72640 PE=1 SV=1	False
F4IDJ0	-1.03	0.000724231	0.008402232	YUP8H12R.24	MEM	Binding protein OS=Arabidopsis thaliana OX=3702 GN=YUP8H12R.24 PE=1 SV=1	True
F4IDS7	-0.08	0.447929101	0.508709722	VPS18	MEM	Vacuolar sorting protein 18 OS=Arabidopsis thaliana OX=3702 GN=VPS18 PE=1 SV=1	False
F4IE14	0.18	0.619262169	0.695126461	At1g19140	SOL	Ubiquinone biosynthesis protein OS=Arabidopsis thaliana OX=3702 GN=At1g19140 PE=1 SV=1	False
F4IEC7	-0.18	0.233046123	0.341212205	CID11	SOL	CTC-interacting domain 11 OS=Arabidopsis thaliana OX=3702 GN=CID11 PE=1 SV=1	False
F4IEK8	-0.42	0.02632652	0.054415559	At1g52780	MEM	PII, uridylyltransferase (DUF2921) OS=Arabidopsis thaliana OX=3702 GN=At1g52780 PE=1 SV=1	False
F4IF15	0.22	0.140791331	0.19464056	HTH	MEM	Glucose-methanol-choline (GMC) oxidoreductase family protein OS=Arabidopsis thaliana OX=3702 GN=HTH PE=1 SV=1	False
F4IFA9	0.61	0.01298458	0.070212017	At2g04690	SOL	Pyridoxamine 5'-phosphate oxidase family protein OS=Arabidopsis thaliana OX=3702 GN=At2g04690 PE=1 SV=1	False
F4IFC5	-0.82	0.000158445	0.00454454	EMB2761	MEM	Threonine--tRNA ligase, chloroplastic/mitochondrial 2 OS=Arabidopsis thaliana OX=3702 GN=EMB2761 PE=2 SV=1	True
F4IFF0	-0.25	0.182299231	0.240094494	At2g14045	MEM	c-Myc-binding protein OS=Arabidopsis thaliana OX=3702 GN=At2g14045 PE=1 SV=1	False
F4IFG2	-0.02	0.401920132	0.465194144	DRP3B	MEM	Dynamin related protein OS=Arabidopsis thaliana OX=3702 GN=DRP3B PE=1 SV=1	False
F4IFM6	-0.05	0.388203795	0.491103575	SYTA	SOL	Synaptotagmin A OS=Arabidopsis thaliana OX=3702 GN=SYTA PE=1 SV=1	False
F4IFM7	-0.11	0.128648047	0.180347911	SYTA	MEM	Synaptotagmin A OS=Arabidopsis thaliana OX=3702 GN=SYTA PE=1 SV=1	False
F4IFQ0	-0.34	0.074467255	0.166176028	BSL3	SOL	Serine/threonine-protein phosphatase OS=Arabidopsis thaliana OX=3702 GN=BSL3 PE=1 SV=1	False
F4IFZ9	0.05	0.178804628	0.236262108	P5CS1	MEM	Delta-1-pyrroline-5-carboxylate synthase OS=Arabidopsis thaliana OX=3702 GN=P5CS1 PE=1 SV=1	False
F4IG73	-0.51	0.012705405	0.034353318	BCHC2	MEM	BEACH domain-containing protein C2 OS=Arabidopsis thaliana OX=3702 GN=BCHC2 PE=1 SV=1	True
F4IGR4	1.28	0.000141774	0.004436412	At2g27720	MEM	60S acidic ribosomal protein family OS=Arabidopsis thaliana OX=3702 GN=At2g27720 PE=1 SV=1	True
F4IH74	-0.05	0.234006508	0.341622612	At2g45990	SOL	Ribosomal RNA small subunit methyltransferase G OS=Arabidopsis thaliana OX=3702 GN=At2g45990 PE=1 SV=1	False
F4IH88	-0.35	0.039725281	0.072699299	At2g46100	MEM	Nuclear transport factor 2 (NTF2) family protein OS=Arabidopsis thaliana OX=3702 GN=At2g46100 PE=1 SV=1	False
F4IHJ8	0.64	0.001072401	0.028258912	At2g21580	SOL	40S ribosomal protein S25 OS=Arabidopsis thaliana OX=3702 GN=At2g21580 PE=1 SV=1	True
F4IHU8	-0.84	0.001202647	0.010216866	At2g34357	MEM	ARM repeat superfamily protein OS=Arabidopsis thaliana OX=3702 GN=At2g34357 PE=1 SV=1	True
F4IHW4	-0.62	0.000419112	0.006831782	UREG	MEM	Urease accessory protein G OS=Arabidopsis thaliana OX=3702 GN=UREG PE=1 SV=1	True
F4IHY7	1.16	0.004430565	0.019257829	PTAC12	MEM	Protein PLASTID TRANSCRIPTIONALLY ACTIVE 12, chloroplastic OS=Arabidopsis thaliana OX=3702 GN=PTAC12 PE=1 SV=1	True
F4II29	-0.53	0.012413883	0.068585548	CTEXP	SOL	Kinase family with ARM repeat domain-containing protein OS=Arabidopsis thaliana OX=3702 GN=CTEXP PE=1 SV=1	False
F4IIM1	-0.43	0.027802511	0.09918409	CSI1	SOL	Protein CELLULOSE SYNTHASE INTERACTIVE 1 OS=Arabidopsis thaliana OX=3702 GN=CSI1 PE=1 SV=1	False
F4IIN7	0.27	0.307606483	0.371148668	At2g28360	MEM	SIT4 phosphatase-associated family protein OS=Arabidopsis thaliana OX=3702 GN=At2g28360 PE=1 SV=1	False
F4IIQ3	0.42	0.146877168	0.250734952	BGAL8	SOL	Beta-galactosidase OS=Arabidopsis thaliana OX=3702 GN=BGAL8 PE=1 SV=1	False
F4IIU4	-0.97	0.01900678	0.083349324	AIR9	SOL	187-kDa microtubule-associated protein AIR9 OS=Arabidopsis thaliana OX=3702 GN=AIR9 PE=1 SV=1	False
F4IJ44	-0.54	0.0045859	0.01957546	TCH3	MEM	Calcium-binding EF hand family protein OS=Arabidopsis thaliana OX=3702 GN=TCH3 PE=1 SV=1	True
F4IJE1	-1.02	0.000589858	0.007794269	At2g15900	MEM	Phox domain-containing protein OS=Arabidopsis thaliana OX=3702 GN=At2g15900 PE=1 SV=1	True
F4IJM1	-1.09	0.009584871	0.029532563	ALB3	MEM	63 kDa inner membrane family protein OS=Arabidopsis thaliana OX=3702 GN=ALB3 PE=1 SV=1	True
F4IJW3	-0.08	0.278778	0.341869089	At2g35390	MEM	Ribose-phosphate pyrophosphokinase OS=Arabidopsis thaliana OX=3702 GN=At2g35390 PE=1 SV=1	False
F4IKK4	0.34	0.053578119	0.138172273	SNG1	SOL	Sinapoylglucose 1 OS=Arabidopsis thaliana OX=3702 GN=SNG1 PE=1 SV=1	False
F4IKM1	0.54	0.008818386	0.028405289	At2g29340	MEM	Tropinone reductase homolog At2g29340 OS=Arabidopsis thaliana OX=3702 GN=At2g29340 PE=2 SV=1	True
F4IL68	-0.38	0.003026748	0.040259894	At2g07360	SOL	SH3 domain-containing protein OS=Arabidopsis thaliana OX=3702 GN=At2g07360 PE=1 SV=1	True
F4ILE0	-0.47	0.049438795	0.13364121	At2g16940	SOL	Splicing factor, CC1-like protein OS=Arabidopsis thaliana OX=3702 GN=At2g16940 PE=1 SV=1	False
F4ILE5	-0.57	0.002485175	0.038076975	SCPL9	SOL	Serine carboxypeptidase-like 9 OS=Arabidopsis thaliana OX=3702 GN=SCPL9 PE=1 SV=1	True
F4ILG6	-0.29	0.049492911	0.084890665	PUB4	MEM	RING-type E3 ubiquitin transferase OS=Arabidopsis thaliana OX=3702 GN=PUB4 PE=1 SV=1	False
F4IM05	-0.6	0.004703302	0.019840118	At2g42130	MEM	Plastid-lipid associated protein PAP / fibrillin family protein OS=Arabidopsis thaliana OX=3702 GN=At2g42130 PE=1 SV=1	True
F4IMR0	0.55	0.012777957	0.034498999	EMB3147	MEM	EMBRYO DEFECTIVE 3147 OS=Arabidopsis thaliana OX=3702 GN=EMB3147 PE=1 SV=1	True
F4IN36	-0.1	0.078866911	0.171438158	PP2A-3	SOL	Serine/threonine-protein phosphatase OS=Arabidopsis thaliana OX=3702 GN=PP2A-3 PE=1 SV=1	False
F4INU4	-0.54	0.049923174	0.133830847	RPT2	SOL	Phototropic-responsive NPH3 family protein OS=Arabidopsis thaliana OX=3702 GN=RPT2 PE=1 SV=1	False
F4IP13	-0.13	0.285614629	0.348917675	SGR6	MEM	Protein SHOOT GRAVITROPISM 6 OS=Arabidopsis thaliana OX=3702 GN=SGR6 PE=2 SV=1	False
F4IP22	0.18	0.055723685	0.141293504	XTH32	SOL	Xyloglucan endotransglucosylase/hydrolase 32 OS=Arabidopsis thaliana OX=3702 GN=XTH32 PE=1 SV=1	False
F4IP53	0.48	0.000964139	0.009575023	GRF9	MEM	General regulatory factor 9 OS=Arabidopsis thaliana OX=3702 GN=GRF9 PE=1 SV=1	True
F4IPA6	-0.43	0.022028777	0.047807899	At2g01690	MEM	ARM repeat superfamily protein OS=Arabidopsis thaliana OX=3702 GN=At2g01690 PE=1 SV=1	True
F4IPJ1	-1.35	0.00059214	0.007794269	At2g17930	MEM	Phosphatidylinositol 3-and 4-kinase family protein with FAT domain-containing protein OS=Arabidopsis thaliana OX=3702 GN=At2g17930 PE=1 SV=1	True
F4IPW5	-0.97	0.005078989	0.020810867	EMB2785	MEM	Elongation factor family protein OS=Arabidopsis thaliana OX=3702 GN=EMB2785 PE=1 SV=1	True
F4IPY2	-0.43	0.002056821	0.012978312	SYCO	MEM	Cysteine--tRNA ligase, chloroplastic/mitochondrial OS=Arabidopsis thaliana OX=3702 GN=SYCO PE=2 SV=1	True
F4IQ05	0.58	0.011860594	0.033198946	At2g37130	MEM	Peroxidase OS=Arabidopsis thaliana OX=3702 GN=At2g37130 PE=1 SV=1	True
F4IR82	-0.03	0.622731158	0.69765042	At2g02570	SOL	Nucleic acid binding/RNA binding protein OS=Arabidopsis thaliana OX=3702 GN=At2g02570 PE=1 SV=1	False
F4IRM4	-0.14	0.016051671	0.039327228	PHOX1	MEM	Protein PHOX1 OS=Arabidopsis thaliana OX=3702 GN=PHOX1 PE=1 SV=1	True
F4IRR2	-0.25	0.049148943	0.084468449	SAD2	MEM	Importin beta-like SAD2 OS=Arabidopsis thaliana OX=3702 GN=SAD2 PE=1 SV=1	False
F4IRX7	0.63	0.007801644	0.026591224	SOUL-1	MEM	SOUL heme-binding family protein OS=Arabidopsis thaliana OX=3702 GN=SOUL-1 PE=1 SV=2	True
F4IS20	-0.4	0.167639488	0.223383103	At2g43640	MEM	Signal recognition particle, SRP9/SRP14 subunit OS=Arabidopsis thaliana OX=3702 GN=At2g43640 PE=1 SV=1	False
F4ISU2	-0.13	0.081098124	0.124343321	At2g32240	MEM	Early endosome antigen OS=Arabidopsis thaliana OX=3702 GN=At2g32240 PE=1 SV=1	False
F4ISY3	-0.03	0.821904633	0.863505348	AGT3	SOL	Alanine:glyoxylate aminotransferase 3 OS=Arabidopsis thaliana OX=3702 GN=AGT3 PE=1 SV=1	False
F4IT21	0.29	0.225127042	0.285750817	At2g43945	MEM	Uncharacterized protein OS=Arabidopsis thaliana OX=3702 GN=At2g43945 PE=1 SV=1	False
F4ITB8	-0.47	0.11777423	0.168099023	At2g03810	MEM	18S pre-ribosomal assembly protein gar2-like protein OS=Arabidopsis thaliana OX=3702 GN=At2g03810 PE=1 SV=1	False
F4IU09	-0.44	0.046771501	0.081532087	ERO2	MEM	Endoplasmic reticulum oxidoreductins 2 OS=Arabidopsis thaliana OX=3702 GN=ERO2 PE=1 SV=1	False
F4IUD7	0.06	0.752412492	0.790075626	At2g20050	MEM	Protein-serine/threonine phosphatase OS=Arabidopsis thaliana OX=3702 GN=At2g20050 PE=1 SV=1	False
F4IUJ0	2.04	0.006562171	0.02429572	At2g26340	MEM	Uncharacterized protein OS=Arabidopsis thaliana OX=3702 GN=At2g26340 PE=1 SV=1	True
F4IUX6	-0.03	0.55579616	0.611099588	UPF2	MEM	Regulator of nonsense transcripts UPF2 OS=Arabidopsis thaliana OX=3702 GN=UPF2 PE=2 SV=1	False
F4IV16	-0.08	0.128143963	0.231294094	TPK2	SOL	Thiamine pyrophosphokinase 2 OS=Arabidopsis thaliana OX=3702 GN=TPK2 PE=2 SV=1	False
F4IV18	-0.05	0.55252986	0.637257394	At2g44760	SOL	Dihydroorotate dehydrogenase (DUF3598) OS=Arabidopsis thaliana OX=3702 GN=At2g44760 PE=1 SV=1	False
F4IVL6	0.13	0.350043311	0.412706482	GRV2	MEM	DnaJ homolog subfamily C GRV2 OS=Arabidopsis thaliana OX=3702 GN=GRV2 PE=1 SV=1	False
F4IVN6	-0.14	0.404006821	0.466795398	CAM5	MEM	Calmodulin 5 OS=Arabidopsis thaliana OX=3702 GN=CAM5 PE=4 SV=1	False
F4IVP3	0.75	0.013967275	0.036337595	At2g27060	MEM	Leucine-rich repeat protein kinase family protein OS=Arabidopsis thaliana OX=3702 GN=At2g27060 PE=1 SV=1	True
F4IVR2	0.48	0.019104351	0.043695971	HSP60-2	MEM	Heat shock protein 60-2 OS=Arabidopsis thaliana OX=3702 GN=HSP60-2 PE=1 SV=1	True
F4IVY6	-0.46	0.011809959	0.033097089	At2g39670	MEM	Radical SAM superfamily protein OS=Arabidopsis thaliana OX=3702 GN=At2g39670 PE=1 SV=1	True
F4IW05	0.74	0.010480085	0.030945742	RNS2	MEM	Ribonuclease T(2) OS=Arabidopsis thaliana OX=3702 GN=RNS2 PE=1 SV=1	True
F4IW10	-0.39	0.039045185	0.117903776	MEFG2	SOL	Elongation factor G-2, mitochondrial OS=Arabidopsis thaliana OX=3702 GN=MEFG2 PE=1 SV=1	False
F4IW47	-0.81	0.008078494	0.027056078	TKL-2	MEM	Transketolase-2, chloroplastic OS=Arabidopsis thaliana OX=3702 GN=TKL-2 PE=1 SV=1	True
F4IWG2	-0.87	0.020021524	0.045138288	At3g27325	MEM	Hydrolases, acting on ester bond OS=Arabidopsis thaliana OX=3702 GN=At3g27325 PE=1 SV=1	True
F4IWK4	-0.5	0.08304501	0.126805337	At3g27570	MEM	Sucrase/ferredoxin-like family protein OS=Arabidopsis thaliana OX=3702 GN=At3g27570 PE=1 SV=1	False
F4IWV2	0.47	0.034779354	0.065946651	At3g55410	MEM	Oxoglutarate dehydrogenase (succinyl-transferring) OS=Arabidopsis thaliana OX=3702 GN=At3g55410 PE=1 SV=1	False
F4IX01	-0.26	0.145355879	0.199969235	At3g61870	MEM	Plant/protein OS=Arabidopsis thaliana OX=3702 GN=At3g61870 PE=1 SV=1	False
F4IX23	-0.48	0.024803174	0.052171999	At3g62010	MEM	Metal ion-binding protein OS=Arabidopsis thaliana OX=3702 GN=At3g62010 PE=1 SV=1	False
F4IXW2	-0.81	0.015181446	0.075409978	BIG5	SOL	Brefeldin A-inhibited guanine nucleotide-exchange protein 5 OS=Arabidopsis thaliana OX=3702 GN=BIG5 PE=1 SV=2	False
F4IY75	0.77	0.004652051	0.019758458	At3g56130	MEM	Biotin/lipoyl attachment domain-containing protein OS=Arabidopsis thaliana OX=3702 GN=At3g56130 PE=1 SV=1	True
F4IYF8	-0.18	0.001735009	0.034565294	At3g02760	SOL	Histidine--tRNA ligase, cytoplasmic OS=Arabidopsis thaliana OX=3702 GN=At3g02760 PE=2 SV=1	True
F4IYH1	0.48	0.27131932	0.380338402	VTC4	SOL	Inositol-1-monophosphatase OS=Arabidopsis thaliana OX=3702 GN=VTC4 PE=1 SV=1	False
F4IYH7	-0.22	0.102616895	0.150128905	At3g02900	MEM	Low-density receptor-like protein OS=Arabidopsis thaliana OX=3702 GN=At3g02900 PE=1 SV=2	False
F4IYK3	0.23	0.211416282	0.270879845	At3g08943	MEM	ARM repeat superfamily protein OS=Arabidopsis thaliana OX=3702 GN=At3g08943 PE=1 SV=2	False
F4IYK6	-0.23	0.080326977	0.123446105	At3g08960	MEM	ARM repeat superfamily protein OS=Arabidopsis thaliana OX=3702 GN=At3g08960 PE=1 SV=1	False
F4IYM4	-1.04	0.000839311	0.009056313	DEX1	MEM	Protein DEFECTIVE IN EXINE FORMATION 1 OS=Arabidopsis thaliana OX=3702 GN=DEX1 PE=2 SV=1	True
F4IYR7	-0.07	0.116443793	0.217738759	At3g15410	SOL	Leucine-rich repeat (LRR) family protein OS=Arabidopsis thaliana OX=3702 GN=At3g15410 PE=1 SV=1	False
F4IZ56	-0.21	0.007276792	0.025651149	At3g43540	MEM	Initiation factor 4F subunit (DUF1350) OS=Arabidopsis thaliana OX=3702 GN=At3g43540 PE=1 SV=1	True
F4IZV9	-0.04	0.940670489	0.952722149	At3g09250	SOL	Nuclear transport factor 2 (NTF2) family protein OS=Arabidopsis thaliana OX=3702 GN=At3g09250 PE=1 SV=1	False
F4J034	0.27	0.359375269	0.463470605	PIFI	SOL	Post-illumination chlorophyll fluorescence increase OS=Arabidopsis thaliana OX=3702 GN=PIFI PE=1 SV=1	False
F4J043	-0.76	0.001634841	0.011652954	WSIP2	MEM	WUS-interacting protein 2 OS=Arabidopsis thaliana OX=3702 GN=WSIP2 PE=1 SV=1	True
F4J0J9	0.01	0.760762447	0.811778539	At3g50210	SOL	2-oxoglutarate (2OG) and Fe(II)-dependent oxygenase superfamily protein OS=Arabidopsis thaliana OX=3702 GN=At3g50210 PE=1 SV=1	False
F4J0P2	-0.86	0.05533493	0.140964643	At3g50590	SOL	Transducin/WD40 repeat-like superfamily protein OS=Arabidopsis thaliana OX=3702 GN=At3g50590 PE=1 SV=1	False
F4J0U9	-0.44	0.008345794	0.027625744	CRD1	MEM	Magnesium-protoporphyrin IX monomethyl ester (oxidative) cyclase OS=Arabidopsis thaliana OX=3702 GN=CRD1 PE=1 SV=1	True
F4J110	-0.3	0.003989477	0.043420619	SEC31B	SOL	Transducin family protein / WD-40 repeat family protein OS=Arabidopsis thaliana OX=3702 GN=SEC31B PE=1 SV=1	True
F4J117	-0.16	0.000376632	0.006511285	LSF1	MEM	Phosphoglucan phosphatase LSF1, chloroplastic OS=Arabidopsis thaliana OX=3702 GN=LSF1 PE=1 SV=1	True
F4J152	-0.96	0.016490696	0.039992377	At3g03560	MEM	Uncharacterized protein OS=Arabidopsis thaliana OX=3702 GN=At3g03560 PE=1 SV=1	True
F4J153	-0.66	0.004006109	0.043458974	At3g03570	SOL	Signal transducer, putative (DUF3550/UPF0682) OS=Arabidopsis thaliana OX=3702 GN=At3g03570 PE=1 SV=1	True
F4J1U2	-0.15	0.034667698	0.111329154	At3g29185	SOL	Glutamate NMDA receptor subunit epsilon-1, putative (DUF3598) OS=Arabidopsis thaliana OX=3702 GN=At3g29185 PE=1 SV=1	False
F4J1V2	-0.3	0.091905558	0.187708423	J3	SOL	DNAJ homologue 3 OS=Arabidopsis thaliana OX=3702 GN=J3 PE=1 SV=1	False
F4J1Y2	-0.69	0.001060059	0.028133198	CEF	SOL	Uncharacterized protein OS=Arabidopsis thaliana OX=3702 GN=CEF PE=1 SV=1	True
F4J2K2	-0.13	0.008795635	0.058177523	FPGS2	SOL	Folylpolyglutamate synthase OS=Arabidopsis thaliana OX=3702 GN=FPGS2 PE=1 SV=1	False
F4J2T9	-0.02	0.324417221	0.429722704	At3g22980	SOL	Ribosomal protein S5/Elongation factor G/III/V family protein OS=Arabidopsis thaliana OX=3702 GN=At3g22980 PE=1 SV=1	False
F4J2Z7	1.05	0.001270948	0.010324233	SDR4	MEM	Short-chain dehydrogenase reductase 4 OS=Arabidopsis thaliana OX=3702 GN=SDR4 PE=2 SV=1	True
F4J355	-0.32	0.079172198	0.171624446	At3g44620	SOL	Acid phosphatase OS=Arabidopsis thaliana OX=3702 GN=At3g44620 PE=1 SV=1	False
F4J381	-0.42	0.020055391	0.045170807	At3g51050	MEM	FG-GAP repeat-containing protein OS=Arabidopsis thaliana OX=3702 GN=At3g51050 PE=1 SV=1	True
F4J3E6	-0.22	0.123734639	0.225712863	SIP2	SOL	Galactinol--sucrose galactosyltransferase OS=Arabidopsis thaliana OX=3702 GN=SIP2 PE=1 SV=1	False
F4J3M2	-0.45	0.000733918	0.025005634	PTAC3	SOL	Plastid transcriptionally active 3 OS=Arabidopsis thaliana OX=3702 GN=PTAC3 PE=1 SV=1	True
F4J3N2	-0.57	0.030931232	0.060350541	FTSHI5	MEM	Probable inactive ATP-dependent zinc metalloprotease FTSHI 5, chloroplastic OS=Arabidopsis thaliana OX=3702 GN=FTSHI5 PE=2 SV=1	False
F4J3Q1	-0.65	0.003611431	0.016955638	At3g04480	MEM	Diphthamide synthase OS=Arabidopsis thaliana OX=3702 GN=At3g04480 PE=1 SV=1	True
F4J447	0.55	0.002709625	0.014785848	At3g23600	MEM	Alpha/beta-Hydrolases superfamily protein OS=Arabidopsis thaliana OX=3702 GN=At3g23600 PE=1 SV=1	True
F4J464	-2.5	0.0005717	0.007733351	KINESIN-12B	MEM	Kinesin-like protein OS=Arabidopsis thaliana OX=3702 GN=KINESIN-12B PE=1 SV=1	True
F4J4T3	0.07	0.011253161	0.032117821	At3g04600	MEM	Tryptophanyl-tRNA synthetase OS=Arabidopsis thaliana OX=3702 GN=At3g04600 PE=1 SV=1	True
F4J4V4	0.01	0.505923049	0.598347329	TPR10	SOL	Ankyrin repeat family protein OS=Arabidopsis thaliana OX=3702 GN=TPR10 PE=1 SV=1	False
F4J504	-0.2	0.078096159	0.170535574	MSD1	SOL	Superoxide dismutase OS=Arabidopsis thaliana OX=3702 GN=MSD1 PE=1 SV=1	False
F4J573	1.98	0.000181477	0.004850727	At3g17520	MEM	Late embryogenesis abundant protein (LEA) family protein OS=Arabidopsis thaliana OX=3702 GN=At3g17520 PE=1 SV=1	True
F4J5A7	-1.7	0.003522718	0.01671027	At3g23900	MEM	RNA recognition motif (RRM)-containing protein OS=Arabidopsis thaliana OX=3702 GN=At3g23900 PE=1 SV=1	True
F4J5I0	-0.27	0.03143974	0.061072221	At3g45190	MEM	SIT4 phosphatase-associated family protein OS=Arabidopsis thaliana OX=3702 GN=At3g45190 PE=1 SV=1	False
F4J5M5	0.65	0.059641007	0.097767486	HMGB1	MEM	High mobility group B1 OS=Arabidopsis thaliana OX=3702 GN=HMGB1 PE=1 SV=1	False
F4J5M9	0.15	0.47200037	0.532188721	At3g51890	MEM	Clathrin light chain 3 OS=Arabidopsis thaliana OX=3702 GN=At3g51890 PE=1 SV=1	False
F4J5R9	-0.32	0.000433221	0.023403654	NOXY38	SOL	Clustered mitochondria protein homolog OS=Arabidopsis thaliana OX=3702 GN=NOXY38 PE=1 SV=1	True
F4J5T2	-0.1	0.093770023	0.190227967	LTA3	SOL	Dihydrolipoamide acetyltransferase component of pyruvate dehydrogenase complex OS=Arabidopsis thaliana OX=3702 GN=LTA3 PE=1 SV=1	False
F4J5Y7	-0.67	0.003078898	0.01578482	At3g58690	MEM	Protein kinase superfamily protein OS=Arabidopsis thaliana OX=3702 GN=At3g58690 PE=1 SV=1	True
F4J6A1	0.74	0.010458398	0.03094234	EIF3G1	MEM	Eukaryotic translation initiation factor 3 subunit G OS=Arabidopsis thaliana OX=3702 GN=EIF3G1 PE=1 SV=1	True
F4J6A8	-0.35	0.006515014	0.050732954	At3g11450	SOL	DnaJ and Myb-like DNA-binding domain-containing protein OS=Arabidopsis thaliana OX=3702 GN=At3g11450 PE=1 SV=1	False
F4J6F6	-0.18	0.088010103	0.132572462	IREH1	MEM	Probable serine/threonine protein kinase IREH1 OS=Arabidopsis thaliana OX=3702 GN=IREH1 PE=1 SV=1	False
F4J6Z1	-0.32	0.007964881	0.026855264	UEV1D-4	MEM	Ubiquitin E2 variant 1D-4 OS=Arabidopsis thaliana OX=3702 GN=UEV1D-4 PE=1 SV=1	True
F4J738	-0.37	0.02719411	0.055602414	At3g59020	MEM	Importin beta-like SAD2 homolog OS=Arabidopsis thaliana OX=3702 GN=At3g59020 PE=1 SV=1	False
F4J741	0.11	0.158390296	0.213693528	At3g59040	MEM	Tetratricopeptide repeat (TPR)-like superfamily protein OS=Arabidopsis thaliana OX=3702 GN=At3g59040 PE=1 SV=1	False
F4J7C4	-0.19	0.031968237	0.107248746	CPA	SOL	Subunits of heterodimeric actin filament capping protein Capz superfamily OS=Arabidopsis thaliana OX=3702 GN=CPA PE=1 SV=1	False
F4J7I2	-0.34	0.013416508	0.071542367	UBP13	SOL	Ubiquitinyl hydrolase 1 OS=Arabidopsis thaliana OX=3702 GN=UBP13 PE=1 SV=1	False
F4J7Z8	-0.03	0.283490497	0.346778621	At3g46220	MEM	E3 UFM1-protein ligase-like protein OS=Arabidopsis thaliana OX=3702 GN=At3g46220 PE=1 SV=1	False
F4J8D3	-0.26	0.020585293	0.046085071	TPLATE	MEM	Protein TPLATE OS=Arabidopsis thaliana OX=3702 GN=TPLATE PE=1 SV=1	True
F4J8G7	-1.06	0.002009396	0.012844471	VIR	MEM	Protein virilizer homolog OS=Arabidopsis thaliana OX=3702 GN=VIR PE=1 SV=1	True
F4J8J7	0.32	0.002869951	0.015110739	At3g11930	MEM	Adenine nucleotide alpha hydrolases-like superfamily protein OS=Arabidopsis thaliana OX=3702 GN=At3g11930 PE=1 SV=1	True
F4J8K6	-0.62	0.007712329	0.026456505	RRP5	MEM	rRNA biogenesis protein RRP5 OS=Arabidopsis thaliana OX=3702 GN=RRP5 PE=2 SV=2	True
F4J8L3	0.61	0.016303893	0.039723503	KIN7K	MEM	Kinesin-like protein KIN-7K, chloroplastic OS=Arabidopsis thaliana OX=3702 GN=KIN7K PE=2 SV=1	True
F4J8M2	-0.19	0.089496495	0.184377171	emb2738	SOL	GTP-binding protein EngA OS=Arabidopsis thaliana OX=3702 GN=emb2738 PE=1 SV=1	False
F4J912	0.5	0.069814583	0.160156787	ATL5	SOL	Ribosomal protein L5 OS=Arabidopsis thaliana OX=3702 GN=ATL5 PE=1 SV=1	False
F4J9A0	-0.02	0.685838345	0.731576646	NodGS	MEM	Nodulin/glutamine synthase-like protein OS=Arabidopsis thaliana OX=3702 GN=NodGS PE=1 SV=1	False
F4J9G2	-0.34	0.125158135	0.17614638	At3g59780	MEM	Rhodanese/Cell cycle control phosphatase superfamily protein OS=Arabidopsis thaliana OX=3702 GN=At3g59780 PE=1 SV=1	False
F4J9K9	0.48	0.00257647	0.014450233	At3g05900	MEM	Neurofilament protein-like protein OS=Arabidopsis thaliana OX=3702 GN=At3g05900 PE=1 SV=1	True
F4J9U2	-0.47	0.016560532	0.040077351	At3g12590	MEM	Uncharacterized protein OS=Arabidopsis thaliana OX=3702 GN=At3g12590 PE=1 SV=1	True
F4J9W8	-0.42	0.058000302	0.095787597	At3g18860	MEM	Transducin family protein / WD-40 repeat family protein OS=Arabidopsis thaliana OX=3702 GN=At3g18860 PE=1 SV=1	False
F4J9Y8	0.05	0.693593312	0.757620447	At3g19000	SOL	2-oxoglutarate (2OG) and Fe(II)-dependent oxygenase superfamily protein OS=Arabidopsis thaliana OX=3702 GN=At3g19000 PE=1 SV=1	False
F4JA39	0.16	0.541942595	0.597990089	At3g25680	MEM	SLH domain protein OS=Arabidopsis thaliana OX=3702 GN=At3g25680 PE=1 SV=1	False
F4JAB7	0.08	0.892385483	0.917575277	At3g47040	SOL	Beta-glucosidase OS=Arabidopsis thaliana OX=3702 GN=At3g47040 PE=1 SV=1	False
F4JAE0	-0.22	0.106748112	0.206681923	At3g53390	SOL	Transducin/WD40 repeat-like superfamily protein OS=Arabidopsis thaliana OX=3702 GN=At3g53390 PE=1 SV=1	False
F4JAF3	0.44	0.155111614	0.21018551	CP29	MEM	Chloroplast RNA-binding protein 29 OS=Arabidopsis thaliana OX=3702 GN=CP29 PE=1 SV=1	False
F4JAF4	-1.65	0.000541999	0.007574129	At3g53470	MEM	2,3-bisphosphoglycerate-independent phosphoglycerate mutase OS=Arabidopsis thaliana OX=3702 GN=At3g53470 PE=1 SV=1	True
F4JAG3	-0.74	0.008003542	0.026889702	UXS1	MEM	UDP-glucuronate decarboxylase OS=Arabidopsis thaliana OX=3702 GN=UXS1 PE=1 SV=1	True
F4JAU3	-0.16	0.209966462	0.269282132	P4H2	MEM	Prolyl 4-hydroxylase 2 OS=Arabidopsis thaliana OX=3702 GN=P4H2 PE=1 SV=1	False
F4JBC5	-0.25	0.048318568	0.13166677	At3g26020	SOL	Serine/threonine protein phosphatase 2A regulatory subunit OS=Arabidopsis thaliana OX=3702 GN=At3g26020 PE=1 SV=1	False
F4JBH5	-0.01	0.833424016	0.861993253	ASN1	MEM	Asparagine synthetase [glutamine-hydrolyzing] OS=Arabidopsis thaliana OX=3702 GN=ASN1 PE=1 SV=1	False
F4JBP8	0.06	0.413552691	0.475166316	At3g53970	MEM	Proteasome inhibitor-like protein OS=Arabidopsis thaliana OX=3702 GN=At3g53970 PE=1 SV=1	False
F4JBV0	-0.17	0.051509991	0.135469488	At3g60510	SOL	ATP-dependent caseinolytic (Clp) protease/crotonase family protein OS=Arabidopsis thaliana OX=3702 GN=At3g60510 PE=1 SV=1	False
F4JBY2	0.38	0.05620457	0.093354556	AtTKL1	MEM	Transketolase OS=Arabidopsis thaliana OX=3702 GN=AtTKL1 PE=1 SV=1	False
F4JC97	-0.55	0.012182084	0.033513353	PA200	MEM	Proteasome activator subunit 4 OS=Arabidopsis thaliana OX=3702 GN=PA200 PE=2 SV=2	True
F4JCC9	-1.24	0.028733337	0.057584408	At3g19740	MEM	P-loop containing nucleoside triphosphate hydrolases superfamily protein OS=Arabidopsis thaliana OX=3702 GN=At3g19740 PE=1 SV=1	False
F4JCF9	-0.02	0.868080207	0.889096738	ATM1	MEM	Myosin 1 OS=Arabidopsis thaliana OX=3702 GN=ATM1 PE=1 SV=1	False
F4JCI4	0.36	0.002854209	0.040093817	At3g26380	SOL	Alpha-galactosidase OS=Arabidopsis thaliana OX=3702 GN=At3g26380 PE=1 SV=1	True
F4JCM5	-0.74	0.002285483	0.01361474	At3g33530	MEM	Transducin family protein / WD-40 repeat family protein OS=Arabidopsis thaliana OX=3702 GN=At3g33530 PE=1 SV=1	True
F4JCU3	-0.07	0.304081809	0.412793556	MVD2	SOL	Diphosphomevalonate decarboxylase MVD2, peroxisomal OS=Arabidopsis thaliana OX=3702 GN=MVD2 PE=1 SV=1	False
F4JCX1	-0.4	0.001330183	0.010493537	At3g54440	MEM	Lactase OS=Arabidopsis thaliana OX=3702 GN=At3g54440 PE=1 SV=1	True
F4JDC3	0.48	0.003274208	0.016245178	ECT2	MEM	Evolutionarily conserved C-terminal region 2 OS=Arabidopsis thaliana OX=3702 GN=ECT2 PE=1 SV=1	True
F4JDY4	-0.45	0.033611563	0.064072258	At3g48380	MEM	Peptidase C78, ubiquitin fold modifier-specific peptidase 1/ 2 OS=Arabidopsis thaliana OX=3702 GN=At3g48380 PE=1 SV=1	False
F4JE40	-0.15	0.039985209	0.11917522	ATVPS33	SOL	Sec1/munc18-like (SM) proteins superfamily OS=Arabidopsis thaliana OX=3702 GN=ATVPS33 PE=1 SV=1	False
F4JEJ0	0.81	0.002728691	0.014785848	ATBFRUCT1	MEM	Glycosyl hydrolases family 32 protein OS=Arabidopsis thaliana OX=3702 GN=ATBFRUCT1 PE=1 SV=1	True
F4JEJ3	-0.38	0.004308039	0.044204602	At3g13800	SOL	Metallo-hydrolase/oxidoreductase superfamily protein OS=Arabidopsis thaliana OX=3702 GN=At3g13800 PE=1 SV=1	True
F4JEL5	0.37	0.000129553	0.004436412	EIF4A1	MEM	Eukaryotic translation initiation factor 4A1 OS=Arabidopsis thaliana OX=3702 GN=EIF4A1 PE=1 SV=1	True
F4JET6	-0.81	0.000766617	0.008645835	JMJD5	MEM	2-oxoglutarate (2OG) and Fe(II)-dependent oxygenase superfamily protein OS=Arabidopsis thaliana OX=3702 GN=JMJD5 PE=1 SV=1	True
F4JF21	-0.33	0.010096107	0.062157558	PTAC10	SOL	Protein PLASTID TRANSCRIPTIONALLY ACTIVE 10 OS=Arabidopsis thaliana OX=3702 GN=PTAC10 PE=1 SV=1	False
F4JFN3	-0.69	0.000733566	0.008444154	HSP90-6	MEM	Heat shock protein 90-6, mitochondrial OS=Arabidopsis thaliana OX=3702 GN=HSP90-6 PE=1 SV=1	True
F4JFN7	-0.01	0.868606965	0.889216585	At3g07810	MEM	RNA-binding (RRM/RBD/RNP motifs) family protein OS=Arabidopsis thaliana OX=3702 GN=At3g07810 PE=1 SV=1	False
F4JFR1	-0.35	0.129747552	0.181560608	FLU	MEM	Tetratricopeptide repeat (TPR)-like superfamily protein OS=Arabidopsis thaliana OX=3702 GN=FLU PE=1 SV=1	False
F4JG03	0.91	0.001956393	0.012636501	TPR8	MEM	Tetratricopeptide repeat (TPR)-like superfamily protein OS=Arabidopsis thaliana OX=3702 GN=TPR8 PE=1 SV=1	True
F4JGD2	1.84	6.70014e-05	0.003697743	At4g04460	MEM	Saposin-like aspartyl protease family protein OS=Arabidopsis thaliana OX=3702 GN=At4g04460 PE=1 SV=1	True
F4JGL5	-0.21	0.083813115	0.127621707	NDB2	MEM	NADH:ubiquinone reductase (non-electrogenic) OS=Arabidopsis thaliana OX=3702 GN=NDB2 PE=1 SV=1	False
F4JGR5	-0.25	0.001649036	0.011709201	PFP-BETA2	MEM	Pyrophosphate--fructose 6-phosphate 1-phosphotransferase subunit beta 2 OS=Arabidopsis thaliana OX=3702 GN=PFP-BETA2 PE=3 SV=1	True
F4JGY0	0.59	0.00529066	0.046576541	MSRB5	SOL	Methionine sulfoxide reductase B5 OS=Arabidopsis thaliana OX=3702 GN=MSRB5 PE=1 SV=1	True
F4JH69	-1.02	0.0021687	0.013335332	UNH	MEM	Vacuolar protein sorting-associated protein 51 homolog OS=Arabidopsis thaliana OX=3702 GN=UNH PE=1 SV=1	True
F4JHH5	0.15	0.407293137	0.469076109	SEC15B	MEM	Exocyst complex component SEC15B OS=Arabidopsis thaliana OX=3702 GN=SEC15B PE=1 SV=1	False
F4JHJ0	0.29	0.027402583	0.098509147	At4g02450	SOL	HSP20-like chaperones superfamily protein OS=Arabidopsis thaliana OX=3702 GN=At4g02450 PE=1 SV=1	False
F4JHW1	0.27	0.04488606	0.127381523	At4g02860	SOL	Phenazine biosynthesis PhzC/PhzF protein OS=Arabidopsis thaliana OX=3702 GN=At4g02860 PE=1 SV=1	False
F4JI11	-0.17	0.309209972	0.37264794	At4g01330	MEM	Protein kinase superfamily protein OS=Arabidopsis thaliana OX=3702 GN=At4g01330 PE=1 SV=1	False
F4JI63	-0.35	0.035788379	0.067337802	At4g03200	MEM	Catalytics OS=Arabidopsis thaliana OX=3702 GN=At4g03200 PE=1 SV=1	False
F4JIE1	0.14	0.042647605	0.076260188	ATARD2	MEM	1,2-dihydroxy-3-keto-5-methylthiopentene dioxygenase OS=Arabidopsis thaliana OX=3702 GN=ATARD2 PE=1 SV=1	False
F4JIN3	-0.58	0.022840016	0.049223626	ERDJ2B	MEM	DnaJ protein ERDJ2B OS=Arabidopsis thaliana OX=3702 GN=ERDJ2B PE=1 SV=1	True
F4JIW8	-0.35	0.067588283	0.108013398	FLDH	MEM	NAD(P)-binding Rossmann-fold superfamily protein OS=Arabidopsis thaliana OX=3702 GN=FLDH PE=1 SV=1	False
F4JJL6	0.71	0.003468221	0.041930753	At4g21620	SOL	Glycine-rich protein OS=Arabidopsis thaliana OX=3702 GN=At4g21620 PE=1 SV=1	True
F4JJP1	-1.64	0.159876839	0.215105757	At4g27595	MEM	WEB family protein At4g27595, chloroplastic OS=Arabidopsis thaliana OX=3702 GN=At4g27595 PE=2 SV=1	False
F4JJT9	-0.16	0.111322789	0.160864979	At4g33760	MEM	Aspartate--tRNA ligase, chloroplastic/mitochondrial OS=Arabidopsis thaliana OX=3702 GN=At4g33760 PE=2 SV=1	False
F4JJY7	0.1	0.252214537	0.314059988	At4g34090	MEM	Cyclin delta-3 OS=Arabidopsis thaliana OX=3702 GN=At4g34090 PE=1 SV=1	False
F4JK17	0.26	0.052639229	0.088876519	At4g09520	MEM	Cofactor-independent phosphoglycerate mutase OS=Arabidopsis thaliana OX=3702 GN=At4g09520 PE=1 SV=1	False
F4JKH6	-0.57	0.000190322	0.0179829	REC2	SOL	Protein REDUCED CHLOROPLAST COVERAGE 2 OS=Arabidopsis thaliana OX=3702 GN=REC2 PE=1 SV=1	True
F4JKM2	0.41	0.008991679	0.059025767	CAD5	SOL	Cinnamyl alcohol dehydrogenase 5 OS=Arabidopsis thaliana OX=3702 GN=CAD5 PE=1 SV=1	False
F4JKW0	-0.78	0.039524359	0.072488626	At4g10000	MEM	Thioredoxin family protein OS=Arabidopsis thaliana OX=3702 GN=At4g10000 PE=1 SV=1	False
F4JKZ9	-0.21	0.0642281	0.103713594	At4g16060	MEM	Uncharacterized protein OS=Arabidopsis thaliana OX=3702 GN=At4g16060 PE=1 SV=1	False
F4JL11	0.77	4.71175e-05	0.003642269	IMPA2	MEM	Importin subunit alpha-2 OS=Arabidopsis thaliana OX=3702 GN=IMPA2 PE=1 SV=1	True
F4JL28	-0.26	0.120969522	0.222421424	EBS	SOL	Chromatin remodeling protein EBS OS=Arabidopsis thaliana OX=3702 GN=EBS PE=1 SV=1	False
F4JLJ2	0.22	0.058487857	0.096404338	At4g10060	MEM	Non-lysosomal glucosylceramidase OS=Arabidopsis thaliana OX=3702 GN=At4g10060 PE=1 SV=1	False
F4JLK2	-1.24	0.000246746	0.005376645	SPS4	MEM	Probable sucrose-phosphate synthase 4 OS=Arabidopsis thaliana OX=3702 GN=SPS4 PE=1 SV=1	True
F4JLM5	-0.28	0.00024739	0.019007358	At4g10320	SOL	Isoleucine--tRNA ligase, cytoplasmic OS=Arabidopsis thaliana OX=3702 GN=At4g10320 PE=2 SV=1	True
F4JLP5	-0.09	0.495494593	0.554173938	LPD2	MEM	Dihydrolipoyl dehydrogenase 2, chloroplastic OS=Arabidopsis thaliana OX=3702 GN=LPD2 PE=2 SV=2	False
F4JLQ2	-0.49	0.013675122	0.035990627	At4g16180	MEM	Transmembrane protein OS=Arabidopsis thaliana OX=3702 GN=At4g16180 PE=1 SV=1	True
F4JLV4	2.36	0.000799383	0.025005634	At4g22470	SOL	Protease inhibitor/seed storage/lipid transfer protein (LTP) family protein OS=Arabidopsis thaliana OX=3702 GN=At4g22470 PE=1 SV=1	True
F4JLV7	-0.57	0.590702651	0.671282559	At4g22505	SOL	Bifunctional inhibitor/lipid-transfer protein/seed storage 2S albumin superfamily protein OS=Arabidopsis thaliana OX=3702 GN=At4g22505 PE=1 SV=1	False
F4JLY4	-0.96	0.000330991	0.006157004	CYP706A1	MEM	Cytochrome P450, family 706, subfamily A, polypeptide 1 OS=Arabidopsis thaliana OX=3702 GN=CYP706A1 PE=1 SV=1	True
F4JM19	-0.68	0.006760871	0.024696844	XI-H	MEM	Myosin-14 OS=Arabidopsis thaliana OX=3702 GN=XI-H PE=3 SV=1	True
F4JM22	-1.19	0.000621062	0.007895383	At4g28740	MEM	LOW PSII ACCUMULATION-like protein OS=Arabidopsis thaliana OX=3702 GN=At4g28740 PE=1 SV=1	True
F4JM86	0.31	0.200692651	0.259321024	CAT2	MEM	Catalase OS=Arabidopsis thaliana OX=3702 GN=CAT2 PE=1 SV=1	False
F4JML5	0.49	0.020359522	0.085379013	At4g16800	SOL	Probable enoyl-CoA hydratase 2, mitochondrial OS=Arabidopsis thaliana OX=3702 GN=At4g16800 PE=2 SV=1	False
F4JN13	0.31	0.023571091	0.050274534	AKR2	MEM	Ankyrin repeat-containing protein 2 OS=Arabidopsis thaliana OX=3702 GN=AKR2 PE=1 SV=1	False
F4JN38	0.28	0.136220565	0.189052823	CST	MEM	Protein kinase superfamily protein OS=Arabidopsis thaliana OX=3702 GN=CST PE=1 SV=1	False
F4JNE1	-0.58	0.032080603	0.107323574	At4g17100	SOL	Poly(U)-specific endoribonuclease-B protein OS=Arabidopsis thaliana OX=3702 GN=At4g17100 PE=1 SV=2	False
F4JNE2	-0.45	0.018552589	0.042887864	At4g17140	MEM	Pleckstrin homology (PH) domain-containing protein OS=Arabidopsis thaliana OX=3702 GN=At4g17140 PE=1 SV=1	True
F4JPJ7	-0.54	0.09312171	0.189403597	HA2	SOL	Plasma membrane ATPase OS=Arabidopsis thaliana OX=3702 GN=HA2 PE=1 SV=1	False
F4JPR7	-0.45	0.006153448	0.023349936	PUX8	MEM	Plant UBX domain-containing protein 8 OS=Arabidopsis thaliana OX=3702 GN=PUX8 PE=1 SV=1	True
F4JPZ7	-0.25	0.040420169	0.073450259	At4g17830	MEM	Peptidase M20/M25/M40 family protein OS=Arabidopsis thaliana OX=3702 GN=At4g17830 PE=1 SV=1	False
F4JQ90	-0.28	0.074786393	0.166588035	At4g30310	SOL	FGGY family of carbohydrate kinase OS=Arabidopsis thaliana OX=3702 GN=At4g30310 PE=1 SV=1	False
F4JQ95	-0.02	0.866049649	0.887482067	DGK7	MEM	Diacylglycerol kinase 7 OS=Arabidopsis thaliana OX=3702 GN=DGK7 PE=1 SV=1	False
F4JQE2	0.53	0.002362708	0.013870358	PDE327	MEM	FAD/NAD(P)-binding oxidoreductase family protein OS=Arabidopsis thaliana OX=3702 GN=PDE327 PE=1 SV=1	True
F4JQG6	1.7	0.000108096	0.004282644	At4g36700	MEM	Vicilin-like seed storage protein At4g36700 OS=Arabidopsis thaliana OX=3702 GN=At4g36700 PE=3 SV=1	True
F4JQH3	0.27	0.023227211	0.090876528	APP1	SOL	Aminopeptidase P1 OS=Arabidopsis thaliana OX=3702 GN=APP1 PE=1 SV=1	False
F4JQJ7	0.86	0.006404199	0.023898277	At4g36945	MEM	PLC-like phosphodiesterases superfamily protein OS=Arabidopsis thaliana OX=3702 GN=At4g36945 PE=1 SV=1	True
F4JQZ0	-0.46	0.002331832	0.013773985	adaptor	MEM	Clathrin adaptor complexes medium subunit family protein OS=Arabidopsis thaliana OX=3702 GN=adaptor protein-4 mu-adaptin PE=1 SV=1	True
F4JR68	-0.33	0.023371538	0.049986583	At4g31080	MEM	Integral membrane metal-binding family protein (DUF2296) OS=Arabidopsis thaliana OX=3702 GN=At4g31080 PE=1 SV=1	True
F4JRE0	-0.87	0.012107873	0.033441042	TMN12	MEM	Transmembrane 9 superfamily member 12 OS=Arabidopsis thaliana OX=3702 GN=TMN12 PE=2 SV=1	True
F4JRE7	-0.53	0.015301481	0.075510469	NUDT7	SOL	MutT/nudix family protein OS=Arabidopsis thaliana OX=3702 GN=NUDT7 PE=1 SV=1	False
F4JRN8	0.27	0.044700152	0.127094488	At4g18810	SOL	NAD(P)-binding Rossmann-fold superfamily protein OS=Arabidopsis thaliana OX=3702 GN=At4g18810 PE=1 SV=1	False
F4JRW3	0.03	0.802049425	0.834465439	At4g31170	MEM	Protein kinase superfamily protein OS=Arabidopsis thaliana OX=3702 GN=At4g31170 PE=1 SV=1	False
F4JRY2	0.03	0.871727603	0.901699306	PBA1	SOL	Proteasome subunit beta OS=Arabidopsis thaliana OX=3702 GN=PBA1 PE=1 SV=1	False
F4JRY9	-0.41	0.011881952	0.033238705	At4g31340	MEM	Myosin heavy chain-like protein OS=Arabidopsis thaliana OX=3702 GN=At4g31340 PE=1 SV=1	True
F4JSG6	-0.21	0.148751318	0.25317706	At4g19150	SOL	Ankyrin repeat family protein OS=Arabidopsis thaliana OX=3702 GN=At4g19150 PE=1 SV=1	False
F4JSM3	-0.58	0.014841397	0.037458204	ABCB28	MEM	Non-intrinsic ABC protein 8 OS=Arabidopsis thaliana OX=3702 GN=ABCB28 PE=1 SV=1	True
F4JSY9	-0.33	0.040629777	0.073719632	pde191	MEM	Mitochondrial transcription termination factor family protein OS=Arabidopsis thaliana OX=3702 GN=pde191 PE=1 SV=1	False
F4JT38	1.04	0.000577644	0.007759098	At4g13590	MEM	GDT1 family protein OS=Arabidopsis thaliana OX=3702 GN=At4g13590 PE=1 SV=1	True
F4JTE7	1.97	0.00791071	0.02678114	GPP1	MEM	(DL)-glycerol-3-phosphatase 1, mitochondrial OS=Arabidopsis thaliana OX=3702 GN=GPP1 PE=1 SV=1	True
F4JTF2	-0.28	0.043216827	0.124619419	At4g31880	SOL	Transcriptional regulator OS=Arabidopsis thaliana OX=3702 GN=At4g31880 PE=1 SV=1	False
F4JTI1	0.2	0.125033624	0.176024461	PHOX4	MEM	Protein PHOX4 OS=Arabidopsis thaliana OX=3702 GN=PHOX4 PE=2 SV=1	False
F4JTK8	-0.33	0.009278534	0.029118175	AQI	MEM	N-acyl-L-amino-acid amidohydrolase OS=Arabidopsis thaliana OX=3702 GN=AQI PE=1 SV=1	True
F4JTN1	0.15	0.132802742	0.18519446	At4g38350	MEM	Patched family protein OS=Arabidopsis thaliana OX=3702 GN=At4g38350 PE=1 SV=1	False
F4JTP5	-0.37	0.024112699	0.051253275	STY46	MEM	Serine/threonine-protein kinase STY46 OS=Arabidopsis thaliana OX=3702 GN=STY46 PE=1 SV=1	False
F4JUM1	-0.84	0.004155171	0.043836437	At4g14160	SOL	Protein transport protein SEC23 OS=Arabidopsis thaliana OX=3702 GN=At4g14160 PE=1 SV=1	True
F4JUX3	-0.26	0.381437052	0.485020317	At4g26310	SOL	Elongation factor P (EF-P) family protein OS=Arabidopsis thaliana OX=3702 GN=At4g26310 PE=1 SV=1	False
F4JV77	-0.37	0.019253822	0.043929724	At4g32900	MEM	Aminoacyl-tRNA hydrolase OS=Arabidopsis thaliana OX=3702 GN=At4g32900 PE=1 SV=1	True
F4JV80	-0.61	0.032579391	0.108158909	GATC	SOL	Glutamyl-tRNA(Gln) amidotransferase subunit C, chloroplastic/mitochondrial OS=Arabidopsis thaliana OX=3702 GN=GATC PE=1 SV=1	False
F4JVN6	0.28	0.027100213	0.055545276	TPP2	MEM	Tripeptidyl-peptidase 2 OS=Arabidopsis thaliana OX=3702 GN=TPP2 PE=1 SV=1	False
F4JVV4	-0.34	0.022546038	0.089737338	At4g32930	SOL	Uncharacterized protein OS=Arabidopsis thaliana OX=3702 GN=At4g32930 PE=1 SV=1	False
F4JVX1	0.07	0.769125754	0.804923156	EDA39	MEM	Calmodulin-binding family protein OS=Arabidopsis thaliana OX=3702 GN=EDA39 PE=1 SV=1	False
F4JVY8	0.39	9.64306e-05	0.016285805	LKR	SOL	Lysine ketoglutarate reductase OS=Arabidopsis thaliana OX=3702 GN=LKR PE=1 SV=1	True
F4JW69	-0.23	0.00641787	0.050732954	PAL3	SOL	Phenylalanine ammonia-lyase OS=Arabidopsis thaliana OX=3702 GN=PAL3 PE=1 SV=1	False
F4JWF6	-0.12	0.108620574	0.208946281	UAP56b	SOL	DEAD/DEAH box RNA helicase family protein OS=Arabidopsis thaliana OX=3702 GN=UAP56b PE=4 SV=1	False
F4JWN4	0.1	0.598884613	0.651461396	At5g18420	MEM	CCR4-NOT transcription complex subunit 11 OS=Arabidopsis thaliana OX=3702 GN=At5g18420 PE=1 SV=1	False
F4JWV5	0.42	0.006492955	0.050732954	GUS3	SOL	Glucuronidase 3 OS=Arabidopsis thaliana OX=3702 GN=GUS3 PE=1 SV=1	False
F4JXM5	-0.41	0.05805127	0.095803667	ZWI	MEM	Kinesin-like calmodulin-binding protein (ZWICHEL) OS=Arabidopsis thaliana OX=3702 GN=ZWI PE=1 SV=1	False
F4JXM9	-0.09	0.177043636	0.234237358	At5g65950	MEM	Trafficking protein particle complex subunit-like protein OS=Arabidopsis thaliana OX=3702 GN=At5g65950 PE=1 SV=1	False
F4JXV9	-0.44	0.01092934	0.031581577	At5g11490	MEM	Beta-adaptin-like protein OS=Arabidopsis thaliana OX=3702 GN=At5g11490 PE=1 SV=1	True
F4JXW2	0.17	0.416427061	0.516913969	At5g11500	SOL	Coiled-coil protein OS=Arabidopsis thaliana OX=3702 GN=At5g11500 PE=1 SV=1	False
F4JXW9	0.11	0.691481321	0.736581375	At5g11560	MEM	ER membrane protein complex subunit 1 OS=Arabidopsis thaliana OX=3702 GN=At5g11560 PE=1 SV=1	False
F4JXY5	-0.71	0.003468457	0.016606066	At5g11700	MEM	Ephrin type-B receptor OS=Arabidopsis thaliana OX=3702 GN=At5g11700 PE=1 SV=1	True
F4JY11	0.59	0.002646959	0.01463307	CAND7	MEM	Protein CANDIDATE G-PROTEIN COUPLED RECEPTOR 7 OS=Arabidopsis thaliana OX=3702 GN=CAND7 PE=2 SV=1	True
F4JY24	-0.87	0.000167914	0.00470214	CHR17	MEM	ISWI chromatin-remodeling complex ATPase CHR17 OS=Arabidopsis thaliana OX=3702 GN=CHR17 PE=1 SV=1	True
F4JY76	-0.29	0.009947225	0.061907731	At5g25754	SOL	Eukaryotic translation initiation factor 3 subunit L OS=Arabidopsis thaliana OX=3702 GN=At5g25754 PE=1 SV=1	False
F4JYB8	-0.89	7.33745e-05	0.003847006	At5g35160	MEM	Transmembrane 9 superfamily member OS=Arabidopsis thaliana OX=3702 GN=At5g35160 PE=1 SV=1	True
F4JYL8	-0.88	0.002157738	0.01329699	At5g47690	MEM	Binding protein OS=Arabidopsis thaliana OX=3702 GN=At5g47690 PE=1 SV=1	True
F4JYQ8	-0.54	0.009597368	0.029532563	emb2737	MEM	Embryo defective 2737 OS=Arabidopsis thaliana OX=3702 GN=emb2737 PE=1 SV=1	True
F4JYX9	-0.62	0.235678071	0.296648559	ALP	MEM	Aleurain-like protease OS=Arabidopsis thaliana OX=3702 GN=ALP PE=1 SV=1	False
F4JZ17	1.25	0.000660306	0.008116701	STR16	MEM	Sulfurtransferase protein 16 OS=Arabidopsis thaliana OX=3702 GN=STR16 PE=1 SV=1	True
F4JZG9	-1.03	0.005154509	0.02098154	TERC	MEM	Thylakoid membrane protein TERC, chloroplastic OS=Arabidopsis thaliana OX=3702 GN=TERC PE=1 SV=1	True
F4JZM1	0.37	0.006750824	0.05166362	At5g19110	SOL	Eukaryotic aspartyl protease family protein OS=Arabidopsis thaliana OX=3702 GN=At5g19110 PE=1 SV=1	False
F4JZX8	-0.29	0.07360847	0.165152337	At5g41770	SOL	Crooked neck protein, putative / cell cycle protein OS=Arabidopsis thaliana OX=3702 GN=At5g41770 PE=1 SV=1	False
F4JZY1	-0.2	0.060790057	0.099178722	CIP1	MEM	COP1-interactive protein 1 OS=Arabidopsis thaliana OX=3702 GN=CIP1 PE=1 SV=1	False
F4K000	0.32	0.011684828	0.032945116	MJC20.7	MEM	Metal-dependent protein hydrolase OS=Arabidopsis thaliana OX=3702 GN=MJC20.7 PE=1 SV=1	True
F4K015	0.26	0.065118675	0.104896489	DL1	MEM	Dynamin-like protein OS=Arabidopsis thaliana OX=3702 GN=DL1 PE=1 SV=1	False
F4K0E8	-0.39	0.001873905	0.012442088	ISPG	MEM	4-hydroxy-3-methylbut-2-en-1-yl diphosphate synthase (ferredoxin), chloroplastic OS=Arabidopsis thaliana OX=3702 GN=ISPG PE=1 SV=1	True
F4K0K7	2.05	0.000778302	0.025005634	RAB18	SOL	Dehydrin family protein OS=Arabidopsis thaliana OX=3702 GN=RAB18 PE=1 SV=1	True
F4K0M7	-0.08	0.16047123	0.263352851	At5g66550	SOL	Maf-like protein OS=Arabidopsis thaliana OX=3702 GN=At5g66550 PE=1 SV=1	False
F4K0R0	-0.17	0.159463823	0.214827749	MOP10.11	MEM	Transducin family protein / WD-40 repeat family protein OS=Arabidopsis thaliana OX=3702 GN=MOP10.11 PE=1 SV=1	False
F4K0T7	-0.81	0.008733957	0.028250841	EGY2	MEM	Ethylene-dependent gravitropism-deficient and yellow-green-like 2 OS=Arabidopsis thaliana OX=3702 GN=EGY2 PE=1 SV=1	True
F4K116	0.06	0.897143856	0.912758211	GSL12	MEM	1,3-beta-glucan synthase OS=Arabidopsis thaliana OX=3702 GN=GSL12 PE=1 SV=1	False
F4K124	-0.55	0.016225987	0.039649776	KAPP	MEM	Protein-serine/threonine phosphatase OS=Arabidopsis thaliana OX=3702 GN=KAPP PE=1 SV=1	True
F4K1G7	-0.36	0.000207408	0.005003995	MEE13.8	MEM	P-loop containing nucleoside triphosphate hydrolases superfamily protein OS=Arabidopsis thaliana OX=3702 GN=MEE13.8 PE=1 SV=1	True
F4K1P8	-0.41	0.014997784	0.075049519	MJE7.7	SOL	FAD-dependent oxidoreductase family protein OS=Arabidopsis thaliana OX=3702 GN=MJE7.7 PE=1 SV=1	False
F4K1Z0	0.29	0.252105166	0.314050041	ECT3	MEM	YTH domain-containing protein ECT3 OS=Arabidopsis thaliana OX=3702 GN=ECT3 PE=1 SV=1	False
F4K203	-0.1	0.266041718	0.328460965	MAF19.14	MEM	U5 small nuclear ribonucleoprotein helicase OS=Arabidopsis thaliana OX=3702 GN=MAF19.14 PE=1 SV=1	False
F4K250	-0.47	0.036871659	0.068680763	MUD21.5	MEM	Ran-binding protein in the microtubule-organising centre protein OS=Arabidopsis thaliana OX=3702 GN=MUD21.5 PE=1 SV=1	False
F4K2A1	-0.15	0.044894659	0.127381523	FPGS1	SOL	Folylpolyglutamate synthase OS=Arabidopsis thaliana OX=3702 GN=FPGS1 PE=1 SV=1	False
F4K2E9	-0.9	0.003021744	0.015591933	CUV	MEM	Pre-mRNA-splicing factor ATP-dependent RNA helicase DEAH7 OS=Arabidopsis thaliana OX=3702 GN=CUV PE=1 SV=1	True
F4K2P2	-0.02	0.949791537	0.959866845	At5g19940	SOL	Plastid-lipid associated protein PAP / fibrillin family protein OS=Arabidopsis thaliana OX=3702 GN=At5g19940 PE=1 SV=1	False
F4K2Y3	0.98	0.000365633	0.006459751	MAB16.20	MEM	Alpha/beta-Hydrolases superfamily protein OS=Arabidopsis thaliana OX=3702 GN=MAB16.20 PE=1 SV=1	True
F4K329	-0.3	0.000283739	0.005861057	At5g42765	MEM	Plasma membrane fusion protein OS=Arabidopsis thaliana OX=3702 GN=At5g42765 PE=1 SV=1	True
F4K3A9	-0.06	0.271828172	0.380908004	At5g48960	SOL	HAD-superfamily hydrolase, subfamily IG, 5'-nucleotidase OS=Arabidopsis thaliana OX=3702 GN=At5g48960 PE=1 SV=1	False
F4K3U8	-0.5	0.021742598	0.047536562	MHF15.4	MEM	Polyketide cyclase/dehydrase/lipid transport superfamily protein OS=Arabidopsis thaliana OX=3702 GN=MHF15.4 PE=1 SV=1	True
F4K3Y1	-0.83	0.017390992	0.041102361	WCRKC1	MEM	WCRKC thioredoxin 1 OS=Arabidopsis thaliana OX=3702 GN=WCRKC1 PE=1 SV=1	True
F4K410	-0.78	2.42803e-05	0.003525582	SVR3	MEM	Putative elongation factor TypA-like SVR3, chloroplastic OS=Arabidopsis thaliana OX=3702 GN=SVR3 PE=1 SV=1	True
F4K452	-0.56	0.01239906	0.033869626	HBP5	MEM	SOUL heme-binding family protein OS=Arabidopsis thaliana OX=3702 GN=HBP5 PE=1 SV=1	True
F4K470	0.21	0.089527178	0.184389262	DIN10	SOL	Galactinol--sucrose galactosyltransferase OS=Arabidopsis thaliana OX=3702 GN=DIN10 PE=1 SV=1	False
F4K487	0.24	0.041567312	0.074963133	PHOX3	MEM	Protein PHOX3 OS=Arabidopsis thaliana OX=3702 GN=PHOX3 PE=1 SV=1	False
F4K4D5	0.1	0.1574182	0.212628973	TIF3B1	MEM	Eukaryotic translation initiation factor 3 subunit B OS=Arabidopsis thaliana OX=3702 GN=TIF3B1 PE=1 SV=1	False
F4K4E3	0.26	0.397524406	0.49981498	LSM4	SOL	Sm-like protein LSM4 OS=Arabidopsis thaliana OX=3702 GN=LSM4 PE=1 SV=1	False
F4K4Y5	-0.77	0.030938338	0.060350541	DEK4	MEM	DEK domain-containing chromatin-associated protein 4 OS=Arabidopsis thaliana OX=3702 GN=DEK4 PE=1 SV=1	False
F4K5B9	-0.07	0.14324347	0.24708501	MOJ9.20	SOL	Eukaryotic aspartyl protease family protein OS=Arabidopsis thaliana OX=3702 GN=MOJ9.20 PE=1 SV=1	False
F4K5I3	0.31	0.079742243	0.12295415	COP13	MEM	Proteasome component (PCI) domain protein OS=Arabidopsis thaliana OX=3702 GN=COP13 PE=1 SV=1	False
F4K5J1	-0.15	0.259163655	0.321216441	XI-K	MEM	Myosin-17 OS=Arabidopsis thaliana OX=3702 GN=XI-K PE=1 SV=2	False
F4K5K6	-0.57	0.005873668	0.022724397	PMIR1	MEM	Protein PLASTID MOVEMENT IMPAIRED 1-RELATED 1 OS=Arabidopsis thaliana OX=3702 GN=PMIR1 PE=2 SV=1	True
F4K5T6	0.47	0.05912455	0.0972079	GSDA	MEM	Cytidine/deoxycytidylate deaminase family protein OS=Arabidopsis thaliana OX=3702 GN=GSDA PE=1 SV=1	False
F4K658	-0.43	0.150325817	0.254980859	At5g49555	SOL	FAD/NAD(P)-binding oxidoreductase family protein OS=Arabidopsis thaliana OX=3702 GN=At5g49555 PE=1 SV=1	False
F4K6M8	-0.23	0.052582791	0.088829644	At5g07340	MEM	Calreticulin family protein OS=Arabidopsis thaliana OX=3702 GN=At5g07340 PE=1 SV=1	False
F4K6X6	-0.86	0.018018329	0.042122873	At5g20970	MEM	HSP20-like chaperones superfamily protein OS=Arabidopsis thaliana OX=3702 GN=At5g20970 PE=1 SV=1	True
F4K6Y8	0.0	0.541640995	0.59772827	At5g21060	MEM	Homoserine dehydrogenase OS=Arabidopsis thaliana OX=3702 GN=At5g21060 PE=1 SV=1	False
F4K6Z4	-0.56	0.014990396	0.037660382	At5g21105	MEM	Plant L-ascorbate oxidase OS=Arabidopsis thaliana OX=3702 GN=At5g21105 PE=1 SV=1	True
F4K703	-0.58	0.026277474	0.096523931	LARP1a	SOL	LA RNA-binding protein OS=Arabidopsis thaliana OX=3702 GN=LARP1a PE=1 SV=1	False
F4K7C5	-0.28	0.099772464	0.146683023	MYA2	MEM	Myosin 2 OS=Arabidopsis thaliana OX=3702 GN=MYA2 PE=1 SV=1	False
F4K7E0	0.87	0.005955268	0.022868168	MRH10.6	MEM	Nuclear transport factor 2 (NTF2) family protein with RNA binding (RRM-RBD-RNP motifs) domain-containing protein OS=Arabidopsis thaliana OX=3702 GN=MRH10.6 PE=1 SV=1	True
F4K7F4	0.24	0.03910083	0.071867882	EXO84B	MEM	Exocyst complex component 84B OS=Arabidopsis thaliana OX=3702 GN=EXO84B PE=1 SV=1	False
F4K7T6	-0.38	0.000905922	0.009333411	DXR	MEM	1-deoxy-D-xylulose-5-phosphate reductoisomerase OS=Arabidopsis thaliana OX=3702 GN=DXR PE=1 SV=1	True
F4K875	-0.7	0.006147694	0.050293993	CA2	SOL	Carbonic anhydrase OS=Arabidopsis thaliana OX=3702 GN=CA2 PE=1 SV=1	False
F4K9G7	1.8	0.002643601	0.014623206	At5g01670	MEM	NAD(P)-linked oxidoreductase superfamily protein OS=Arabidopsis thaliana OX=3702 GN=At5g01670 PE=1 SV=1	True
F4K9Y6	-0.49	0.000782091	0.025005634	MDJ22.4	SOL	Phosphoglycerate/bisphosphoglycerate mutase family protein OS=Arabidopsis thaliana OX=3702 GN=MDJ22.4 PE=1 SV=1	True
F4KA67	-0.47	0.184158031	0.290116246	MXI10.2	SOL	Alpha/beta-Hydrolases superfamily protein OS=Arabidopsis thaliana OX=3702 GN=MXI10.2 PE=1 SV=2	False
F4KAG0	-0.05	0.40669189	0.468906667	At5g50840	MEM	Alpha-taxilin-like protein OS=Arabidopsis thaliana OX=3702 GN=At5g50840 PE=1 SV=1	False
F4KAS6	0.24	0.07659849	0.168953215	MBK5.9	SOL	GroES-like zinc-binding alcohol dehydrogenase family protein OS=Arabidopsis thaliana OX=3702 GN=MBK5.9 PE=1 SV=1	False
F4KB73	-0.43	0.034302598	0.065188966	At5g15680	MEM	ARM repeat superfamily protein OS=Arabidopsis thaliana OX=3702 GN=At5g15680 PE=1 SV=1	False
F4KBF3	0.35	0.014793788	0.037403205	AAE17	MEM	Probable acyl-activating enzyme 17, peroxisomal OS=Arabidopsis thaliana OX=3702 GN=AAE17 PE=2 SV=1	True
F4KBP3	-1.02	0.006424425	0.023938326	OSB3	MEM	Organellar single-stranded DNA binding protein 3 OS=Arabidopsis thaliana OX=3702 GN=OSB3 PE=1 SV=1	True
F4KBV0	-0.36	0.037810624	0.116685794	MWD22.5	SOL	4a-hydroxytetrahydrobiopterin dehydratase OS=Arabidopsis thaliana OX=3702 GN=MWD22.5 PE=1 SV=1	False
F4KC57	-0.24	0.081902217	0.174889476	VPS20.1	SOL	SNF7 family protein OS=Arabidopsis thaliana OX=3702 GN=VPS20.1 PE=1 SV=1	False
F4KCL2	-0.17	0.09970585	0.197371412	At5g09390	SOL	CD2-binding protein-like protein OS=Arabidopsis thaliana OX=3702 GN=At5g09390 PE=1 SV=1	False
F4KCQ9	-0.33	0.020119785	0.045282915	At5g16280	MEM	Tetratricopeptide repeat (TPR)-like superfamily protein OS=Arabidopsis thaliana OX=3702 GN=At5g16280 PE=1 SV=2	True
F4KCR8	-0.8	0.000925074	0.009385056	MQK4.2	MEM	Conserved oligomeric Golgi complex subunit 1 OS=Arabidopsis thaliana OX=3702 GN=MQK4.2 PE=1 SV=1	True
F4KDI1	-0.34	0.009944242	0.061907731	YKT61	SOL	SNARE-like superfamily protein OS=Arabidopsis thaliana OX=3702 GN=YKT61 PE=1 SV=1	False
F4KDI6	-0.48	0.013516572	0.035769098	At5g58100	MEM	Transmembrane protein OS=Arabidopsis thaliana OX=3702 GN=At5g58100 PE=1 SV=1	True
F4KDK1	0.4	0.031918845	0.107248746	MCK7.7	SOL	Calcineurin-like metallo-phosphoesterase superfamily protein OS=Arabidopsis thaliana OX=3702 GN=MCK7.7 PE=1 SV=1	False
F4KDP8	-0.82	0.000672978	0.008164468	At5g64460	MEM	Phosphoglycerate mutase family protein OS=Arabidopsis thaliana OX=3702 GN=At5g64460 PE=1 SV=1	True
F4KE63	-0.5	0.0172312	0.040943375	EMB2247	MEM	Valine--tRNA ligase, chloroplastic/mitochondrial 2 OS=Arabidopsis thaliana OX=3702 GN=EMB2247 PE=3 SV=1	True
F4KEU1	-0.17	0.306311916	0.414835766	I-2	SOL	Phosphoprotein phosphatase inhibitor OS=Arabidopsis thaliana OX=3702 GN=I-2 PE=1 SV=2	False
F4KEV7	0.0	0.28401661	0.392729332	FHIT	SOL	Bifunctional bis(5'-adenosyl)-triphosphatase/adenylylsulfatase FHIT OS=Arabidopsis thaliana OX=3702 GN=FHIT PE=1 SV=1	False
F4KF14	-0.87	0.001872359	0.012442088	FTSHI4	MEM	Probable inactive ATP-dependent zinc metalloprotease FTSHI 4, chloroplastic OS=Arabidopsis thaliana OX=3702 GN=FTSHI4 PE=1 SV=1	True
F4KFD7	-0.07	0.065745956	0.155889662	EMB2107	SOL	26S proteasome regulatory subunit, putative (RPN5) OS=Arabidopsis thaliana OX=3702 GN=EMB2107 PE=1 SV=1	False
F4KFJ2	0.31	0.016673372	0.040141358	At5g16880	MEM	Target of Myb protein 1 OS=Arabidopsis thaliana OX=3702 GN=At5g16880 PE=1 SV=1	True
F4KFT7	-0.25	0.001369686	0.03201959	TH2	SOL	Bifunctional TH2 protein, mitochondrial OS=Arabidopsis thaliana OX=3702 GN=TH2 PE=1 SV=1	True
F4KFV6	-0.38	0.007194043	0.053256714	DEG8	SOL	Trypsin family protein with PDZ domain-containing protein OS=Arabidopsis thaliana OX=3702 GN=DEG8 PE=1 SV=1	False
F4KG14	-0.7	0.001318417	0.010458911	MCL19.12	MEM	Guanylate-binding family protein OS=Arabidopsis thaliana OX=3702 GN=MCL19.12 PE=1 SV=1	True
F4KG52	0.51	0.073016497	0.114579923	LTI65	MEM	CAP160 protein OS=Arabidopsis thaliana OX=3702 GN=LTI65 PE=1 SV=1	False
F4KG64	-0.97	0.002135199	0.013193089	At5g52410	MEM	Oxidoreductase/transition metal ion-binding protein OS=Arabidopsis thaliana OX=3702 GN=At5g52410 PE=1 SV=1	True
F4KG91	-0.35	0.030547646	0.059855394	At5g52580	MEM	RabGAP/TBC domain-containing protein OS=Arabidopsis thaliana OX=3702 GN=At5g52580 PE=1 SV=1	False
F4KGP6	0.54	0.012390851	0.033867111	At5g03660	MEM	RAB6-interacting golgin OS=Arabidopsis thaliana OX=3702 GN=At5g03660 PE=1 SV=1	True
F4KGV2	-0.22	0.617938325	0.694269684	GRF6	SOL	G-box regulating factor 6 OS=Arabidopsis thaliana OX=3702 GN=GRF6 PE=1 SV=1	False
F4KHA2	-0.44	0.050261402	0.085923327	RLP54	MEM	Receptor-like protein 54 OS=Arabidopsis thaliana OX=3702 GN=RLP54 PE=3 SV=1	False
F4KHD5	0.59	0.001319041	0.010458911	MPO12.160	MEM	A-kinase anchor-like protein OS=Arabidopsis thaliana OX=3702 GN=MPO12.160 PE=1 SV=1	True
F4KHD8	-0.89	0.007979201	0.026864376	GB210	MEM	Nuclear pore complex protein GP210 OS=Arabidopsis thaliana OX=3702 GN=GB210 PE=1 SV=1	True
F4KHF4	0.56	0.017052603	0.040728636	KASI	MEM	Beta-ketoacyl-[acyl-carrier-protein] synthase I OS=Arabidopsis thaliana OX=3702 GN=KASI PE=1 SV=1	True
F4KHG6	-0.26	0.061622921	0.150211339	CTPA1	SOL	Carboxyl-terminal-processing peptidase 1, chloroplastic OS=Arabidopsis thaliana OX=3702 GN=CTPA1 PE=1 SV=1	False
F4KHJ7	-0.02	0.963766159	0.969197687	adaptor	MEM	Clathrin adaptor complexes medium subunit family protein OS=Arabidopsis thaliana OX=3702 GN=adaptor protein-2 mu-adaptin PE=1 SV=1	False
F4KHS2	0.54	0.079161377	0.171624446	SBT4.12	SOL	Subtilase 4.12 OS=Arabidopsis thaliana OX=3702 GN=SBT4.12 PE=1 SV=1	False
F4KHU8	-0.21	0.048828092	0.084091819	UXS3	MEM	UDP-glucuronate decarboxylase OS=Arabidopsis thaliana OX=3702 GN=UXS3 PE=1 SV=1	False
F4KIB2	-0.75	0.001279838	0.010360218	TMN8	MEM	Transmembrane 9 superfamily member 8 OS=Arabidopsis thaliana OX=3702 GN=TMN8 PE=2 SV=1	True
F4KIH8	-0.67	0.048836273	0.132301255	MXC17.10	SOL	Transducin/WD40 repeat-like superfamily protein OS=Arabidopsis thaliana OX=3702 GN=MXC17.10 PE=1 SV=1	False
F4KII6	-1.37	0.002708322	0.014785848	VSP2	MEM	Vegetative storage protein 2 OS=Arabidopsis thaliana OX=3702 GN=VSP2 PE=1 SV=1	True
F4KIJ2	-0.45	0.046208152	0.080822955	At5g24810	MEM	ABC1 family protein OS=Arabidopsis thaliana OX=3702 GN=At5g24810 PE=1 SV=1	False
O03042	-0.65	0.000749448	0.025005634	rbcL	SOL	Ribulose bisphosphate carboxylase large chain OS=Arabidopsis thaliana OX=3702 GN=rbcL PE=1 SV=1	True
O03983	0.39	0.027432899	0.098509147	LEA14	SOL	Probable desiccation-related protein LEA14 OS=Arabidopsis thaliana OX=3702 GN=LEA14 PE=1 SV=1	False
O03986	-0.41	0.017543873	0.041379494	HSP90-4	MEM	Heat shock protein 90-4 OS=Arabidopsis thaliana OX=3702 GN=HSP90-4 PE=1 SV=1	True
O04005	3.35	0.000155591	0.017518085	PER1	SOL	1-Cys peroxiredoxin PER1 OS=Arabidopsis thaliana OX=3702 GN=PER1 PE=2 SV=1	True
O04023	-0.11	0.45323011	0.514211274	SRC2	MEM	Protein SRC2 homolog OS=Arabidopsis thaliana OX=3702 GN=SRC2 PE=1 SV=1	False
O04086	0.23	0.581240588	0.635541686	At1g11050	MEM	Probable receptor-like protein kinase At1g11050 OS=Arabidopsis thaliana OX=3702 GN=At1g11050 PE=2 SV=1	False
O04130	-0.75	0.00120279	0.010216866	PGDH2	MEM	D-3-phosphoglycerate dehydrogenase 2, chloroplastic OS=Arabidopsis thaliana OX=3702 GN=PGDH2 PE=1 SV=2	True
O04147	-0.22	0.132816285	0.236781264	At4g18930	SOL	Cyclic phosphodiesterase OS=Arabidopsis thaliana OX=3702 GN=At4g18930 PE=1 SV=1	False
O04151	-0.5	0.019845791	0.044872734	CRT1	MEM	Calreticulin-1 OS=Arabidopsis thaliana OX=3702 GN=CRT1 PE=1 SV=1	True
O04153	-0.63	0.001545178	0.011369233	CRT3	MEM	Calreticulin-3 OS=Arabidopsis thaliana OX=3702 GN=CRT3 PE=1 SV=2	True
O04157	0.71	0.000999902	0.009665573	RABG3B	MEM	Ras-related protein RABG3b OS=Arabidopsis thaliana OX=3702 GN=RABG3B PE=1 SV=1	True
O04196	-0.61	0.010717898	0.064385366	ISA1	SOL	Isoamylase 1, chloroplastic OS=Arabidopsis thaliana OX=3702 GN=ISA1 PE=1 SV=1	False
O04200	-0.46	0.002620376	0.014581528	PXN	MEM	Peroxisomal nicotinamide adenine dinucleotide carrier OS=Arabidopsis thaliana OX=3702 GN=PXN PE=1 SV=1	True
O04202	-0.36	0.002738178	0.03962696	TIF3F1	SOL	Eukaryotic translation initiation factor 3 subunit F OS=Arabidopsis thaliana OX=3702 GN=TIF3F1 PE=1 SV=1	True
O04209	0.38	0.030720261	0.060076469	CLC2	MEM	Clathrin light chain 2 OS=Arabidopsis thaliana OX=3702 GN=CLC2 PE=1 SV=1	False
O04265	-0.63	0.003387504	0.016559547	T22D6_100	MEM	AT5g08160 OS=Arabidopsis thaliana OX=3702 GN=T22D6_100 PE=1 SV=1	True
O04308	-0.29	0.028951532	0.057884378	MPPalpha2	MEM	Probable mitochondrial-processing peptidase subunit alpha-2, chloroplastic/mitochondrial OS=Arabidopsis thaliana OX=3702 GN=MPPalpha2 PE=1 SV=1	False
O04309	0.42	0.052699683	0.088946268	JAL35	MEM	Jacalin-related lectin 35 OS=Arabidopsis thaliana OX=3702 GN=JAL35 PE=1 SV=1	False
O04310	1.37	0.000222846	0.005138733	JAL34	MEM	Jacalin-related lectin 34 OS=Arabidopsis thaliana OX=3702 GN=JAL34 PE=1 SV=1	True
O04311	0.77	0.000990083	0.027148746	JAL33	SOL	Jacalin-related lectin 33 OS=Arabidopsis thaliana OX=3702 GN=JAL33 PE=1 SV=1	True
O04313	1.06	0.000495189	0.007316043	PBP2	MEM	PYK10-binding protein 2 OS=Arabidopsis thaliana OX=3702 GN=PBP2 PE=1 SV=1	True
O04314	1.57	0.000999043	0.009665573	PBP1	MEM	PYK10-binding protein 1 OS=Arabidopsis thaliana OX=3702 GN=PBP1 PE=1 SV=1	True
O04316	0.79	0.001141259	0.00999597	NSP4	MEM	Nitrile-specifier protein 4 OS=Arabidopsis thaliana OX=3702 GN=NSP4 PE=2 SV=1	True
O04318	-2.33	0.000301588	0.006026554	NSP3	MEM	Nitrile-specifier protein 3 OS=Arabidopsis thaliana OX=3702 GN=NSP3 PE=2 SV=1	True
O04331	-0.62	0.012487198	0.033919238	PHB3	MEM	Prohibitin-3, mitochondrial OS=Arabidopsis thaliana OX=3702 GN=PHB3 PE=1 SV=1	True
O04350	0.55	0.293422716	0.401921513	TFCA	SOL	Tubulin-folding cofactor A OS=Arabidopsis thaliana OX=3702 GN=TFCA PE=1 SV=2	False
O04373	-0.3	0.003660531	0.042160844	ILL4	SOL	IAA-amino acid hydrolase ILR1-like 4 OS=Arabidopsis thaliana OX=3702 GN=ILL4 PE=1 SV=2	True
O04379	-0.14	0.027163627	0.097915347	AGO1	SOL	Protein argonaute 1 OS=Arabidopsis thaliana OX=3702 GN=AGO1 PE=1 SV=1	False
O04420	0.16	0.089372027	0.184274011	At2g26230	SOL	Uricase OS=Arabidopsis thaliana OX=3702 GN=At2g26230 PE=1 SV=2	False
O04450	0.41	0.005461969	0.021775726	CCT5	MEM	T-complex protein 1 subunit epsilon OS=Arabidopsis thaliana OX=3702 GN=CCT5 PE=1 SV=1	True
O04482	1.85	0.001247556	0.010275314	UCH2	MEM	Ubiquitin carboxyl-terminal hydrolase 2 OS=Arabidopsis thaliana OX=3702 GN=UCH2 PE=1 SV=1	True
O04486	1.97	0.000722435	0.008402232	RABA2A	MEM	Ras-related protein RABA2a OS=Arabidopsis thaliana OX=3702 GN=RABA2A PE=2 SV=1	True
O04487	0.68	4.65149e-06	0.002757313	At1g09640	MEM	Probable elongation factor 1-gamma 1 OS=Arabidopsis thaliana OX=3702 GN=At1g09640 PE=1 SV=1	True
O04496	0.09	0.165510148	0.269302804	AED3	SOL	Aspartyl protease AED3 OS=Arabidopsis thaliana OX=3702 GN=AED3 PE=1 SV=1	False
O04499	0.04	0.085380504	0.129688274	PGM1	MEM	2,3-bisphosphoglycerate-independent phosphoglycerate mutase 1 OS=Arabidopsis thaliana OX=3702 GN=PGM1 PE=1 SV=3	False
O04567	-0.39	0.035043692	0.066191266	At1g27190	MEM	Probable inactive receptor kinase At1g27190 OS=Arabidopsis thaliana OX=3702 GN=At1g27190 PE=1 SV=1	False
O04603	0.63	0.000842578	0.009062587	RPL5	MEM	50S ribosomal protein L5, chloroplastic OS=Arabidopsis thaliana OX=3702 GN=RPL5 PE=2 SV=1	True
O04616	-1.31	0.002850231	0.015066667	CURT1A	MEM	Protein CURVATURE THYLAKOID 1A, chloroplastic OS=Arabidopsis thaliana OX=3702 GN=CURT1A PE=1 SV=1	True
O04619	-0.65	0.005739298	0.02244426	ADNT1	MEM	Mitochondrial adenine nucleotide transporter ADNT1 OS=Arabidopsis thaliana OX=3702 GN=ADNT1 PE=1 SV=1	True
O04630	0.38	0.020156223	0.045342964	THRRS	MEM	Threonine--tRNA ligase, mitochondrial 1 OS=Arabidopsis thaliana OX=3702 GN=THRRS PE=1 SV=3	True
O04658	-0.25	0.060353305	0.098726151	NOP5-1	MEM	Probable nucleolar protein 5-1 OS=Arabidopsis thaliana OX=3702 GN=NOP5-1 PE=1 SV=2	False
O04663	-0.16	0.91954357	0.937796265	EIF(ISO)4E	SOL	Eukaryotic translation initiation factor isoform 4E OS=Arabidopsis thaliana OX=3702 GN=EIF(ISO)4E PE=1 SV=2	False
O04904	0.19	0.159531507	0.214827749	PYR4	MEM	Dihydroorotase, mitochondrial OS=Arabidopsis thaliana OX=3702 GN=PYR4 PE=1 SV=1	False
O04905	-0.18	0.041221564	0.074469673	UMK3	MEM	UMP-CMP kinase 3 OS=Arabidopsis thaliana OX=3702 GN=UMK3 PE=1 SV=1	False
O04922	0.37	0.000101114	0.004249764	GPX2	MEM	Probable glutathione peroxidase 2 OS=Arabidopsis thaliana OX=3702 GN=GPX2 PE=1 SV=1	True
O04928	-0.79	0.001898662	0.012557739	CDS1	MEM	Phosphatidate cytidylyltransferase 1 OS=Arabidopsis thaliana OX=3702 GN=CDS1 PE=1 SV=1	True
O04983	0.39	0.047972675	0.083034097	CAC2	MEM	Biotin carboxylase, chloroplastic OS=Arabidopsis thaliana OX=3702 GN=CAC2 PE=1 SV=1	False
O22100	0.73	0.00258581	0.014450233	F16M2_110	MEM	ATMRK1 OS=Arabidopsis thaliana OX=3702 GN=F16M2_110 PE=1 SV=1	True
O22126	1.08	0.003646182	0.017029831	FLA8	MEM	Fasciclin-like arabinogalactan protein 8 OS=Arabidopsis thaliana OX=3702 GN=FLA8 PE=2 SV=1	True
O22149	-0.28	0.014035099	0.03641368	PME17	MEM	Probable pectinesterase/pectinesterase inhibitor 17 OS=Arabidopsis thaliana OX=3702 GN=PME17 PE=2 SV=2	True
O22160	0.74	0.044609341	0.078733535	At2g44920	MEM	Thylakoid lumenal 15 kDa protein 1, chloroplastic OS=Arabidopsis thaliana OX=3702 GN=At2g44920 PE=1 SV=2	False
O22173	0.61	0.009729362	0.029820239	PAB4	MEM	Polyadenylate-binding protein 4 OS=Arabidopsis thaliana OX=3702 GN=PAB4 PE=1 SV=1	True
O22203	-0.48	0.015087867	0.037843872	CYP98A3	MEM	Cytochrome P450 98A3 OS=Arabidopsis thaliana OX=3702 GN=CYP98A3 PE=1 SV=1	True
O22218	0.26	0.151899722	0.206458514	ACA4	MEM	Calcium-transporting ATPase 4, plasma membrane-type OS=Arabidopsis thaliana OX=3702 GN=ACA4 PE=1 SV=1	False
O22229	-0.08	0.028985942	0.101314457	NTRC	SOL	NADPH-dependent thioredoxin reductase 3 OS=Arabidopsis thaliana OX=3702 GN=NTRC PE=1 SV=2	False
O22263	-0.05	0.121690768	0.172074302	PDIL2-1	MEM	Protein disulfide-isomerase like 2-1 OS=Arabidopsis thaliana OX=3702 GN=PDIL2-1 PE=2 SV=1	False
O22265	0.76	0.04619256	0.080822955	CAO	MEM	Signal recognition particle 43 kDa protein, chloroplastic OS=Arabidopsis thaliana OX=3702 GN=CAO PE=1 SV=2	False
O22287	0.16	0.102061997	0.200694019	CYT1	SOL	Mannose-1-phosphate guanylyltransferase 1 OS=Arabidopsis thaliana OX=3702 GN=CYT1 PE=1 SV=1	False
O22315	-0.44	0.15961304	0.214906401	SR34	MEM	Serine/arginine-rich-splicing factor SR34 OS=Arabidopsis thaliana OX=3702 GN=SR34 PE=1 SV=1	False
O22446	-1.05	0.000112446	0.004282644	HDA19	MEM	Histone deacetylase 19 OS=Arabidopsis thaliana OX=3702 GN=HDA19 PE=1 SV=2	True
O22467	-0.32	0.033087677	0.108876294	MSI1	SOL	Histone-binding protein MSI1 OS=Arabidopsis thaliana OX=3702 GN=MSI1 PE=1 SV=1	False
O22469	-0.06	0.881870474	0.901068974	MSI3	MEM	WD-40 repeat-containing protein MSI3 OS=Arabidopsis thaliana OX=3702 GN=MSI3 PE=1 SV=2	False
O22476	0.17	0.359367334	0.422039762	BRI1	MEM	Protein BRASSINOSTEROID INSENSITIVE 1 OS=Arabidopsis thaliana OX=3702 GN=BRI1 PE=1 SV=1	False
O22527	-1.49	0.000305767	0.006036747	CLH1	MEM	Chlorophyllase-1 OS=Arabidopsis thaliana OX=3702 GN=CLH1 PE=1 SV=1	True
O22607	-0.36	0.014077745	0.036471838	MSI4	MEM	WD-40 repeat-containing protein MSI4 OS=Arabidopsis thaliana OX=3702 GN=MSI4 PE=1 SV=3	True
O22609	-0.48	0.056093742	0.141624765	DEGP1	SOL	Protease Do-like 1, chloroplastic OS=Arabidopsis thaliana OX=3702 GN=DEGP1 PE=1 SV=2	False
O22682	-0.05	0.196566242	0.303249998	CS26	SOL	S-sulfo-L-cysteine synthase (O-acetyl-L-serine-dependent), chloroplastic OS=Arabidopsis thaliana OX=3702 GN=CS26 PE=1 SV=1	False
O22683	-0.19	0.01817904	0.042276731	CYN	MEM	Cyanate hydratase OS=Arabidopsis thaliana OX=3702 GN=CYN PE=2 SV=1	True
O22704	-0.91	0.026596998	0.054876977	CB5LP	MEM	Cytochrome B5-like protein OS=Arabidopsis thaliana OX=3702 GN=CB5LP PE=2 SV=1	False
O22715	-0.42	0.024773711	0.052145436	AP1M2	MEM	AP-1 complex subunit mu-2 OS=Arabidopsis thaliana OX=3702 GN=AP1M2 PE=1 SV=1	False
O22764	-0.86	0.042028905	0.075531738	At4g02630	MEM	Protein kinase superfamily protein OS=Arabidopsis thaliana OX=3702 GN=At4g02630 PE=1 SV=1	False
O22765	-0.16	0.280637355	0.389724571	TRPA1	SOL	Tryptophan synthase alpha chain OS=Arabidopsis thaliana OX=3702 GN=TRPA1 PE=1 SV=2	False
O22769	-0.31	0.038449764	0.070980067	At4g02580	MEM	NADH dehydrogenase [ubiquinone] flavoprotein 2, mitochondrial OS=Arabidopsis thaliana OX=3702 GN=At4g02580 PE=1 SV=3	False
O22773	0.28	0.08702022	0.182051591	At4g02530	SOL	Thylakoid lumenal 16.5 kDa protein, chloroplastic OS=Arabidopsis thaliana OX=3702 GN=At4g02530 PE=1 SV=3	False
O22775	-0.93	0.000480169	0.007255624	XXT2	MEM	Xyloglucan 6-xylosyltransferase 2 OS=Arabidopsis thaliana OX=3702 GN=XXT2 PE=1 SV=1	True
O22784	-0.2	0.135521059	0.188306998	PDLP3	MEM	Plasmodesmata-located protein 3 OS=Arabidopsis thaliana OX=3702 GN=PDLP3 PE=1 SV=2	False
O22785	-0.38	0.008417361	0.057018602	PRP19B	SOL	Pre-mRNA-processing factor 19 homolog 2 OS=Arabidopsis thaliana OX=3702 GN=PRP19B PE=1 SV=3	False
O22791	-0.5	0.113738036	0.21511513	At2g33410	SOL	Putative RNA-binding protein OS=Arabidopsis thaliana OX=3702 GN=At2g33410 PE=1 SV=1	False
O22793	-0.71	0.011731799	0.033017446	MORF2	MEM	Multiple organellar RNA editing factor 2, chloroplastic OS=Arabidopsis thaliana OX=3702 GN=MORF2 PE=1 SV=1	True
O22795	-1.09	0.000999875	0.009665573	RPL28	MEM	50S ribosomal protein L28, chloroplastic OS=Arabidopsis thaliana OX=3702 GN=RPL28 PE=2 SV=2	True
O22797	-0.2	0.038811214	0.071491102	GLTP1	MEM	Glycolipid transfer protein 1 OS=Arabidopsis thaliana OX=3702 GN=GLTP1 PE=2 SV=1	False
O22808	0.23	0.086575372	0.130990709	LYK5	MEM	Protein LYK5 OS=Arabidopsis thaliana OX=3702 GN=LYK5 PE=2 SV=1	False
O22809	0.33	0.071978411	0.162822397	CRL1	SOL	NAD(P)-binding Rossmann-fold superfamily protein OS=Arabidopsis thaliana OX=3702 GN=CRL1 PE=1 SV=1	False
O22810	-0.39	0.018092393	0.081364552	CRL2	SOL	At2g33600 OS=Arabidopsis thaliana OX=3702 GN=CRL2 PE=1 SV=1	False
O22822	0.7	0.001506107	0.011166824	UGT74F2	MEM	UDP-glycosyltransferase 74F2 OS=Arabidopsis thaliana OX=3702 GN=UGT74F2 PE=1 SV=1	True
O22826	-0.02	0.722795293	0.78090896	At2g43770	SOL	At2g43770 OS=Arabidopsis thaliana OX=3702 GN=At2g43770 PE=1 SV=1	False
O22827	-0.5	0.140561412	0.244616359	MOCS2	SOL	Molybdopterin synthase catalytic subunit OS=Arabidopsis thaliana OX=3702 GN=MOCS2 PE=2 SV=1	False
O22832	-0.19	0.066266865	0.156354104	FAB2	SOL	Stearoyl-[acyl-carrier-protein] 9-desaturase 7, chloroplastic OS=Arabidopsis thaliana OX=3702 GN=FAB2 PE=1 SV=1	False
O22841	2.63	0.000767899	0.025005634	At2g43620	SOL	Endochitinase At2g43620 OS=Arabidopsis thaliana OX=3702 GN=At2g43620 PE=3 SV=1	True
O22842	0.69	0.002876013	0.015113096	At2g43610	MEM	Endochitinase At2g43610 OS=Arabidopsis thaliana OX=3702 GN=At2g43610 PE=1 SV=1	True
O22850	-0.65	0.000206643	0.005003995	GPX3	MEM	Probable glutathione peroxidase 3, mitochondrial OS=Arabidopsis thaliana OX=3702 GN=GPX3 PE=1 SV=1	True
O22854	-0.6	0.013897998	0.036289345	ETFQO	MEM	Electron transfer flavoprotein-ubiquinone oxidoreductase, mitochondrial OS=Arabidopsis thaliana OX=3702 GN=ETFQO PE=2 SV=1	True
O22860	0.67	0.003595283	0.016916945	RPL38A	MEM	60S ribosomal protein L38 OS=Arabidopsis thaliana OX=3702 GN=RPL38A PE=3 SV=1	True
O22881	-1.26	0.007183394	0.025477022	POT2	MEM	Potassium transporter 2 OS=Arabidopsis thaliana OX=3702 GN=POT2 PE=1 SV=2	True
O22886	-0.19	0.049293443	0.133393872	HEME2	SOL	Uroporphyrinogen decarboxylase 2, chloroplastic OS=Arabidopsis thaliana OX=3702 GN=HEME2 PE=2 SV=1	False
O22898	-0.18	0.320850949	0.427930122	LACS1	SOL	Long chain acyl-CoA synthetase 1 OS=Arabidopsis thaliana OX=3702 GN=LACS1 PE=2 SV=1	False
O22899	-0.84	8.4882e-05	0.00412232	At2g47250	MEM	Probable pre-mRNA-splicing factor ATP-dependent RNA helicase DEAH3 OS=Arabidopsis thaliana OX=3702 GN=At2g47250 PE=2 SV=1	True
O22914	-0.77	0.176608861	0.23372631	CP12-1	MEM	Calvin cycle protein CP12-1, chloroplastic OS=Arabidopsis thaliana OX=3702 GN=CP12-1 PE=1 SV=1	False
O22940	1.78	0.035180859	0.112056992	At2g41800	SOL	At2g41800/T11A7.10 OS=Arabidopsis thaliana OX=3702 GN=At2g41800 PE=1 SV=1	False
O22941	-0.26	0.01588787	0.039090806	PXM16	MEM	Insulin-degrading enzyme-like 1, peroxisomal OS=Arabidopsis thaliana OX=3702 GN=PXM16 PE=2 SV=1	True
O22957	-0.41	0.003713499	0.042388647	At2g34040	SOL	Apoptosis inhibitory protein 5 (API5) OS=Arabidopsis thaliana OX=3702 GN=At2g34040 PE=1 SV=2	True
O22993	-0.86	0.008217646	0.027361729	FTSHI1	MEM	Probable inactive ATP-dependent zinc metalloprotease FTSHI 1, chloroplastic OS=Arabidopsis thaliana OX=3702 GN=FTSHI1 PE=1 SV=1	True
O23006	1.07	0.006952693	0.025130836	LYM2	MEM	LysM domain-containing GPI-anchored protein 2 OS=Arabidopsis thaliana OX=3702 GN=LYM2 PE=1 SV=1	True
O23016	0.25	0.118618687	0.16909395	KAB1	MEM	Probable voltage-gated potassium channel subunit beta OS=Arabidopsis thaliana OX=3702 GN=KAB1 PE=1 SV=1	False
O23034	0.51	0.000613982	0.007891849	At1g05350	MEM	Ubiquitin-like modifier-activating enzyme 5 OS=Arabidopsis thaliana OX=3702 GN=At1g05350 PE=3 SV=2	True
O23044	1.42	0.014934956	0.074886411	PER3	SOL	Peroxidase 3 OS=Arabidopsis thaliana OX=3702 GN=PER3 PE=2 SV=1	False
O23049	0.46	0.003404269	0.016582151	RPL6	MEM	50S ribosomal protein L6, chloroplastic OS=Arabidopsis thaliana OX=3702 GN=RPL6 PE=2 SV=1	True
O23052	0.2	0.472076517	0.532210005	At1g05150	MEM	Uncharacterized TPR repeat-containing protein At1g05150 OS=Arabidopsis thaliana OX=3702 GN=At1g05150 PE=1 SV=1	False
O23087	0.32	0.195789711	0.254187452	ECA2	MEM	Calcium-transporting ATPase 2, endoplasmic reticulum-type OS=Arabidopsis thaliana OX=3702 GN=ECA2 PE=1 SV=1	False
O23095	-0.06	0.61951566	0.671467113	RPP1B	MEM	60S acidic ribosomal protein P1-2 OS=Arabidopsis thaliana OX=3702 GN=RPP1B PE=1 SV=2	False
O23138	0.19	0.137729309	0.241954255	CYTC-1	SOL	Cytochrome c-1 OS=Arabidopsis thaliana OX=3702 GN=CYTC-1 PE=1 SV=1	False
O23140	-0.58	0.014118315	0.073048551	AP2M	SOL	AP-2 complex subunit mu OS=Arabidopsis thaliana OX=3702 GN=AP2M PE=1 SV=1	False
O23144	-0.07	0.267274754	0.376301383	PPI1	SOL	Proton pump-interactor 1 OS=Arabidopsis thaliana OX=3702 GN=PPI1 PE=1 SV=2	False
O23157	0.67	0.001777111	0.012161037	C7A10.60	MEM	AT4g37300/C7A10_60 OS=Arabidopsis thaliana OX=3702 GN=C7A10.60 PE=1 SV=1	True
O23179	1.86	0.001681597	0.011838701	PLP1	MEM	Patatin-like protein 1 OS=Arabidopsis thaliana OX=3702 GN=PLP1 PE=1 SV=2	True
O23193	0.41	0.002544571	0.038221914	CBSX1	SOL	CBS domain-containing protein CBSX1, chloroplastic OS=Arabidopsis thaliana OX=3702 GN=CBSX1 PE=1 SV=2	True
O23207	1.45	0.000166535	0.00470214	At4g36750	MEM	Probable NAD(P)H dehydrogenase (quinone) FQR1-like 2 OS=Arabidopsis thaliana OX=3702 GN=At4g36750 PE=1 SV=1	True
O23212	-0.65	0.018845864	0.043211107	U2AF65A	MEM	Splicing factor U2af large subunit A OS=Arabidopsis thaliana OX=3702 GN=U2AF65A PE=1 SV=2	True
O23237	0.36	0.438397543	0.535723095	PER49	SOL	Peroxidase 49 OS=Arabidopsis thaliana OX=3702 GN=PER49 PE=2 SV=2	False
O23240	-0.5	0.0498458	0.085369889	D2HGDH	MEM	D-2-hydroxyglutarate dehydrogenase, mitochondrial OS=Arabidopsis thaliana OX=3702 GN=D2HGDH PE=1 SV=3	False
O23247	-0.2	0.038455447	0.116971932	EMB1027	SOL	Arginine--tRNA ligase, chloroplastic/mitochondrial OS=Arabidopsis thaliana OX=3702 GN=EMB1027 PE=1 SV=1	False
O23252	-0.19	0.010358762	0.063250583	EIF4E1	SOL	Eukaryotic translation initiation factor 4E-1 OS=Arabidopsis thaliana OX=3702 GN=EIF4E1 PE=1 SV=1	False
O23254	0.56	0.000723236	0.008402232	SHM4	MEM	Serine hydroxymethyltransferase 4 OS=Arabidopsis thaliana OX=3702 GN=SHM4 PE=1 SV=1	True
O23255	0.47	0.030917441	0.060350541	SAHH1	MEM	Adenosylhomocysteinase 1 OS=Arabidopsis thaliana OX=3702 GN=SAHH1 PE=1 SV=1	False
O23264	1.08	1.8736e-05	0.003285165	SBP1	MEM	Selenium-binding protein 1 OS=Arabidopsis thaliana OX=3702 GN=SBP1 PE=1 SV=1	True
O23290	0.82	0.057001975	0.14266813	RPL36AA	SOL	60S ribosomal protein L36a OS=Arabidopsis thaliana OX=3702 GN=RPL36AA PE=3 SV=3	False
O23310	-0.21	0.085052757	0.179451175	NFYB3	SOL	Nuclear transcription factor Y subunit B-3 OS=Arabidopsis thaliana OX=3702 GN=NFYB3 PE=1 SV=1	False
O23342	-0.34	0.034394139	0.065322857	SECE1	MEM	Preprotein translocase subunit SECE1 OS=Arabidopsis thaliana OX=3702 GN=SECE1 PE=1 SV=1	False
O23344	0.15	0.097163127	0.194091182	FDC1	SOL	Ferredoxin C 1, chloroplastic OS=Arabidopsis thaliana OX=3702 GN=FDC1 PE=1 SV=1	False
O23365	-0.31	0.009637522	0.029616631	CYP97B3	MEM	Cytochrome P450 97B3, chloroplastic OS=Arabidopsis thaliana OX=3702 GN=CYP97B3 PE=1 SV=2	True
O23392	0.4	0.071378396	0.112617901	dl3740c	MEM	HSR201-like protein OS=Arabidopsis thaliana OX=3702 GN=dl3740c PE=1 SV=1	False
O23401	-0.13	0.155173719	0.21023901	UGT84A3	MEM	UDP-glycosyltransferase 84A3 OS=Arabidopsis thaliana OX=3702 GN=UGT84A3 PE=1 SV=1	False
O23403	-0.09	0.021797338	0.088489757	PPD1	SOL	PsbP domain-containing protein 1, chloroplastic OS=Arabidopsis thaliana OX=3702 GN=PPD1 PE=1 SV=1	False
O23404	0.82	0.000737006	0.008445123	PPDK	MEM	Pyruvate, phosphate dikinase 1, chloroplastic OS=Arabidopsis thaliana OX=3702 GN=PPDK PE=1 SV=2	True
O23406	0.72	0.000946981	0.009460664	UGT75D1	MEM	UDP-glycosyltransferase 75D1 OS=Arabidopsis thaliana OX=3702 GN=UGT75D1 PE=2 SV=2	True
O23429	-0.35	0.0685357	0.109077284	VAMP724	MEM	Vesicle-associated membrane protein 724 OS=Arabidopsis thaliana OX=3702 GN=VAMP724 PE=2 SV=2	False
O23461	-0.47	0.012157417	0.068045229	ARA1	SOL	L-arabinokinase OS=Arabidopsis thaliana OX=3702 GN=ARA1 PE=1 SV=1	False
O23463	-0.55	0.020215447	0.045443191	CAMTA5	MEM	Calmodulin-binding transcription activator 5 OS=Arabidopsis thaliana OX=3702 GN=CAMTA5 PE=2 SV=2	True
O23492	0.08	0.510184013	0.568966064	INT4	MEM	Inositol transporter 4 OS=Arabidopsis thaliana OX=3702 GN=INT4 PE=1 SV=1	False
O23515	-0.6	0.019752437	0.08433998	RPL15A	SOL	60S ribosomal protein L15-1 OS=Arabidopsis thaliana OX=3702 GN=RPL15A PE=2 SV=1	False
O23523	-0.5	0.142837572	0.19702977	RGGA	MEM	RGG repeats nuclear RNA binding protein A OS=Arabidopsis thaliana OX=3702 GN=RGGA PE=1 SV=1	False
O23553	-0.66	0.000490527	0.007282537	BAM3	MEM	Beta-amylase 3, chloroplastic OS=Arabidopsis thaliana OX=3702 GN=BAM3 PE=1 SV=3	True
O23569	0.09	0.834147638	0.872666634	dl4665w	SOL	L-lactate dehydrogenase OS=Arabidopsis thaliana OX=3702 GN=dl4665w PE=1 SV=1	False
O23593	-0.23	0.086379398	0.130800675	RGGB	MEM	RGG repeats nuclear RNA binding protein B OS=Arabidopsis thaliana OX=3702 GN=RGGB PE=1 SV=1	False
O23614	-0.04	0.356623067	0.46122071	CTPA2	SOL	Carboxyl-terminal-processing peptidase 2, chloroplastic OS=Arabidopsis thaliana OX=3702 GN=CTPA2 PE=1 SV=1	False
O23617	-0.64	0.077414138	0.170172781	TPS5	SOL	Alpha,alpha-trehalose-phosphate synthase [UDP-forming] 5 OS=Arabidopsis thaliana OX=3702 GN=TPS5 PE=1 SV=2	False
O23627	0.58	0.001070072	0.00976055	At1g29880	MEM	Glycine--tRNA ligase, mitochondrial 1 OS=Arabidopsis thaliana OX=3702 GN=At1g29880 PE=1 SV=1	True
O23628	0.48	0.009775341	0.06161201	H2AV	SOL	Histone H2A variant 1 OS=Arabidopsis thaliana OX=3702 GN=H2AV PE=1 SV=1	False
O23629	0.3	0.003505064	0.016661157	H2B	MEM	Histone H2B.6 OS=Arabidopsis thaliana OX=3702 GN=H2B PE=1 SV=3	True
O23647	-0.58	0.006429557	0.023947843	SBE2.1	MEM	1,4-alpha-glucan-branching enzyme 2-1, chloroplastic/amyloplastic OS=Arabidopsis thaliana OX=3702 GN=SBE2.1 PE=1 SV=1	True
O23653	-0.28	0.001416398	0.032276056	AK2	SOL	Aspartokinase 2, chloroplastic OS=Arabidopsis thaliana OX=3702 GN=AK2 PE=1 SV=2	True
O23654	0.17	7.46722e-05	0.016285805	VHA-A	SOL	V-type proton ATPase catalytic subunit A OS=Arabidopsis thaliana OX=3702 GN=VHA-A PE=1 SV=1	True
O23657	-0.06	0.146448465	0.201353098	RABC1	MEM	Ras-related protein RABC1 OS=Arabidopsis thaliana OX=3702 GN=RABC1 PE=1 SV=1	False
O23673	-0.15	0.11313964	0.214146884	At1g02020	SOL	Nitroreductase family protein OS=Arabidopsis thaliana OX=3702 GN=At1g02020 PE=1 SV=1	False
O23676	-0.44	0.008577345	0.027977979	MAGO	MEM	Protein mago nashi homolog OS=Arabidopsis thaliana OX=3702 GN=MAGO PE=1 SV=1	True
O23680	-0.58	0.0197557	0.044777981	TOC33	MEM	Translocase of chloroplast 33, chloroplastic OS=Arabidopsis thaliana OX=3702 GN=TOC33 PE=1 SV=1	True
O23684	-0.04	0.809926766	0.853334156	At2g41950	SOL	At2g41950/T6D20.26 OS=Arabidopsis thaliana OX=3702 GN=At2g41950 PE=1 SV=1	False
O23708	0.8	0.009972353	0.030278707	PAB1	MEM	Proteasome subunit alpha type-2-A OS=Arabidopsis thaliana OX=3702 GN=PAB1 PE=1 SV=1	True
O23710	0.2	0.219738317	0.326183666	PBB1	SOL	Proteasome subunit beta type-7-A OS=Arabidopsis thaliana OX=3702 GN=PBB1 PE=1 SV=2	False
O23712	0.04	0.378865078	0.4423107	PAF2	MEM	Proteasome subunit alpha type-1-B OS=Arabidopsis thaliana OX=3702 GN=PAF2 PE=1 SV=2	False
O23714	0.6	0.08574889	0.130047809	PBD1	MEM	Proteasome subunit beta type-2-A OS=Arabidopsis thaliana OX=3702 GN=PBD1 PE=1 SV=1	False
O23717	0.62	0.002186776	0.013387161	PBE1	MEM	Proteasome subunit beta type-5-A OS=Arabidopsis thaliana OX=3702 GN=PBE1 PE=1 SV=1	True
O23722	0.14	0.09254941	0.137817564	MVD1	MEM	Diphosphomevalonate decarboxylase MVD1, peroxisomal OS=Arabidopsis thaliana OX=3702 GN=MVD1 PE=1 SV=1	False
O24412	-0.11	0.102606622	0.201515593	RPN8A	SOL	26S proteasome non-ATPase regulatory subunit 7 homolog A OS=Arabidopsis thaliana OX=3702 GN=RPN8A PE=1 SV=1	False
O24456	0.26	0.013050149	0.034989912	RACK1A	MEM	Receptor for activated C kinase 1A OS=Arabidopsis thaliana OX=3702 GN=RACK1A PE=1 SV=2	True
O24457	0.11	0.096788605	0.193673708	PDH-E1	SOL	Pyruvate dehydrogenase E1 component subunit alpha-3, chloroplastic OS=Arabidopsis thaliana OX=3702 GN=PDH-E1 ALPHA PE=2 SV=1	False
O24466	1.97	0.000143953	0.004436412	RABE1A	MEM	Ras-related protein RABE1a OS=Arabidopsis thaliana OX=3702 GN=RABE1A PE=1 SV=1	True
O24496	0.55	0.008154159	0.027199067	GLX2-2	MEM	Hydroxyacylglutathione hydrolase cytoplasmic OS=Arabidopsis thaliana OX=3702 GN=GLX2-2 PE=1 SV=2	True
O24520	0.37	0.010278612	0.030660525	AHB1	MEM	Non-symbiotic hemoglobin 1 OS=Arabidopsis thaliana OX=3702 GN=AHB1 PE=1 SV=1	True
O24521	-0.32	0.009404669	0.060717719	AHB2	SOL	Non-symbiotic hemoglobin 2 OS=Arabidopsis thaliana OX=3702 GN=AHB2 PE=1 SV=1	False
O24603	0.87	0.156379884	0.259676455	CHI	SOL	Endochitinase CHI OS=Arabidopsis thaliana OX=3702 GN=CHI PE=2 SV=1	False
O24616	0.05	0.080489553	0.172948306	PAD2	SOL	Proteasome subunit alpha type-7-B OS=Arabidopsis thaliana OX=3702 GN=PAD2 PE=1 SV=2	False
O24633	1.14	0.000513811	0.007387925	PBD2	MEM	Proteasome subunit beta type-2-B OS=Arabidopsis thaliana OX=3702 GN=PBD2 PE=1 SV=1	True
O24653	0.24	0.00183924	0.012336509	GDI2	MEM	Guanosine nucleotide diphosphate dissociation inhibitor 2 OS=Arabidopsis thaliana OX=3702 GN=GDI2 PE=2 SV=1	True
O24658	1.1	0.057171124	0.142850916	At2g43590	SOL	Endochitinase At2g43590 OS=Arabidopsis thaliana OX=3702 GN=At2g43590 PE=2 SV=1	False
O48528	-0.14	0.256695504	0.318785423	OEP163	MEM	Outer envelope pore protein 16-3, chloroplastic/mitochondrial OS=Arabidopsis thaliana OX=3702 GN=OEP163 PE=1 SV=1	False
O48529	-0.3	0.114999388	0.164997579	STR9	MEM	Rhodanese-like domain-containing protein 9, chloroplastic OS=Arabidopsis thaliana OX=3702 GN=STR9 PE=2 SV=1	False
O48549	-0.43	0.068075693	0.108586924	RPS6A	MEM	40S ribosomal protein S6-1 OS=Arabidopsis thaliana OX=3702 GN=RPS6A PE=1 SV=2	False
O48587	-0.15	0.00508278	0.046260068	T19K24.16	SOL	At5g44730 OS=Arabidopsis thaliana OX=3702 GN=T19K24.16 PE=1 SV=1	True
O48588	-0.48	0.0029707	0.040259894	T19K24.17	SOL	Molybdenum cofactor sulfurase family protein OS=Arabidopsis thaliana OX=3702 GN=T19K24.17 PE=1 SV=1	True
O48593	-0.1	0.191102397	0.297399353	SYNO	SOL	Asparagine--tRNA ligase, chloroplastic/mitochondrial OS=Arabidopsis thaliana OX=3702 GN=SYNO PE=2 SV=3	False
O48626	-0.75	0.004579573	0.01957546	ZW10	MEM	Centromere/kinetochore protein zw10 homolog OS=Arabidopsis thaliana OX=3702 GN=ZW10 PE=1 SV=1	True
O48646	0.14	0.013156892	0.070561017	GPX6	SOL	Probable phospholipid hydroperoxide glutathione peroxidase 6, mitochondrial OS=Arabidopsis thaliana OX=3702 GN=GPX6 PE=2 SV=2	False
O48661	0.29	0.039532364	0.118453629	SPDSYN2	SOL	Spermidine synthase 2 OS=Arabidopsis thaliana OX=3702 GN=SPDSYN2 PE=1 SV=2	False
O48671	-0.01	0.77775428	0.813011308	RER1B	MEM	Protein RER1B OS=Arabidopsis thaliana OX=3702 GN=RER1B PE=1 SV=2	False
O48676	-0.24	0.004729383	0.019909142	UGT74B1	MEM	UDP-glycosyltransferase 74B1 OS=Arabidopsis thaliana OX=3702 GN=UGT74B1 PE=1 SV=1	True
O48683	-0.48	0.030937503	0.060350541	At1g24160	MEM	F3I6.9 protein OS=Arabidopsis thaliana OX=3702 GN=At1g24160 PE=1 SV=1	False
O48723	-0.04	0.355472477	0.417888137	PLP2	MEM	Patatin-like protein 2 OS=Arabidopsis thaliana OX=3702 GN=PLP2 PE=1 SV=1	False
O48724	0.2	0.064056601	0.103454639	WEB1	MEM	Protein WEAK CHLOROPLAST MOVEMENT UNDER BLUE LIGHT 1 OS=Arabidopsis thaliana OX=3702 GN=WEB1 PE=1 SV=1	False
O48726	-0.2	0.03773372	0.116685794	RPN13	SOL	26S proteasome regulatory subunit RPN13 OS=Arabidopsis thaliana OX=3702 GN=RPN13 PE=1 SV=2	False
O48737	0.35	0.135518057	0.239428121	At1g03680	SOL	Thioredoxin M1, chloroplastic OS=Arabidopsis thaliana OX=3702 GN=At1g03680 PE=1 SV=1	False
O48741	-0.58	0.00189003	0.012510003	PORC	MEM	Protochlorophyllide reductase C, chloroplastic OS=Arabidopsis thaliana OX=3702 GN=PORC PE=1 SV=1	True
O48773	-0.52	0.048249449	0.08338028	PDIL2-3	MEM	Protein disulfide-isomerase 2-3 OS=Arabidopsis thaliana OX=3702 GN=PDIL2-3 PE=2 SV=1	False
O48782	-0.57	0.062943595	0.102029449	HO1	MEM	Heme oxygenase 1, chloroplastic OS=Arabidopsis thaliana OX=3702 GN=HO1 PE=1 SV=2	False
O48788	-0.41	0.027630876	0.056173538	At2g26730	MEM	Probable inactive receptor kinase At2g26730 OS=Arabidopsis thaliana OX=3702 GN=At2g26730 PE=1 SV=1	False
O48802	-0.44	0.000677919	0.024573729	CLMP1	SOL	Protein CLMP1 OS=Arabidopsis thaliana OX=3702 GN=CLMP1 PE=1 SV=1	True
O48832	0.31	0.013721366	0.036002691	ERD7	MEM	Protein EARLY-RESPONSIVE TO DEHYDRATION 7, chloroplastic OS=Arabidopsis thaliana OX=3702 GN=ERD7 PE=1 SV=1	True
O48844	0.22	0.018688556	0.043030909	RPN2A	MEM	26S proteasome non-ATPase regulatory subunit 1 homolog A OS=Arabidopsis thaliana OX=3702 GN=RPN2A PE=1 SV=1	True
O48917	0.16	0.129824545	0.233233833	SQD1	SOL	UDP-sulfoquinovose synthase, chloroplastic OS=Arabidopsis thaliana OX=3702 GN=SQD1 PE=1 SV=1	False
O48946	-0.22	0.191086857	0.249370898	CESA1	MEM	Cellulose synthase A catalytic subunit 1 [UDP-forming] OS=Arabidopsis thaliana OX=3702 GN=CESA1 PE=1 SV=1	False
O48962	1.18	0.000447694	0.006980396	At1g20050	MEM	Probable 3-beta-hydroxysteroid-Delta(8),Delta(7)-isomerase OS=Arabidopsis thaliana OX=3702 GN=At1g20050 PE=2 SV=1	True
O48963	-0.48	0.039895741	0.11917522	PHOT1	SOL	Phototropin-1 OS=Arabidopsis thaliana OX=3702 GN=PHOT1 PE=1 SV=1	False
O49006	0.97	0.044406121	0.078408909	PME3	MEM	Pectinesterase/pectinesterase inhibitor 3 OS=Arabidopsis thaliana OX=3702 GN=PME3 PE=1 SV=2	False
O49160	-0.44	0.001913822	0.036402305	TIF3C1	SOL	Eukaryotic translation initiation factor 3 subunit C OS=Arabidopsis thaliana OX=3702 GN=TIF3C1 PE=1 SV=2	True
O49195	-1.62	2.95061e-06	0.002757313	VSP1	MEM	Vegetative storage protein 1 OS=Arabidopsis thaliana OX=3702 GN=VSP1 PE=1 SV=2	True
O49196	-1.15	0.000571329	0.024419573	APK2	SOL	Adenylyl-sulfate kinase 2, chloroplastic OS=Arabidopsis thaliana OX=3702 GN=APK2 PE=1 SV=1	True
O49203	-0.41	0.013142447	0.035136006	NDPK3	MEM	Nucleoside diphosphate kinase III, chloroplastic/mitochondrial OS=Arabidopsis thaliana OX=3702 GN=NDPK3 PE=1 SV=1	True
O49213	0.02	0.670878441	0.719999232	GER1	MEM	GDP-L-fucose synthase 1 OS=Arabidopsis thaliana OX=3702 GN=GER1 PE=1 SV=3	False
O49285	-0.55	0.002640792	0.014623206	ACR3	MEM	ACT domain-containing protein ACR3 OS=Arabidopsis thaliana OX=3702 GN=ACR3 PE=2 SV=1	True
O49290	0.34	0.099485027	0.146399739	At1g77060	MEM	Carboxyvinyl-carboxyphosphonate phosphorylmutase, chloroplastic OS=Arabidopsis thaliana OX=3702 GN=At1g77060 PE=1 SV=2	False
O49292	1.18	0.04111736	0.074342882	PPD4	MEM	PsbP domain-containing protein 4, chloroplastic OS=Arabidopsis thaliana OX=3702 GN=PPD4 PE=1 SV=2	False
O49299	-0.15	0.01571166	0.038801077	At1g23190	MEM	Probable phosphoglucomutase, cytoplasmic 1 OS=Arabidopsis thaliana OX=3702 GN=At1g23190 PE=2 SV=2	True
O49304	-0.3	0.00086864	0.009199559	At1g23130	MEM	At1g23130/T26J12_10 OS=Arabidopsis thaliana OX=3702 GN=At1g23130 PE=1 SV=1	True
O49313	-0.74	0.002304049	0.013698993	At2g33220	MEM	NADH dehydrogenase [ubiquinone] 1 alpha subcomplex subunit 13-B OS=Arabidopsis thaliana OX=3702 GN=At2g33220 PE=2 SV=1	True
O49336	-0.27	0.090295464	0.185705832	At2g30710	SOL	Expressed protein OS=Arabidopsis thaliana OX=3702 GN=At2g30710 PE=1 SV=2	False
O49339	0.62	0.017093881	0.040783937	PTI12	MEM	PTI1-like tyrosine-protein kinase 2 OS=Arabidopsis thaliana OX=3702 GN=PTI12 PE=1 SV=1	True
O49340	-0.36	0.117288949	0.167635527	CYP71A12	MEM	Cytochrome P450 71A12 OS=Arabidopsis thaliana OX=3702 GN=CYP71A12 PE=2 SV=1	False
O49373	-0.32	0.08393838	0.127749651	''cytochrome	MEM	Cytochrome P450, family 96, subfamily A, polypeptide 2 OS=Arabidopsis thaliana OX=3702 GN=''cytochrome P450 PE=1 SV=1	False
O49377	0.35	0.027161797	0.055586815	VAMP711	MEM	Vesicle-associated membrane protein 711 OS=Arabidopsis thaliana OX=3702 GN=VAMP711 PE=1 SV=2	False
O49447	1.02	0.003457259	0.016582151	AAC3	MEM	ADP,ATP carrier protein 3, mitochondrial OS=Arabidopsis thaliana OX=3702 GN=AAC3 PE=1 SV=1	True
O49453	0.54	0.006463017	0.024005123	At4g28440	MEM	Uncharacterized protein At4g28440 OS=Arabidopsis thaliana OX=3702 GN=At4g28440 PE=1 SV=1	True
O49460	-0.31	0.016486478	0.039992377	PHB1	MEM	Prohibitin-1, mitochondrial OS=Arabidopsis thaliana OX=3702 GN=PHB1 PE=1 SV=1	True
O49472	-0.14	0.354906161	0.459461269	INDH	SOL	ATP binding protein-like OS=Arabidopsis thaliana OX=3702 GN=INDH PE=1 SV=1	False
O49485	0.3	0.19407046	0.252202039	PGDH1	MEM	D-3-phosphoglycerate dehydrogenase 1, chloroplastic OS=Arabidopsis thaliana OX=3702 GN=PGDH1 PE=1 SV=1	False
O49499	0.43	0.08836925	0.132900211	CCOAOMT1	MEM	Caffeoyl-CoA O-methyltransferase 1 OS=Arabidopsis thaliana OX=3702 GN=CCOAOMT1 PE=1 SV=1	False
O49506	0.08	0.380664066	0.484368951	GLO5	SOL	Peroxisomal (S)-2-hydroxy-acid oxidase GLO5 OS=Arabidopsis thaliana OX=3702 GN=GLO5 PE=1 SV=1	False
O49513	0.39	0.028082654	0.056696629	RABA1E	MEM	Ras-related protein RABA1e OS=Arabidopsis thaliana OX=3702 GN=RABA1E PE=2 SV=1	False
O49543	-0.01	0.284350216	0.347692967	NIFS1	MEM	Cysteine desulfurase, mitochondrial OS=Arabidopsis thaliana OX=3702 GN=NIFS1 PE=1 SV=1	False
O49545	-0.55	0.030423553	0.059747692	BAM1	MEM	Leucine-rich repeat receptor-like serine/threonine-protein kinase BAM1 OS=Arabidopsis thaliana OX=3702 GN=BAM1 PE=1 SV=1	False
O49553	-0.47	0.002081742	0.036651834	At4g21110	SOL	AT4g21110/F7J7_50 OS=Arabidopsis thaliana OX=3702 GN=At4g21110 PE=1 SV=1	True
O49562	-0.89	0.004500494	0.019434522	RP1	MEM	Pyruvate, phosphate dikinase regulatory protein 1, chloroplastic OS=Arabidopsis thaliana OX=3702 GN=RP1 PE=1 SV=1	True
O49597	-0.27	0.47337513	0.570209485	HMGB5	SOL	High mobility group B protein 5 OS=Arabidopsis thaliana OX=3702 GN=HMGB5 PE=2 SV=1	False
O49607	-0.08	0.095130514	0.191949469	SBT1.6	SOL	Subtilisin-like protease SBT1.6 OS=Arabidopsis thaliana OX=3702 GN=SBT1.6 PE=2 SV=1	False
O49613	0.8	0.014674765	0.037229567	HIPP25	MEM	Heavy metal-associated isoprenylated plant protein 25 OS=Arabidopsis thaliana OX=3702 GN=HIPP25 PE=2 SV=1	True
O49621	-0.15	0.227568469	0.288354757	MLO1	MEM	MLO-like protein 1 OS=Arabidopsis thaliana OX=3702 GN=MLO1 PE=1 SV=1	False
O49627	-0.51	0.018064792	0.042179928	ISU1	MEM	Iron-sulfur cluster assembly protein 1 OS=Arabidopsis thaliana OX=3702 GN=ISU1 PE=1 SV=1	True
O49629	-0.34	0.038801536	0.071487446	PAP2	MEM	Probable plastid-lipid-associated protein 2, chloroplastic OS=Arabidopsis thaliana OX=3702 GN=PAP2 PE=1 SV=1	False
O49653	0.87	0.016963222	0.079279059	GCP2	SOL	Probable tRNA N6-adenosine threonylcarbamoyltransferase OS=Arabidopsis thaliana OX=3702 GN=GCP2 PE=1 SV=1	False
O49675	-0.42	0.01867342	0.043009142	CCD4	MEM	Probable carotenoid cleavage dioxygenase 4, chloroplastic OS=Arabidopsis thaliana OX=3702 GN=CCD4 PE=1 SV=1	True
O49686	-0.11	0.174148734	0.278574182	PYR1	SOL	Abscisic acid receptor PYR1 OS=Arabidopsis thaliana OX=3702 GN=PYR1 PE=1 SV=1	False
O49841	0.63	0.030015474	0.059334993	RABC2A	MEM	Ras-related protein RABC2a OS=Arabidopsis thaliana OX=3702 GN=RABC2A PE=1 SV=1	False
O50008	0.5	0.005667331	0.022306864	MS1	MEM	5-methyltetrahydropteroyltriglutamate--homocysteine methyltransferase 1 OS=Arabidopsis thaliana OX=3702 GN=MS1 PE=1 SV=1	True
O50039	0.35	0.060746753	0.099125474	OTC	MEM	Ornithine transcarbamylase, chloroplastic OS=Arabidopsis thaliana OX=3702 GN=OTC PE=1 SV=2	False
O50061	-0.07	0.228632257	0.336029727	RPL4	SOL	50S ribosomal protein L4, chloroplastic OS=Arabidopsis thaliana OX=3702 GN=RPL4 PE=2 SV=2	False
O64477	-0.54	0.027550058	0.056120712	At2g19130	MEM	G-type lectin S-receptor-like serine/threonine-protein kinase At2g19130 OS=Arabidopsis thaliana OX=3702 GN=At2g19130 PE=2 SV=1	False
O64490	0.43	0.008629153	0.02806397	EIF2	MEM	Protein-synthesizing GTPase OS=Arabidopsis thaliana OX=3702 GN=EIF2 GAMMA PE=1 SV=1	True
O64495	-0.11	0.261635556	0.37067947	SBT1.2	SOL	Subtilisin-like protease SBT1.2 OS=Arabidopsis thaliana OX=3702 GN=SBT1.2 PE=2 SV=1	False
O64517	0.25	0.030266089	0.059551718	AMC4	MEM	Metacaspase-4 OS=Arabidopsis thaliana OX=3702 GN=AMC4 PE=1 SV=1	False
O64530	0.2	0.030320935	0.104217153	STR1	SOL	Thiosulfate/3-mercaptopyruvate sulfurtransferase 1, mitochondrial OS=Arabidopsis thaliana OX=3702 GN=STR1 PE=1 SV=1	False
O64587	0.37	0.005899051	0.022755958	ACD11	MEM	Accelerated cell death 11 OS=Arabidopsis thaliana OX=3702 GN=ACD11 PE=1 SV=1	True
O64636	-0.6	0.018756298	0.043096576	CYP76C1	MEM	Cytochrome P450 76C1 OS=Arabidopsis thaliana OX=3702 GN=CYP76C1 PE=2 SV=1	True
O64640	-0.76	0.007472619	0.026018377	CXE8	MEM	Probable carboxylesterase 8 OS=Arabidopsis thaliana OX=3702 GN=CXE8 PE=2 SV=1	True
O64642	-0.18	0.266020187	0.328460965	URT1	MEM	UTP:RNA uridylyltransferase 1 OS=Arabidopsis thaliana OX=3702 GN=URT1 PE=1 SV=2	False
O64644	-0.74	0.013971488	0.036338382	At2g45640	MEM	Histone deacetylase complex subunit SAP18 OS=Arabidopsis thaliana OX=3702 GN=At2g45640 PE=1 SV=1	True
O64688	-0.04	0.486895296	0.582815552	E1-BETA-2	SOL	Pyruvate dehydrogenase E1 component subunit beta-3, chloroplastic OS=Arabidopsis thaliana OX=3702 GN=E1-BETA-2 PE=1 SV=1	False
O64691	-0.3	0.027319002	0.055760046	CCP1	MEM	AT2G34560 protein OS=Arabidopsis thaliana OX=3702 GN=CCP1 PE=1 SV=2	False
O64696	-0.52	0.021649837	0.047509383	At2g34510	MEM	Uncharacterized protein At2g34510 OS=Arabidopsis thaliana OX=3702 GN=At2g34510 PE=1 SV=1	True
O64730	-0.69	0.000189194	0.004850727	At2g30170	MEM	Probable protein phosphatase 2C 26 OS=Arabidopsis thaliana OX=3702 GN=At2g30170 PE=2 SV=2	True
O64732	-0.4	0.003612197	0.042058061	UGT87A1	SOL	UDP-glycosyltransferase 87A1 OS=Arabidopsis thaliana OX=3702 GN=UGT87A1 PE=2 SV=1	True
O64740	0.27	0.0463073	0.080950666	SEC13B	MEM	Protein transport protein SEC13 homolog B OS=Arabidopsis thaliana OX=3702 GN=SEC13B PE=1 SV=1	False
O64743	1.09	0.004603072	0.045351432	MEE23	SOL	Berberine bridge enzyme-like 15 OS=Arabidopsis thaliana OX=3702 GN=MEE23 PE=1 SV=1	True
O64745	-1.15	0.005725148	0.048565728	At2g34810	SOL	Berberine bridge enzyme-like 16 OS=Arabidopsis thaliana OX=3702 GN=At2g34810 PE=2 SV=1	True
O64760	-0.33	0.071741323	0.162516329	At2g34970	SOL	eIF-2B GDP-GTP exchange factor subunit epsilon OS=Arabidopsis thaliana OX=3702 GN=At2g34970 PE=1 SV=1	False
O64764	1.35	0.001091035	0.00976055	At2g35010	MEM	Thioredoxin O1, mitochondrial OS=Arabidopsis thaliana OX=3702 GN=At2g35010 PE=1 SV=1	True
O64767	0.06	0.472198162	0.532218013	At2g35040	MEM	AICAR transformylase OS=Arabidopsis thaliana OX=3702 GN=At2g35040 PE=1 SV=1	False
O64768	0.32	0.009961791	0.030273028	At2g35050	MEM	Kinase superfamily with octicosapeptide/Phox/Bem1p domain-containing protein OS=Arabidopsis thaliana OX=3702 GN=At2g35050 PE=1 SV=1	True
O64816	0.38	0.052928057	0.137453283	CKA4	SOL	Casein kinase II subunit alpha-4, chloroplastic OS=Arabidopsis thaliana OX=3702 GN=CKA4 PE=2 SV=1	False
O64825	0.12	0.3992283	0.462743402	LYK4	MEM	LysM domain receptor-like kinase 4 OS=Arabidopsis thaliana OX=3702 GN=LYK4 PE=1 SV=1	False
O64835	-1.32	0.005774827	0.022526555	YCF37	MEM	At2g23670/F26B6.32 OS=Arabidopsis thaliana OX=3702 GN=YCF37 PE=1 SV=1	True
O64858	-0.1	0.241143204	0.349373202	At2g44230	SOL	At2g44230/F4I1.4 OS=Arabidopsis thaliana OX=3702 GN=At2g44230 PE=1 SV=1	False
O64864	0.14	0.151994042	0.206533211	LTPG13	MEM	Non-specific lipid transfer protein GPI-anchored 13 OS=Arabidopsis thaliana OX=3702 GN=LTPG13 PE=2 SV=1	False
O64866	-0.21	0.244009592	0.305233698	At2g44310	MEM	Calcium-binding EF-hand family protein OS=Arabidopsis thaliana OX=3702 GN=At2g44310 PE=1 SV=1	False
O64883	-0.64	0.008165783	0.027208541	BGLU26	MEM	Beta-glucosidase 26, peroxisomal OS=Arabidopsis thaliana OX=3702 GN=BGLU26 PE=1 SV=1	True
O64888	-0.31	0.06836502	0.108878468	PRS5	MEM	Ribose-phosphate pyrophosphokinase 5, chloroplastic OS=Arabidopsis thaliana OX=3702 GN=PRS5 PE=2 SV=2	False
O64903	0.4	0.0253473	0.094672872	NDPK2	SOL	Nucleoside diphosphate kinase II, chloroplastic OS=Arabidopsis thaliana OX=3702 GN=NDPK2 PE=1 SV=2	False
O64948	0.1	0.253161148	0.315112048	LON2	MEM	Lon protease homolog 2, peroxisomal OS=Arabidopsis thaliana OX=3702 GN=LON2 PE=2 SV=1	False
O65041	-0.5	0.005144909	0.02096467	ECR1	MEM	NEDD8-activating enzyme E1 catalytic subunit OS=Arabidopsis thaliana OX=3702 GN=ECR1 PE=1 SV=2	True
O65155	-0.19	0.080815466	0.17331594	KELP	SOL	RNA polymerase II transcriptional coactivator KELP OS=Arabidopsis thaliana OX=3702 GN=KELP PE=1 SV=1	False
O65202	0.18	0.056564862	0.142052547	ACX1	SOL	Peroxisomal acyl-coenzyme A oxidase 1 OS=Arabidopsis thaliana OX=3702 GN=ACX1 PE=1 SV=1	False
O65238	-0.05	0.738866666	0.777968199	At5g35370	MEM	G-type lectin S-receptor-like serine/threonine-protein kinase At5g35370 OS=Arabidopsis thaliana OX=3702 GN=At5g35370 PE=2 SV=2	False
O65258	-0.78	0.008662848	0.057819422	BAM2	SOL	Beta-amylase 2, chloroplastic OS=Arabidopsis thaliana OX=3702 GN=BAM2 PE=1 SV=2	False
O65271	-0.28	0.022085197	0.047919154	FOLD4	MEM	Bifunctional protein FolD 4, chloroplastic OS=Arabidopsis thaliana OX=3702 GN=FOLD4 PE=1 SV=1	True
O65272	1.07	0.012310956	0.03371816	KEA2	MEM	K(+) efflux antiporter 2, chloroplastic OS=Arabidopsis thaliana OX=3702 GN=KEA2 PE=1 SV=2	True
O65282	0.83	0.08761527	0.132174984	CPN20	MEM	20 kDa chaperonin, chloroplastic OS=Arabidopsis thaliana OX=3702 GN=CPN20 PE=1 SV=2	False
O65351	1.0	0.014062803	0.073026339	SBT1.7	SOL	Subtilisin-like protease SBT1.7 OS=Arabidopsis thaliana OX=3702 GN=SBT1.7 PE=1 SV=1	False
O65370	1.53	0.000808822	0.025005634	At1g12080	SOL	At1g12080 OS=Arabidopsis thaliana OX=3702 GN=At1g12080 PE=1 SV=1	True
O65398	0.27	0.00137725	0.03201959	GLX1	SOL	Lactoylglutathione lyase GLX1 OS=Arabidopsis thaliana OX=3702 GN=GLX1 PE=1 SV=1	True
O65399	0.35	0.175489062	0.279601033	At1g11820	SOL	Glucan endo-1,3-beta-glucosidase 1 OS=Arabidopsis thaliana OX=3702 GN=At1g11820 PE=2 SV=3	False
O65402	-0.73	0.007205458	0.025502814	SQE6	MEM	Squalene epoxidase 6 OS=Arabidopsis thaliana OX=3702 GN=SQE6 PE=2 SV=1	True
O65423	0.23	0.003605345	0.042058061	F18E5.200	SOL	AT4g21580/F18E5_200 OS=Arabidopsis thaliana OX=3702 GN=F18E5.200 PE=1 SV=1	True
O65449	0.24	0.052127925	0.136107733	sks4	SOL	At4g22010 OS=Arabidopsis thaliana OX=3702 GN=sks4 PE=1 SV=1	False
O65502	0.29	0.232462562	0.293435831	HCF244	MEM	Protein HIGH CHLOROPHYLL FLUORESCENCE PHENOTYPE 244, chloroplastic OS=Arabidopsis thaliana OX=3702 GN=HCF244 PE=1 SV=1	False
O65569	1.38	0.008752191	0.028283932	RPS11B	MEM	40S ribosomal protein S11-2 OS=Arabidopsis thaliana OX=3702 GN=RPS11B PE=2 SV=2	True
O65570	0.49	0.001435359	0.010970824	VLN4	MEM	Villin-4 OS=Arabidopsis thaliana OX=3702 GN=VLN4 PE=1 SV=1	True
O65572	-0.35	0.00533559	0.021474075	CCD1	MEM	Carotenoid 9,10(9',10')-cleavage dioxygenase 1 OS=Arabidopsis thaliana OX=3702 GN=CCD1 PE=1 SV=2	True
O65581	-0.77	0.001429021	0.032276056	FBA5	SOL	Fructose-bisphosphate aldolase 5, cytosolic OS=Arabidopsis thaliana OX=3702 GN=FBA5 PE=1 SV=1	True
O65639	-0.12	0.100374905	0.198163103	CSP1	SOL	Cold shock protein 1 OS=Arabidopsis thaliana OX=3702 GN=CSP1 PE=1 SV=1	False
O65655	0.63	0.010611844	0.0310054	At4g39680	MEM	SAP domain-containing protein OS=Arabidopsis thaliana OX=3702 GN=At4g39680 PE=1 SV=1	True
O65660	-0.73	0.01646479	0.039970558	PLAT1	MEM	PLAT domain-containing protein 1 OS=Arabidopsis thaliana OX=3702 GN=PLAT1 PE=1 SV=1	True
O65679	-0.06	0.556317865	0.64043347	PLR3	SOL	Probable pinoresinol-lariciresinol reductase 3 OS=Arabidopsis thaliana OX=3702 GN=PLR3 PE=3 SV=2	False
O65693	0.09	0.89440205	0.91914004	At4g34730	SOL	Probable ribosome-binding factor A, chloroplastic OS=Arabidopsis thaliana OX=3702 GN=At4g34730 PE=2 SV=2	False
O65719	0.35	0.005417878	0.021645891	HSP70-3	MEM	Heat shock 70 kDa protein 3 OS=Arabidopsis thaliana OX=3702 GN=HSP70-3 PE=1 SV=1	True
O65782	-0.85	0.000154932	0.00454454	CYP83B1	MEM	Cytochrome P450 83B1 OS=Arabidopsis thaliana OX=3702 GN=CYP83B1 PE=1 SV=1	True
O65784	-0.37	0.041209042	0.074461525	CYP71B5	MEM	Cytochrome P450 71B5 OS=Arabidopsis thaliana OX=3702 GN=CYP71B5 PE=2 SV=1	False
O65785	0.11	0.856098069	0.879182159	CYP71B3	MEM	Cytochrome P450 71B3 OS=Arabidopsis thaliana OX=3702 GN=CYP71B3 PE=2 SV=2	False
O65787	-0.53	0.019643118	0.044605162	CYP71B6	MEM	Cytochrome P450 71B6 OS=Arabidopsis thaliana OX=3702 GN=CYP71B6 PE=2 SV=1	True
O65788	-0.42	0.005256142	0.021246336	CYP71B2	MEM	Cytochrome P450 71B2 OS=Arabidopsis thaliana OX=3702 GN=CYP71B2 PE=2 SV=2	True
O65896	0.25	0.019641711	0.044605162	CDA1	MEM	Cytidine deaminase 1 OS=Arabidopsis thaliana OX=3702 GN=CDA1 PE=1 SV=1	True
O78310	1.49	0.004475356	0.045351432	CSD2	SOL	Superoxide dismutase [Cu-Zn] 2, chloroplastic OS=Arabidopsis thaliana OX=3702 GN=CSD2 PE=1 SV=2	True
O80386	0.06	0.607868718	0.66030672	CIP7	MEM	COP1-interacting protein 7 OS=Arabidopsis thaliana OX=3702 GN=CIP7 PE=1 SV=1	False
O80397	-0.53	0.024186262	0.051350909	MKK4	MEM	Mitogen-activated protein kinase kinase 4 OS=Arabidopsis thaliana OX=3702 GN=MKK4 PE=1 SV=1	False
O80448	0.47	0.00023041	0.005244668	PDX11	MEM	Pyridoxal 5'-phosphate synthase subunit PDX1.1 OS=Arabidopsis thaliana OX=3702 GN=PDX11 PE=1 SV=1	True
O80452	-0.14	0.075100863	0.11704047	AMPD	MEM	AMP deaminase OS=Arabidopsis thaliana OX=3702 GN=AMPD PE=1 SV=2	False
O80456	-0.99	0.000110723	0.004282644	At2g23390	MEM	Acyl-CoA OS=Arabidopsis thaliana OX=3702 GN=At2g23390 PE=1 SV=1	True
O80476	-0.1	0.401664161	0.50360283	MES2	SOL	Methylesterase 2 OS=Arabidopsis thaliana OX=3702 GN=MES2 PE=1 SV=1	False
O80477	0.32	0.062057184	0.150898867	MES3	SOL	Methylesterase 3 OS=Arabidopsis thaliana OX=3702 GN=MES3 PE=2 SV=1	False
O80480	-0.49	0.006498332	0.024117012	IMPA4	MEM	Importin subunit alpha-4 OS=Arabidopsis thaliana OX=3702 GN=IMPA4 PE=1 SV=1	True
O80501	0.3	0.09791687	0.144481022	RABH1B	MEM	Ras-related protein RABH1b OS=Arabidopsis thaliana OX=3702 GN=RABH1B PE=1 SV=1	False
O80503	-0.06	0.422758093	0.483948135	At2g44640	MEM	Expressed protein OS=Arabidopsis thaliana OX=3702 GN=At2g44640 PE=1 SV=2	False
O80504	-0.08	0.695088929	0.758919458	CPN10-2	SOL	10 kDa chaperonin 2, chloroplastic OS=Arabidopsis thaliana OX=3702 GN=CPN10-2 PE=2 SV=1	False
O80517	2.08	0.00935172	0.060480968	At2g44790	SOL	Uclacyanin-2 OS=Arabidopsis thaliana OX=3702 GN=At2g44790 PE=2 SV=1	False
O80526	-0.23	0.01082247	0.031384449	ACLA-3	MEM	ATP-citrate synthase alpha chain protein 3 OS=Arabidopsis thaliana OX=3702 GN=ACLA-3 PE=2 SV=1	True
O80532	-0.36	0.058177834	0.095927363	At1g09490	MEM	At1g09490/F14J9_15 OS=Arabidopsis thaliana OX=3702 GN=At1g09490 PE=1 SV=1	False
O80533	-0.09	0.193221429	0.251168939	At1g09500	MEM	At1g09500/F14J9_16 OS=Arabidopsis thaliana OX=3702 GN=At1g09500 PE=1 SV=1	False
O80548	-0.42	0.035198666	0.066443471	MRF2	MEM	MA3 DOMAIN-CONTAINING TRANSLATION REGULATORY FACTOR 2 OS=Arabidopsis thaliana OX=3702 GN=MRF2 PE=1 SV=1	False
O80565	-0.23	0.058165851	0.095927363	OEP37	MEM	Outer envelope pore protein 37, chloroplastic OS=Arabidopsis thaliana OX=3702 GN=OEP37 PE=2 SV=2	False
O80567	-0.47	0.049399266	0.084776986	LARP6B	MEM	La-related protein 6B OS=Arabidopsis thaliana OX=3702 GN=LARP6B PE=1 SV=2	False
O80574	0.64	0.042458051	0.076023636	DAPB1	MEM	4-hydroxy-tetrahydrodipicolinate reductase 1, chloroplastic OS=Arabidopsis thaliana OX=3702 GN=DAPB1 PE=1 SV=2	False
O80575	0.33	0.085245185	0.1797551	At2g44050	SOL	6,7-dimethyl-8-ribityllumazine synthase, chloroplastic OS=Arabidopsis thaliana OX=3702 GN=At2g44050 PE=1 SV=1	False
O80576	0.69	0.000726934	0.008402232	late	MEM	At2g44060 OS=Arabidopsis thaliana OX=3702 GN=late embryogenesis abundant 26 PE=1 SV=1	True
O80585	0.19	0.014009972	0.036407905	MTHFR2	MEM	Methylenetetrahydrofolate reductase 2 OS=Arabidopsis thaliana OX=3702 GN=MTHFR2 PE=1 SV=2	True
O80626	0.94	0.037953884	0.116937417	RPL35B	SOL	60S ribosomal protein L35-2 OS=Arabidopsis thaliana OX=3702 GN=RPL35B PE=2 SV=1	False
O80634	-0.36	0.09510873	0.140941704	PNSL1	MEM	Photosynthetic NDH subunit of lumenal location 1, chloroplastic OS=Arabidopsis thaliana OX=3702 GN=PNSL1 PE=1 SV=2	False
O80653	-0.99	0.0009	0.009328871	SKIP	MEM	SNW/SKI-interacting protein OS=Arabidopsis thaliana OX=3702 GN=SKIP PE=1 SV=1	True
O80704	-0.58	0.022172325	0.0480409	At1g61990	MEM	At1g61990/F8K4_18 OS=Arabidopsis thaliana OX=3702 GN=At1g61990 PE=1 SV=1	True
O80713	0.6	0.002643545	0.014623206	SDR3a	MEM	Short-chain dehydrogenase reductase 3a OS=Arabidopsis thaliana OX=3702 GN=SDR3a PE=2 SV=1	True
O80719	0.85	0.011984901	0.033316089	At2g47060	MEM	Probable receptor-like protein kinase At2g47060 OS=Arabidopsis thaliana OX=3702 GN=At2g47060 PE=1 SV=1	True
O80725	0.77	0.018315795	0.042541535	ABCB4	MEM	ABC transporter B family member 4 OS=Arabidopsis thaliana OX=3702 GN=ABCB4 PE=1 SV=1	True
O80731	-0.27	0.026102483	0.096384181	PAE3	SOL	Pectin acetylesterase 3 OS=Arabidopsis thaliana OX=3702 GN=PAE3 PE=2 SV=1	False
O80763	-0.16	0.059939865	0.098188114	At1g60420	MEM	Probable nucleoredoxin 1 OS=Arabidopsis thaliana OX=3702 GN=At1g60420 PE=1 SV=1	False
O80798	-0.42	0.020155902	0.045342964	At1g65270	MEM	AT1G65270 protein OS=Arabidopsis thaliana OX=3702 GN=At1g65270 PE=1 SV=1	True
O80837	0.69	0.052873859	0.089143101	DBP	MEM	Remorin OS=Arabidopsis thaliana OX=3702 GN=DBP PE=1 SV=1	False
O80840	0.37	0.023473772	0.050112971	PMM	MEM	Phosphomannomutase OS=Arabidopsis thaliana OX=3702 GN=PMM PE=1 SV=1	False
O80842	-0.29	0.076026105	0.168390459	CPFTSY	SOL	Cell division protein FtsY homolog, chloroplastic OS=Arabidopsis thaliana OX=3702 GN=CPFTSY PE=1 SV=2	False
O80852	-0.47	0.065393646	0.1555458	GSTF9	SOL	Glutathione S-transferase F9 OS=Arabidopsis thaliana OX=3702 GN=GSTF9 PE=1 SV=1	False
O80858	2.44	0.00058397	0.007774831	At2g30930	MEM	Expressed protein OS=Arabidopsis thaliana OX=3702 GN=At2g30930 PE=1 SV=1	True
O80885	-1.31	0.002233384	0.013555711	ARASP	MEM	Membrane metalloprotease ARASP, chloroplastic OS=Arabidopsis thaliana OX=3702 GN=ARASP PE=2 SV=1	True
O80891	0.37	0.028353758	0.057032786	CSLB4	MEM	Cellulose synthase-like protein B4 OS=Arabidopsis thaliana OX=3702 GN=CSLB4 PE=3 SV=1	False
O80910	0.8	0.004968033	0.020528203	TOL6	MEM	TOM1-like protein 6 OS=Arabidopsis thaliana OX=3702 GN=TOL6 PE=1 SV=1	True
O80912	-0.09	0.752230648	0.805218373	PER23	SOL	Peroxidase 23 OS=Arabidopsis thaliana OX=3702 GN=PER23 PE=2 SV=1	False
O80924	-0.61	0.009475776	0.029432799	At2g37540	MEM	NAD(P)-binding Rossmann-fold superfamily protein OS=Arabidopsis thaliana OX=3702 GN=At2g37540 PE=1 SV=1	True
O80925	-0.26	0.027250096	0.05568055	AGD7	MEM	ADP-ribosylation factor GTPase-activating protein AGD7 OS=Arabidopsis thaliana OX=3702 GN=AGD7 PE=1 SV=1	False
O80929	-0.79	0.000723511	0.008402232	RPL36A	MEM	60S ribosomal protein L36-1 OS=Arabidopsis thaliana OX=3702 GN=RPL36A PE=3 SV=1	True
O80934	-0.17	0.332110478	0.39567983	At2g37660	MEM	Uncharacterized protein At2g37660, chloroplastic OS=Arabidopsis thaliana OX=3702 GN=At2g37660 PE=1 SV=2	False
O80939	-1.52	0.000923717	0.009385056	LECRK41	MEM	L-type lectin-domain containing receptor kinase IV.1 OS=Arabidopsis thaliana OX=3702 GN=LECRK41 PE=2 SV=1	True
O80944	0.61	0.000690609	0.024912216	AKR4C8	SOL	Aldo-keto reductase family 4 member C8 OS=Arabidopsis thaliana OX=3702 GN=AKR4C8 PE=1 SV=2	True
O80950	0.52	0.000736268	0.008445123	JAL22	MEM	Jacalin-related lectin 22 OS=Arabidopsis thaliana OX=3702 GN=JAL22 PE=1 SV=1	True
O80977	-0.45	0.005720976	0.022423043	VSR3	MEM	Vacuolar-sorting receptor 3 OS=Arabidopsis thaliana OX=3702 GN=VSR3 PE=2 SV=1	True
O80983	-0.46	0.029024073	0.057989687	FTSH4	MEM	ATP-dependent zinc metalloprotease FTSH 4, mitochondrial OS=Arabidopsis thaliana OX=3702 GN=FTSH4 PE=1 SV=2	False
O80988	-0.73	0.00976669	0.029885365	GLDP2	MEM	Glycine dehydrogenase (decarboxylating) 2, mitochondrial OS=Arabidopsis thaliana OX=3702 GN=GLDP2 PE=1 SV=1	True
O80990	-0.04	0.684919642	0.750794787	CIA1	SOL	Protein CIA1 OS=Arabidopsis thaliana OX=3702 GN=CIA1 PE=1 SV=2	False
O81014	-0.23	0.019023221	0.083349324	ISPE	SOL	4-diphosphocytidyl-2-C-methyl-D-erythritol kinase, chloroplastic OS=Arabidopsis thaliana OX=3702 GN=ISPE PE=2 SV=1	False
O81016	-0.58	0.016359723	0.039798666	ABCG32	MEM	ABC transporter G family member 32 OS=Arabidopsis thaliana OX=3702 GN=ABCG32 PE=1 SV=1	True
O81027	0.08	0.036193282	0.114107883	HMGCL	SOL	Hydroxymethylglutaryl-CoA lyase, mitochondrial OS=Arabidopsis thaliana OX=3702 GN=HMGCL PE=1 SV=2	False
O81030	1.64	0.002532817	0.038221914	GULLO5	SOL	L-gulonolactone oxidase 5 OS=Arabidopsis thaliana OX=3702 GN=GULLO5 PE=1 SV=1	True
O81062	-0.75	0.008260143	0.027444229	SPP	MEM	Signal peptide peptidase OS=Arabidopsis thaliana OX=3702 GN=SPP PE=2 SV=1	True
O81098	-0.65	0.001106224	0.009818659	NRPB5A	MEM	DNA-directed RNA polymerases II and IV subunit 5A OS=Arabidopsis thaliana OX=3702 GN=NRPB5A PE=1 SV=1	True
O81108	-0.51	0.01359035	0.035838067	ACA2	MEM	Calcium-transporting ATPase 2, plasma membrane-type OS=Arabidopsis thaliana OX=3702 GN=ACA2 PE=1 SV=1	True
O81127	-0.59	0.013896292	0.036289345	RSZ21	MEM	Serine/arginine-rich splicing factor RSZ21 OS=Arabidopsis thaliana OX=3702 GN=RSZ21 PE=1 SV=1	True
O81146	1.15	0.010439257	0.030928957	PAA1	MEM	Proteasome subunit alpha type-6-A OS=Arabidopsis thaliana OX=3702 GN=PAA1 PE=1 SV=2	True
O81147	0.67	0.005168522	0.021001782	PAA2	MEM	Proteasome subunit alpha type-6-B OS=Arabidopsis thaliana OX=3702 GN=PAA2 PE=1 SV=1	True
O81148	1.22	0.0004012	0.0066849	PAC1	MEM	Proteasome subunit alpha type-4-A OS=Arabidopsis thaliana OX=3702 GN=PAC1 PE=1 SV=1	True
O81149	0.58	0.040815749	0.07396233	PAE1	MEM	Proteasome subunit alpha type-5-A OS=Arabidopsis thaliana OX=3702 GN=PAE1 PE=1 SV=1	False
O81283	-0.41	0.00050477	0.023597535	TOC159	SOL	Translocase of chloroplast 159, chloroplastic OS=Arabidopsis thaliana OX=3702 GN=TOC159 PE=1 SV=1	True
O81291	-1.27	0.004889834	0.020400267	LECRK44	MEM	L-type lectin-domain containing receptor kinase IV.4 OS=Arabidopsis thaliana OX=3702 GN=LECRK44 PE=3 SV=1	True
O81292	-0.23	0.740575649	0.77967254	LECRK43	MEM	L-type lectin-domain containing receptor kinase IV.3 OS=Arabidopsis thaliana OX=3702 GN=LECRK43 PE=2 SV=1	False
O81296	0.49	0.019928307	0.045014999	At4g02370	MEM	AT4g02370 protein OS=Arabidopsis thaliana OX=3702 GN=At4g02370 PE=1 SV=1	True
O81299	0.02	0.574264914	0.657731593	At4g02340	SOL	AT4g02340 protein OS=Arabidopsis thaliana OX=3702 GN=At4g02340 PE=1 SV=1	False
O81439	0.4	0.010739281	0.031265707	PAP1	MEM	Probable plastid-lipid-associated protein 1, chloroplastic OS=Arabidopsis thaliana OX=3702 GN=PAP1 PE=1 SV=1	True
O81493	1.0	0.000176634	0.004817749	F9D12.8	MEM	F9D12.8 protein OS=Arabidopsis thaliana OX=3702 GN=F9D12.8 PE=1 SV=1	True
O81629	-0.41	0.01673732	0.078321804	KLCR1	SOL	Protein KINESIN LIGHT CHAIN-RELATED 1 OS=Arabidopsis thaliana OX=3702 GN=KLCR1 PE=1 SV=1	False
O81644	0.6	0.000243432	0.005373422	VLN2	MEM	Villin-2 OS=Arabidopsis thaliana OX=3702 GN=VLN2 PE=1 SV=2	True
O81645	1.12	0.003079509	0.01578482	VLN3	MEM	Villin-3 OS=Arabidopsis thaliana OX=3702 GN=VLN3 PE=1 SV=2	True
O81716	0.45	0.007126396	0.025412739	PPC4-2	MEM	Probable protein phosphatase 2C 21 OS=Arabidopsis thaliana OX=3702 GN=PPC4-2 PE=1 SV=1	True
O81742	-0.57	0.017668706	0.080451077	BETAC-AD	SOL	Beta-adaptin-like protein C OS=Arabidopsis thaliana OX=3702 GN=BETAC-AD PE=1 SV=2	False
O81746	0.26	0.035020777	0.111882801	At4g23500	SOL	Pectin lyase-like superfamily protein OS=Arabidopsis thaliana OX=3702 GN=At4g23500 PE=1 SV=1	False
O81815	0.38	0.080306467	0.123446105	MO1	MEM	Monooxygenase 1 OS=Arabidopsis thaliana OX=3702 GN=MO1 PE=2 SV=1	False
O81816	-0.45	0.05032213	0.085995407	MO2	MEM	Monooxygenase 2 OS=Arabidopsis thaliana OX=3702 GN=MO2 PE=2 SV=1	False
O81826	0.21	0.323717705	0.429196755	At4g27230	SOL	Probable histone H2A.3 OS=Arabidopsis thaliana OX=3702 GN=At4g27230 PE=1 SV=1	False
O81845	-0.4	0.012104071	0.033441042	PUMP1	MEM	Mitochondrial uncoupling protein 1 OS=Arabidopsis thaliana OX=3702 GN=PUMP1 PE=1 SV=1	True
O81852	-0.48	0.000128549	0.004436412	AKHSDH2	MEM	Bifunctional aspartokinase/homoserine dehydrogenase 2, chloroplastic OS=Arabidopsis thaliana OX=3702 GN=AKHSDH2 PE=1 SV=1	True
O81862	1.55	0.001191964	0.010216866	ChiC	MEM	Class V chitinase OS=Arabidopsis thaliana OX=3702 GN=ChiC PE=1 SV=1	True
O81884	0.1	0.21741321	0.277644766	LGALDH	MEM	L-galactose dehydrogenase OS=Arabidopsis thaliana OX=3702 GN=LGALDH PE=1 SV=1	False
O82089	-0.37	0.134199651	0.237833915	CCH	SOL	Copper transport protein CCH OS=Arabidopsis thaliana OX=3702 GN=CCH PE=1 SV=1	False
O82122	-2.73	0.000733398	0.025005634	VSP2	SOL	Vegetative storage protein 2 OS=Arabidopsis thaliana OX=3702 GN=VSP2 PE=2 SV=1	True
O82179	0.53	0.010307005	0.063194187	GDH2	SOL	Glycine cleavage system H protein 2, mitochondrial OS=Arabidopsis thaliana OX=3702 GN=GDH2 PE=2 SV=1	False
O82191	2.07	0.001531316	0.0330791	NADP-ME1	SOL	NADP-dependent malic enzyme 1 OS=Arabidopsis thaliana OX=3702 GN=NADP-ME1 PE=1 SV=1	True
O82197	1.07	0.05034527	0.085995407	VPS32.1	MEM	Vacuolar protein sorting-associated protein 32 homolog 1 OS=Arabidopsis thaliana OX=3702 GN=VPS32.1 PE=1 SV=1	False
O82204	1.68	0.005050994	0.020751053	RPL28A	MEM	60S ribosomal protein L28-1 OS=Arabidopsis thaliana OX=3702 GN=RPL28A PE=1 SV=1	True
O82209	-0.48	0.007726125	0.026484277	At2g19680	MEM	Copia-like retroelement pol polyprotein OS=Arabidopsis thaliana OX=3702 GN=At2g19680 PE=1 SV=1	True
O82230	-0.07	0.256548745	0.365353339	STIC2	SOL	Nucleoid-associated protein At2g24020, chloroplastic OS=Arabidopsis thaliana OX=3702 GN=STIC2 PE=1 SV=2	False
O82233	-0.49	0.016444072	0.078155513	EIF(ISO)4G2	SOL	Eukaryotic translation initiation factor isoform 4G-2 OS=Arabidopsis thaliana OX=3702 GN=EIF(ISO)4G2 PE=1 SV=1	False
O82234	-0.36	0.043661509	0.125132833	IF3-2	SOL	Translation initiation factor IF3-2, chloroplastic OS=Arabidopsis thaliana OX=3702 GN=IF3-2 PE=2 SV=1	False
O82240	-0.06	0.776296319	0.825272954	At2g47710	SOL	Adenine nucleotide alpha hydrolases-like superfamily protein OS=Arabidopsis thaliana OX=3702 GN=At2g47710 PE=1 SV=1	False
O82251	-0.16	0.090251522	0.134905485	TIC20-II	MEM	Protein TIC 20-II, chloroplastic OS=Arabidopsis thaliana OX=3702 GN=TIC20-II PE=2 SV=1	False
O82263	-0.16	0.139149476	0.242670678	At2g47960	SOL	At2g47960/T9J23.10 OS=Arabidopsis thaliana OX=3702 GN=At2g47960 PE=1 SV=2	False
O82264	-0.42	0.056528013	0.142052547	At2g47970	SOL	NPL4-like protein 2 OS=Arabidopsis thaliana OX=3702 GN=At2g47970 PE=1 SV=1	False
O82290	0.05	0.373859327	0.437284332	SKL2	MEM	Probable inactive shikimate kinase like 2, chloroplastic OS=Arabidopsis thaliana OX=3702 GN=SKL2 PE=2 SV=2	False
O82291	-0.98	0.012584233	0.034074963	PAP3	MEM	Probable plastid-lipid-associated protein 3, chloroplastic OS=Arabidopsis thaliana OX=3702 GN=PAP3 PE=1 SV=1	True
O82299	-0.36	0.07226686	0.163176856	At2g35410	SOL	Putative chloroplast RNA binding protein OS=Arabidopsis thaliana OX=3702 GN=At2g35410 PE=1 SV=1	False
O82314	-0.46	0.134104142	0.186561346	At2g25830	MEM	Probable transcriptional regulatory protein At2g25830 OS=Arabidopsis thaliana OX=3702 GN=At2g25830 PE=2 SV=2	False
O82326	-0.25	0.186929949	0.293156031	At2g14880	SOL	Expressed protein OS=Arabidopsis thaliana OX=3702 GN=At2g14880 PE=1 SV=1	False
O82328	0.55	0.150193283	0.254853307	GASA7	SOL	Gibberellin-regulated protein 7 OS=Arabidopsis thaliana OX=3702 GN=GASA7 PE=3 SV=1	False
O82352	-0.48	0.01400761	0.036407905	RTNLB5	MEM	Reticulon-like protein B5 OS=Arabidopsis thaliana OX=3702 GN=RTNLB5 PE=1 SV=1	True
O82355	0.11	0.701621343	0.764479208	At2g46140	SOL	Desiccation-related protein At2g46140 OS=Arabidopsis thaliana OX=3702 GN=At2g46140 PE=1 SV=1	False
O82357	-0.27	0.032037415	0.107323574	KPHMT1	SOL	3-methyl-2-oxobutanoate hydroxymethyltransferase 1, mitochondrial OS=Arabidopsis thaliana OX=3702 GN=KPHMT1 PE=1 SV=1	False
O82359	-0.9	0.001867622	0.012436858	LCKB2	MEM	Sphingoid long-chain bases kinase 2, mitochondrial OS=Arabidopsis thaliana OX=3702 GN=LCKB2 PE=2 SV=1	True
O82390	-0.83	0.000259208	0.005524826	ANTR1	MEM	Sodium-dependent phosphate transport protein 1, chloroplastic OS=Arabidopsis thaliana OX=3702 GN=ANTR1 PE=1 SV=1	True
O82392	-0.29	0.004101189	0.043836437	THIC	SOL	Phosphomethylpyrimidine synthase, chloroplastic OS=Arabidopsis thaliana OX=3702 GN=THIC PE=1 SV=1	True
O82399	0.21	0.149098313	0.2535934	PMDH1	SOL	Malate dehydrogenase 1, peroxisomal OS=Arabidopsis thaliana OX=3702 GN=PMDH1 PE=1 SV=1	False
O82413	-0.27	0.112985756	0.214019156	At3g46100	SOL	Histidine--tRNA ligase, chloroplastic/mitochondrial OS=Arabidopsis thaliana OX=3702 GN=At3g46100 PE=2 SV=1	False
O82462	-0.31	0.007487958	0.054605514	At5g26710	SOL	Glutamate--tRNA ligase, cytoplasmic OS=Arabidopsis thaliana OX=3702 GN=At5g26710 PE=1 SV=1	False
O82481	-0.52	0.041367928	0.074705043	ARAC10	MEM	Rac-like GTP-binding protein ARAC10 OS=Arabidopsis thaliana OX=3702 GN=ARAC10 PE=1 SV=1	False
O82487	0.59	0.080285477	0.123446105	T12H20.10	MEM	Phosphoenolpyruvate carboxylase family protein OS=Arabidopsis thaliana OX=3702 GN=T12H20.10 PE=1 SV=1	False
O82491	-0.1	0.473448058	0.570209485	SPT16	SOL	FACT complex subunit SPT16 OS=Arabidopsis thaliana OX=3702 GN=SPT16 PE=1 SV=1	False
O82499	-0.15	0.228028598	0.335407861	At4g11175	SOL	Translation initiation factor IF-1, chloroplastic OS=Arabidopsis thaliana OX=3702 GN=At4g11175 PE=2 SV=2	False
O82514	-0.17	0.042561855	0.076165476	ADK1	MEM	Adenylate kinase 4 OS=Arabidopsis thaliana OX=3702 GN=ADK1 PE=1 SV=2	False
O82597	-0.1	0.1676687	0.223389996	PPA5	MEM	Soluble inorganic pyrophosphatase 5 OS=Arabidopsis thaliana OX=3702 GN=PPA5 PE=2 SV=1	False
O82628	0.24	0.502744413	0.596163197	VHA-G1	SOL	V-type proton ATPase subunit G1 OS=Arabidopsis thaliana OX=3702 GN=VHA-G1 PE=1 SV=1	False
O82629	1.61	1.60332e-05	0.003126341	VHA-G2	MEM	V-type proton ATPase subunit G2 OS=Arabidopsis thaliana OX=3702 GN=VHA-G2 PE=1 SV=2	True
O82656	-0.11	0.148336165	0.203226888	PTP1	MEM	Protein-tyrosine-phosphatase PTP1 OS=Arabidopsis thaliana OX=3702 GN=PTP1 PE=1 SV=1	False
O82659	1.39	0.000616577	0.007891849	CML20	MEM	Probable calcium-binding protein CML20 OS=Arabidopsis thaliana OX=3702 GN=CML20 PE=1 SV=1	True
O82662	0.06	0.647068111	0.718531957	At2g20420	SOL	Succinate--CoA ligase [ADP-forming] subunit beta, mitochondrial OS=Arabidopsis thaliana OX=3702 GN=At2g20420 PE=1 SV=1	False
O82663	0.13	0.227068815	0.287800123	SDH1-1	MEM	Succinate dehydrogenase [ubiquinone] flavoprotein subunit 1, mitochondrial OS=Arabidopsis thaliana OX=3702 GN=SDH1-1 PE=1 SV=1	False
O82734	-0.06	0.48505296	0.581359442	TOPP8	SOL	Serine/threonine-protein phosphatase PP1 isozyme 8 OS=Arabidopsis thaliana OX=3702 GN=TOPP8 PE=1 SV=3	False
O82762	-0.05	0.004628909	0.045351432	At2g25970	SOL	F17H15.1/F17H15.1 OS=Arabidopsis thaliana OX=3702 GN=At2g25970 PE=1 SV=1	True
O82768	-0.07	0.723096582	0.781007369	HISN2	SOL	Histidine biosynthesis bifunctional protein hisIE, chloroplastic OS=Arabidopsis thaliana OX=3702 GN=HISN2 PE=1 SV=1	False
O82772	0.2	0.007061865	0.052942806	BGLU25	SOL	Probable inactive beta-glucosidase 25 OS=Arabidopsis thaliana OX=3702 GN=BGLU25 PE=2 SV=1	False
O82782	0.37	0.111877014	0.161490073	HISN3	MEM	1-(5-phosphoribosyl)-5-[(5-phosphoribosylamino)methylideneamino] imidazole-4-carboxamide isomerase, chloroplastic OS=Arabidopsis thaliana OX=3702 GN=HISN3 PE=2 SV=1	False
O82796	-0.07	0.174853512	0.279307061	PSP	SOL	Phosphoserine phosphatase, chloroplastic OS=Arabidopsis thaliana OX=3702 GN=PSP PE=1 SV=2	False
O82808	0.09	0.255656529	0.364292171	At2g25950	SOL	At2g25950 OS=Arabidopsis thaliana OX=3702 GN=At2g25950 PE=1 SV=2	False
P04778	-0.92	0.010475163	0.030945742	LHCB1.3	MEM	Chlorophyll a-b binding protein 1, chloroplastic OS=Arabidopsis thaliana OX=3702 GN=LHCB1.3 PE=1 SV=1	True
P05466	-0.14	0.017946146	0.081051845	At2g45300	SOL	3-phosphoshikimate 1-carboxyvinyltransferase, chloroplastic OS=Arabidopsis thaliana OX=3702 GN=At2g45300 PE=2 SV=3	False
P06525	0.63	0.002560189	0.014450233	ADH1	MEM	Alcohol dehydrogenase class-P OS=Arabidopsis thaliana OX=3702 GN=ADH1 PE=1 SV=2	True
P09468	0.76	0.000167988	0.00470214	atpE	MEM	ATP synthase epsilon chain, chloroplastic OS=Arabidopsis thaliana OX=3702 GN=atpE PE=1 SV=2	True
P0C896	-0.35	0.016213984	0.039649776	At3g02650	MEM	Pentatricopeptide repeat-containing protein At3g02650, mitochondrial OS=Arabidopsis thaliana OX=3702 GN=At3g02650 PE=1 SV=1	True
P0CJ46	-0.13	0.118648414	0.219932095	ACT1	SOL	Actin-1 OS=Arabidopsis thaliana OX=3702 GN=ACT1 PE=1 SV=1	False
P0CZ23	0.14	0.122705626	0.173236742	ACX3	MEM	Acyl-coenzyme A oxidase 3, peroxisomal OS=Arabidopsis thaliana OX=3702 GN=ACX3 PE=1 SV=1	False
P0DH99	1.46	8.89124e-05	0.00412232	A1	MEM	Elongation factor 1-alpha 1 OS=Arabidopsis thaliana OX=3702 GN=A1 PE=1 SV=1	True
P0DI10	0.3	0.070912796	0.112111707	PER1	MEM	Peroxidase 1 OS=Arabidopsis thaliana OX=3702 GN=PER1 PE=1 SV=1	False
P0DI79	-0.25	0.030545167	0.059855394	At3g28300	MEM	UPF0496 protein At3g28300 OS=Arabidopsis thaliana OX=3702 GN=At3g28300 PE=2 SV=1	False
P0DKC4	-0.71	0.090897394	0.135696303	PGLP1B	MEM	Phosphoglycolate phosphatase 1B, chloroplastic OS=Arabidopsis thaliana OX=3702 GN=PGLP1B PE=1 SV=1	False
P0DKL6	-0.47	0.01983083	0.044867902	SAP130B	MEM	Spliceosome-associated protein 130 B OS=Arabidopsis thaliana OX=3702 GN=SAP130B PE=2 SV=1	True
P0DO24	0.51	0.487940458	0.546844027	PSI3	MEM	Protein PSK SIMULATOR 3 OS=Arabidopsis thaliana OX=3702 GN=PSI3 PE=1 SV=1	False
P10795	-0.48	3.70609e-05	0.012627865	RBCS-1A	SOL	Ribulose bisphosphate carboxylase small subunit 1A, chloroplastic OS=Arabidopsis thaliana OX=3702 GN=RBCS-1A PE=1 SV=2	True
P10796	-0.49	0.003756437	0.042682089	RBCS-1B	SOL	Ribulose bisphosphate carboxylase small subunit 1B, chloroplastic OS=Arabidopsis thaliana OX=3702 GN=RBCS-1B PE=1 SV=1	True
P10798	-0.59	0.000195804	0.0179829	RBCS-3B	SOL	Ribulose bisphosphate carboxylase small subunit 3B, chloroplastic OS=Arabidopsis thaliana OX=3702 GN=RBCS-3B PE=1 SV=2	True
P10896	-0.36	0.000887907	0.025877934	RCA	SOL	Ribulose bisphosphate carboxylase/oxygenase activase, chloroplastic OS=Arabidopsis thaliana OX=3702 GN=RCA PE=1 SV=2	True
P11035	0.52	0.018168214	0.042272713	NIA2	MEM	Nitrate reductase [NADH] 2 OS=Arabidopsis thaliana OX=3702 GN=NIA2 PE=1 SV=1	True
P11139	-0.78	0.00060628	0.007891849	TUBA1	MEM	Tubulin alpha-1 chain OS=Arabidopsis thaliana OX=3702 GN=TUBA1 PE=2 SV=1	True
P11574	0.23	0.000788414	0.025005634	VHA-B1	SOL	V-type proton ATPase subunit B1 OS=Arabidopsis thaliana OX=3702 GN=VHA-B1 PE=2 SV=2	True
P11832	-0.31	0.137426879	0.241708671	NIA1	SOL	Nitrate reductase [NADH] 1 OS=Arabidopsis thaliana OX=3702 GN=NIA1 PE=1 SV=3	False
P12411	1.53	3.48402e-05	0.003642269	TUBB1	MEM	Tubulin beta-1 chain OS=Arabidopsis thaliana OX=3702 GN=TUBB1 PE=2 SV=1	True
P14671	-0.21	0.025921269	0.096022406	TSB1	SOL	Tryptophan synthase beta chain 1, chloroplastic OS=Arabidopsis thaliana OX=3702 GN=TSB1 PE=2 SV=1	False
P14891	1.03	0.014237905	0.036804688	HMG1	MEM	3-hydroxy-3-methylglutaryl-coenzyme A reductase 1 OS=Arabidopsis thaliana OX=3702 GN=HMG1 PE=1 SV=1	True
P15455	2.29	8.68507e-05	0.00412232	CRA1	MEM	12S seed storage protein CRA1 OS=Arabidopsis thaliana OX=3702 GN=CRA1 PE=1 SV=2	True
P15456	0.48	0.320050749	0.427490875	CRB	SOL	12S seed storage protein CRB OS=Arabidopsis thaliana OX=3702 GN=CRB PE=1 SV=2	False
P15457	1.84	0.14386919	0.247802908	AT2S1	SOL	2S seed storage protein 1 OS=Arabidopsis thaliana OX=3702 GN=AT2S1 PE=1 SV=1	False
P15459	3.55	0.08833276	0.182892377	AT2S3	SOL	2S seed storage protein 3 OS=Arabidopsis thaliana OX=3702 GN=AT2S3 PE=1 SV=1	False
P15460	1.18	0.202045921	0.309057892	AT2S4	SOL	2S seed storage protein 4 OS=Arabidopsis thaliana OX=3702 GN=AT2S4 PE=2 SV=1	False
P16127	-0.37	0.000609816	0.007891849	CHLI1	MEM	Magnesium-chelatase subunit ChlI-1, chloroplastic OS=Arabidopsis thaliana OX=3702 GN=CHLI1 PE=1 SV=1	True
P16180	0.62	0.014769135	0.037403205	RPS17	MEM	30S ribosomal protein S17, chloroplastic OS=Arabidopsis thaliana OX=3702 GN=RPS17 PE=1 SV=1	True
P16181	0.12	0.07556625	0.117686804	RPS11A	MEM	40S ribosomal protein S11-1 OS=Arabidopsis thaliana OX=3702 GN=RPS11A PE=2 SV=1	False
P17094	-0.11	0.187401179	0.245561077	ARP1	MEM	60S ribosomal protein L3-1 OS=Arabidopsis thaliana OX=3702 GN=ARP1 PE=1 SV=5	False
P17562	0.41	0.091719014	0.187552007	SAM2	SOL	S-adenosylmethionine synthase 2 OS=Arabidopsis thaliana OX=3702 GN=SAM2 PE=1 SV=1	False
P17597	-0.31	0.041318583	0.074630436	ALS	MEM	Acetolactate synthase, chloroplastic OS=Arabidopsis thaliana OX=3702 GN=ALS PE=1 SV=1	False
P17745	0.23	0.051992918	0.135898478	TUFA	SOL	Elongation factor Tu, chloroplastic OS=Arabidopsis thaliana OX=3702 GN=TUFA PE=1 SV=1	False
P18064	0.36	0.145404171	0.200006062	GPA1	MEM	Guanine nucleotide-binding protein alpha-1 subunit OS=Arabidopsis thaliana OX=3702 GN=GPA1 PE=1 SV=1	False
P18612	1.62	0.005914912	0.022779705	KIN1	MEM	Stress-induced protein KIN1 OS=Arabidopsis thaliana OX=3702 GN=KIN1 PE=2 SV=1	True
P18616	-0.71	0.001487102	0.011082913	NRPB1	MEM	DNA-directed RNA polymerase II subunit RPB1 OS=Arabidopsis thaliana OX=3702 GN=NRPB1 PE=1 SV=3	True
P19171	0.49	0.383946726	0.487377541	CHI-B	SOL	Basic endochitinase B OS=Arabidopsis thaliana OX=3702 GN=CHI-B PE=1 SV=3	False
P19366	-0.31	0.000677504	0.024573729	atpB	SOL	ATP synthase subunit beta, chloroplastic OS=Arabidopsis thaliana OX=3702 GN=atpB PE=1 SV=2	True
P19456	0.23	0.289364477	0.352640628	AHA2	MEM	ATPase 2, plasma membrane-type OS=Arabidopsis thaliana OX=3702 GN=AHA2 PE=1 SV=2	False
P19892	0.52	0.052219343	0.088376317	RABA5E	MEM	Ras-related protein RABA5e OS=Arabidopsis thaliana OX=3702 GN=RABA5E PE=2 SV=1	False
P20115	0.23	0.052293631	0.088469819	CSY4	MEM	Citrate synthase 4, mitochondrial OS=Arabidopsis thaliana OX=3702 GN=CSY4 PE=1 SV=3	False
P20431	-0.3	0.161876278	0.216832295	AHA3	MEM	ATPase 3, plasma membrane-type OS=Arabidopsis thaliana OX=3702 GN=AHA3 PE=1 SV=2	False
P20649	0.28	0.030480654	0.059834542	AHA1	MEM	ATPase 1, plasma membrane-type OS=Arabidopsis thaliana OX=3702 GN=AHA1 PE=1 SV=3	False
P21216	-0.13	0.100104974	0.197735264	PPA2	SOL	Soluble inorganic pyrophosphatase 2 OS=Arabidopsis thaliana OX=3702 GN=PPA2 PE=2 SV=2	False
P21218	-0.9	0.000105295	0.004282644	PORB	MEM	Protochlorophyllide reductase B, chloroplastic OS=Arabidopsis thaliana OX=3702 GN=PORB PE=1 SV=3	True
P21238	-0.11	0.149935886	0.254537026	CPN60A1	SOL	Chaperonin 60 subunit alpha 1, chloroplastic OS=Arabidopsis thaliana OX=3702 GN=CPN60A1 PE=1 SV=2	False
P21240	-0.17	0.070279769	0.160802084	CPN60B1	SOL	Chaperonin 60 subunit beta 1, chloroplastic OS=Arabidopsis thaliana OX=3702 GN=CPN60B1 PE=1 SV=3	False
P21276	0.99	0.001786555	0.035402365	FSD1	SOL	Superoxide dismutase [Fe] 1, chloroplastic OS=Arabidopsis thaliana OX=3702 GN=FSD1 PE=1 SV=4	True
P22738	-0.53	0.01355317	0.035832036	ARP2	MEM	60S ribosomal protein L3-2 OS=Arabidopsis thaliana OX=3702 GN=ARP2 PE=2 SV=4	True
P22953	0.49	0.000488756	0.007282537	HSP70-1	MEM	Heat shock 70 kDa protein 1 OS=Arabidopsis thaliana OX=3702 GN=HSP70-1 PE=1 SV=3	True
P22954	0.35	0.08489728	0.129039977	HSP70-2	MEM	Heat shock 70 kDa protein 2 OS=Arabidopsis thaliana OX=3702 GN=HSP70-2 PE=1 SV=2	False
P23321	0.09	0.490094119	0.585826507	PSBO1	SOL	Oxygen-evolving enhancer protein 1-1, chloroplastic OS=Arabidopsis thaliana OX=3702 GN=PSBO1 PE=1 SV=2	False
P23586	0.41	0.059048371	0.097152098	STP1	MEM	Sugar transport protein 1 OS=Arabidopsis thaliana OX=3702 GN=STP1 PE=1 SV=2	False
P23686	0.31	0.046891412	0.12953718	SAM1	SOL	S-adenosylmethionine synthase 1 OS=Arabidopsis thaliana OX=3702 GN=SAM1 PE=1 SV=2	False
P24100	-0.2	0.048973621	0.084248743	CDKA-1	MEM	Cyclin-dependent kinase A-1 OS=Arabidopsis thaliana OX=3702 GN=CDKA-1 PE=1 SV=1	False
P24636	0.61	1.97368e-05	0.003387239	TUBB4	MEM	Tubulin beta-4 chain OS=Arabidopsis thaliana OX=3702 GN=TUBB4 PE=2 SV=2	True
P24806	0.62	0.00915757	0.028971742	XTH24	MEM	Xyloglucan endotransglucosylase/hydrolase protein 24 OS=Arabidopsis thaliana OX=3702 GN=XTH24 PE=1 SV=2	True
P25269	-0.6	0.000870022	0.025727714	TSB2	SOL	Tryptophan synthase beta chain 2, chloroplastic OS=Arabidopsis thaliana OX=3702 GN=TSB2 PE=1 SV=2	True
P25696	0.88	0.00271007	0.014785848	ENO2	MEM	Bifunctional enolase 2/transcriptional activator OS=Arabidopsis thaliana OX=3702 GN=ENO2 PE=1 SV=1	True
P25697	0.6	0.132742998	0.185166719	At1g32060	MEM	Phosphoribulokinase, chloroplastic OS=Arabidopsis thaliana OX=3702 GN=At1g32060 PE=1 SV=1	False
P25851	-0.15	0.497606196	0.591917984	CFBP1	SOL	Fructose-1,6-bisphosphatase 1, chloroplastic OS=Arabidopsis thaliana OX=3702 GN=CFBP1 PE=1 SV=2	False
P25855	0.13	0.314070044	0.377770246	GDH1	MEM	Glycine cleavage system H protein 1, mitochondrial OS=Arabidopsis thaliana OX=3702 GN=GDH1 PE=1 SV=1	False
P25856	-0.43	8.75963e-05	0.00412232	GAPA1	MEM	Glyceraldehyde-3-phosphate dehydrogenase GAPA1, chloroplastic OS=Arabidopsis thaliana OX=3702 GN=GAPA1 PE=1 SV=3	True
P25857	-0.18	0.1885787	0.246686636	GAPB	MEM	Glyceraldehyde-3-phosphate dehydrogenase GAPB, chloroplastic OS=Arabidopsis thaliana OX=3702 GN=GAPB PE=1 SV=2	False
P25858	0.29	0.062267464	0.151212262	GAPC1	SOL	Glyceraldehyde-3-phosphate dehydrogenase GAPC1, cytosolic OS=Arabidopsis thaliana OX=3702 GN=GAPC1 PE=1 SV=2	False
P25864	-0.04	0.424176769	0.524032846	RPL9	SOL	50S ribosomal protein L9, chloroplastic OS=Arabidopsis thaliana OX=3702 GN=RPL9 PE=2 SV=1	False
P25873	0.82	0.000711863	0.008362669	RPL15	MEM	50S ribosomal protein L15, chloroplastic OS=Arabidopsis thaliana OX=3702 GN=RPL15 PE=1 SV=2	True
P26568	0.38	0.004965398	0.046074248	At1g06760	SOL	Histone H1.1 OS=Arabidopsis thaliana OX=3702 GN=At1g06760 PE=1 SV=1	True
P26569	0.13	0.006184763	0.050345594	At2g30620	SOL	Histone H1.2 OS=Arabidopsis thaliana OX=3702 GN=At2g30620 PE=1 SV=1	False
P27140	-0.67	0.000851891	0.025321617	BCA1	SOL	Beta carbonic anhydrase 1, chloroplastic OS=Arabidopsis thaliana OX=3702 GN=BCA1 PE=1 SV=2	True
P27323	0.39	0.026323247	0.054415559	HSP90-1	MEM	Heat shock protein 90-1 OS=Arabidopsis thaliana OX=3702 GN=HSP90-1 PE=1 SV=3	False
P27521	-1.33	0.003857411	0.017572019	LHCA4	MEM	Chlorophyll a-b binding protein 4, chloroplastic OS=Arabidopsis thaliana OX=3702 GN=LHCA4 PE=1 SV=1	True
P28185	-0.65	0.005755194	0.022481303	RABA1A	MEM	Ras-related protein RABA1a OS=Arabidopsis thaliana OX=3702 GN=RABA1A PE=1 SV=1	True
P28187	0.14	0.426951129	0.488326996	RABA5C	MEM	Ras-related protein RABA5c OS=Arabidopsis thaliana OX=3702 GN=RABA5C PE=1 SV=1	False
P28188	0.75	0.028138783	0.056747768	RABD2A	MEM	Ras-related protein RABD2a OS=Arabidopsis thaliana OX=3702 GN=RABD2A PE=1 SV=3	False
P28493	-1.48	0.084027524	0.178198782	At1g75040	SOL	Pathogenesis-related protein 5 OS=Arabidopsis thaliana OX=3702 GN=At1g75040 PE=1 SV=1	False
P28769	0.38	0.006656971	0.024509998	CCT1	MEM	T-complex protein 1 subunit alpha OS=Arabidopsis thaliana OX=3702 GN=CCT1 PE=1 SV=1	True
P29197	0.26	0.030568029	0.059879573	CPN60	MEM	Chaperonin CPN60, mitochondrial OS=Arabidopsis thaliana OX=3702 GN=CPN60 PE=1 SV=2	False
P29402	0.3	0.005246446	0.046576541	CNX1	SOL	Calnexin homolog 1 OS=Arabidopsis thaliana OX=3702 GN=CNX1 PE=1 SV=1	True
P29513	0.28	0.027409959	0.055921131	TUBB5	MEM	Tubulin beta-5 chain OS=Arabidopsis thaliana OX=3702 GN=TUBB5 PE=2 SV=1	False
P29514	-0.03	0.381671785	0.445307708	TUBB6	MEM	Tubulin beta-6 chain OS=Arabidopsis thaliana OX=3702 GN=TUBB6 PE=2 SV=1	False
P29515	0.04	0.772914061	0.808588356	TUBB7	MEM	Tubulin beta-7 chain OS=Arabidopsis thaliana OX=3702 GN=TUBB7 PE=2 SV=1	False
P29516	0.47	0.024802644	0.052171999	TUBB8	MEM	Tubulin beta-8 chain OS=Arabidopsis thaliana OX=3702 GN=TUBB8 PE=2 SV=2	False
P29517	0.72	0.001656135	0.011730539	TUBB9	MEM	Tubulin beta-9 chain OS=Arabidopsis thaliana OX=3702 GN=TUBB9 PE=1 SV=1	True
P29976	-0.88	0.002727494	0.014785848	DHS1	MEM	Phospho-2-dehydro-3-deoxyheptonate aldolase 1, chloroplastic OS=Arabidopsis thaliana OX=3702 GN=DHS1 PE=2 SV=2	True
P30184	-0.14	0.004498637	0.045351432	LAP1	SOL	Leucine aminopeptidase 1 OS=Arabidopsis thaliana OX=3702 GN=LAP1 PE=1 SV=1	True
P30302	0.09	0.810618168	0.84177837	PIP2-3	MEM	Aquaporin PIP2-3 OS=Arabidopsis thaliana OX=3702 GN=PIP2-3 PE=1 SV=1	False
P31167	-0.22	0.063339193	0.102545491	AAC1	MEM	ADP,ATP carrier protein 1, mitochondrial OS=Arabidopsis thaliana OX=3702 GN=AAC1 PE=1 SV=2	False
P31168	0.81	0.000202576	0.0179829	COR47	SOL	Dehydrin COR47 OS=Arabidopsis thaliana OX=3702 GN=COR47 PE=1 SV=2	True
P31169	0.75	0.05478296	0.091597345	KIN2	MEM	Stress-induced protein KIN2 OS=Arabidopsis thaliana OX=3702 GN=KIN2 PE=1 SV=1	False
P31265	0.37	0.068366777	0.108878468	TCTP1	MEM	Translationally-controlled tumor protein 1 OS=Arabidopsis thaliana OX=3702 GN=TCTP1 PE=1 SV=2	False
P31414	-0.11	0.069279647	0.110035166	AVP1	MEM	Pyrophosphate-energized vacuolar membrane proton pump 1 OS=Arabidopsis thaliana OX=3702 GN=AVP1 PE=1 SV=1	False
P32068	-0.4	1.70236e-05	0.011500224	ASA1	SOL	Anthranilate synthase alpha subunit 1, chloroplastic OS=Arabidopsis thaliana OX=3702 GN=ASA1 PE=1 SV=1	True
P32069	0.09	0.486626985	0.582776008	ASA2	SOL	Anthranilate synthase alpha subunit 2, chloroplastic OS=Arabidopsis thaliana OX=3702 GN=ASA2 PE=2 SV=1	False
P32746	-0.04	0.422876049	0.483969937	PYRD	MEM	Dihydroorotate dehydrogenase (quinone), mitochondrial OS=Arabidopsis thaliana OX=3702 GN=PYRD PE=1 SV=2	False
P32826	0.41	0.000900565	0.009328871	SCPL49	MEM	Serine carboxypeptidase-like 49 OS=Arabidopsis thaliana OX=3702 GN=SCPL49 PE=2 SV=2	True
P32961	1.53	0.00998899	0.030316029	NIT1	MEM	Nitrilase 1 OS=Arabidopsis thaliana OX=3702 GN=NIT1 PE=1 SV=2	True
P32962	0.26	0.094855198	0.191748905	NIT2	SOL	Nitrilase 2 OS=Arabidopsis thaliana OX=3702 GN=NIT2 PE=1 SV=1	False
P33157	-0.16	0.775443663	0.824484456	BG2	SOL	Glucan endo-1,3-beta-glucosidase, acidic isoform OS=Arabidopsis thaliana OX=3702 GN=BG2 PE=1 SV=2	False
P33207	1.02	0.019738242	0.044760246	At1g24360	MEM	3-oxoacyl-[acyl-carrier-protein] reductase, chloroplastic OS=Arabidopsis thaliana OX=3702 GN=At1g24360 PE=1 SV=2	True
P34066	0.02	0.621518903	0.697036864	PAF1	SOL	Proteasome subunit alpha type-1-A OS=Arabidopsis thaliana OX=3702 GN=PAF1 PE=1 SV=3	False
P34788	0.55	0.04356688	0.077368755	RPS18A	MEM	40S ribosomal protein S18 OS=Arabidopsis thaliana OX=3702 GN=RPS18A PE=1 SV=1	False
P34789	0.56	0.00988963	0.030096645	RPS28C	MEM	40S ribosomal protein S28-2 OS=Arabidopsis thaliana OX=3702 GN=RPS28C PE=3 SV=1	True
P34790	0.56	0.000321702	0.006119988	CYP18-3	MEM	Peptidyl-prolyl cis-trans isomerase CYP18-3 OS=Arabidopsis thaliana OX=3702 GN=CYP18-3 PE=1 SV=1	True
P34791	0.77	0.02584006	0.05374478	CYP20-3	MEM	Peptidyl-prolyl cis-trans isomerase CYP20-3, chloroplastic OS=Arabidopsis thaliana OX=3702 GN=CYP20-3 PE=1 SV=1	False
P34802	-0.22	0.045696387	0.128294268	GGPPS1	SOL	Heterodimeric geranylgeranyl pyrophosphate synthase large subunit 1, chloroplastic OS=Arabidopsis thaliana OX=3702 GN=GGPPS1 PE=1 SV=2	False
P34893	0.69	0.012006575	0.067694129	CPN10	SOL	10 kDa chaperonin, mitochondrial OS=Arabidopsis thaliana OX=3702 GN=CPN10 PE=1 SV=1	False
P35131	-0.54	0.000190203	0.0179829	UBC8	SOL	Ubiquitin-conjugating enzyme E2 8 OS=Arabidopsis thaliana OX=3702 GN=UBC8 PE=1 SV=1	True
P35510	0.33	0.000772041	0.008686831	PAL1	MEM	Phenylalanine ammonia-lyase 1 OS=Arabidopsis thaliana OX=3702 GN=PAL1 PE=1 SV=3	True
P35614	-0.25	0.075169687	0.166891529	ERF1-3	SOL	Eukaryotic peptide chain release factor subunit 1-3 OS=Arabidopsis thaliana OX=3702 GN=ERF1-3 PE=1 SV=1	False
P36210	-0.36	0.241273106	0.302788788	RPL12A	MEM	50S ribosomal protein L12-1, chloroplastic OS=Arabidopsis thaliana OX=3702 GN=RPL12A PE=2 SV=1	False
P36428	-0.11	0.004760974	0.045351432	ALATS	SOL	Alanine--tRNA ligase OS=Arabidopsis thaliana OX=3702 GN=ALATS PE=1 SV=3	True
P37107	0.31	0.087952384	0.132556195	FFC	MEM	Signal recognition particle 54 kDa protein, chloroplastic OS=Arabidopsis thaliana OX=3702 GN=FFC PE=1 SV=1	False
P37271	-0.05	0.372929217	0.477387944	PSY1	SOL	Phytoene synthase, chloroplastic OS=Arabidopsis thaliana OX=3702 GN=PSY1 PE=1 SV=2	False
P37702	-1.47	0.009724739	0.029817634	TGG1	MEM	Myrosinase 1 OS=Arabidopsis thaliana OX=3702 GN=TGG1 PE=1 SV=1	True
P38025	0.23	0.080316405	0.123446105	PUR7	MEM	Phosphoribosylaminoimidazole-succinocarboxamide synthase, chloroplastic OS=Arabidopsis thaliana OX=3702 GN=PUR7 PE=2 SV=2	False
P38418	-0.87	0.003389245	0.016559547	LOX2	MEM	Lipoxygenase 2, chloroplastic OS=Arabidopsis thaliana OX=3702 GN=LOX2 PE=1 SV=1	True
P38420	-0.96	0.004109041	0.018384843	NRPB2	MEM	DNA-directed RNA polymerase II subunit 2 OS=Arabidopsis thaliana OX=3702 GN=NRPB2 PE=1 SV=2	True
P38558	-0.28	0.041655889	0.075011756	TUBG2	MEM	Tubulin gamma-2 chain OS=Arabidopsis thaliana OX=3702 GN=TUBG2 PE=1 SV=1	False
P38605	-0.47	0.003021599	0.040259894	CAS1	SOL	Cycloartenol synthase OS=Arabidopsis thaliana OX=3702 GN=CAS1 PE=1 SV=2	True
P38666	0.67	0.020840138	0.086515678	RPL24B	SOL	60S ribosomal protein L24-2 OS=Arabidopsis thaliana OX=3702 GN=RPL24B PE=1 SV=2	False
P39207	0.59	0.019282564	0.043962922	NDK1	MEM	Nucleoside diphosphate kinase 1 OS=Arabidopsis thaliana OX=3702 GN=NDK1 PE=1 SV=1	True
P40283	0.98	0.019242817	0.043915398	At5g59910	MEM	Histone H2B.11 OS=Arabidopsis thaliana OX=3702 GN=At5g59910 PE=1 SV=5	True
P40940	-0.05	0.406754488	0.468920662	ARF3	MEM	ADP-ribosylation factor 3 OS=Arabidopsis thaliana OX=3702 GN=ARF3 PE=1 SV=2	False
P40941	0.17	0.216827079	0.276972377	AAC2	MEM	ADP,ATP carrier protein 2, mitochondrial OS=Arabidopsis thaliana OX=3702 GN=AAC2 PE=1 SV=2	False
P41088	-0.05	0.510189843	0.568966064	CHI1	MEM	Chalcone--flavanone isomerase 1 OS=Arabidopsis thaliana OX=3702 GN=CHI1 PE=1 SV=2	False
P41376	-0.24	0.134091996	0.237699814	EIF4A1	SOL	Eukaryotic initiation factor 4A-1 OS=Arabidopsis thaliana OX=3702 GN=EIF4A1 PE=1 SV=1	False
P41377	-0.16	0.087824738	0.182479749	TIF4A-2	SOL	Eukaryotic initiation factor 4A-2 OS=Arabidopsis thaliana OX=3702 GN=TIF4A-2 PE=1 SV=1	False
P41568	0.93	0.029821243	0.059042458	At4g27130	MEM	Protein translation factor SUI1 homolog 1 OS=Arabidopsis thaliana OX=3702 GN=At4g27130 PE=1 SV=2	False
P41916	-0.13	0.03165598	0.061338412	RAN1	MEM	GTP-binding nuclear protein Ran-1 OS=Arabidopsis thaliana OX=3702 GN=RAN1 PE=1 SV=1	False
P42036	0.29	0.030159524	0.059499232	RPS14C	MEM	40S ribosomal protein S14-3 OS=Arabidopsis thaliana OX=3702 GN=RPS14C PE=2 SV=2	False
P42643	0.1	0.128964389	0.18065512	GRF1	MEM	14-3-3-like protein GF14 chi OS=Arabidopsis thaliana OX=3702 GN=GRF1 PE=1 SV=3	False
P42644	0.35	0.020948548	0.086578787	GRF3	SOL	14-3-3-like protein GF14 psi OS=Arabidopsis thaliana OX=3702 GN=GRF3 PE=1 SV=2	False
P42645	0.51	0.001565634	0.011447239	GRF5	MEM	14-3-3-like protein GF14 upsilon OS=Arabidopsis thaliana OX=3702 GN=GRF5 PE=1 SV=2	True
P42697	-0.55	0.011028743	0.065088203	DRP1A	SOL	Phragmoplastin DRP1A OS=Arabidopsis thaliana OX=3702 GN=DRP1A PE=1 SV=3	False
P42731	0.41	0.014565856	0.037093551	PAB2	MEM	Polyadenylate-binding protein 2 OS=Arabidopsis thaliana OX=3702 GN=PAB2 PE=1 SV=1	True
P42732	1.08	0.00187558	0.012442088	RPS13	MEM	30S ribosomal protein S13, chloroplastic OS=Arabidopsis thaliana OX=3702 GN=RPS13 PE=2 SV=1	True
P42733	-0.29	0.112698731	0.213778009	RPS11C	SOL	40S ribosomal protein S11-3 OS=Arabidopsis thaliana OX=3702 GN=RPS11C PE=2 SV=2	False
P42734	0.2	0.00689481	0.025022854	CAD9	MEM	Probable cinnamyl alcohol dehydrogenase 9 OS=Arabidopsis thaliana OX=3702 GN=CAD9 PE=2 SV=2	True
P42738	-0.34	0.022888974	0.090533668	CM1	SOL	Chorismate mutase 1, chloroplastic OS=Arabidopsis thaliana OX=3702 GN=CM1 PE=1 SV=3	False
P42742	1.06	0.004252023	0.018798312	PBF1	MEM	Proteasome subunit beta type-1 OS=Arabidopsis thaliana OX=3702 GN=PBF1 PE=1 SV=2	True
P42744	-0.24	0.001708624	0.011956506	AXR1	MEM	NEDD8-activating enzyme E1 regulatory subunit AXR1 OS=Arabidopsis thaliana OX=3702 GN=AXR1 PE=1 SV=1	True
P42748	-0.2	0.018577697	0.082103661	UBC4	SOL	Ubiquitin-conjugating enzyme E2 4 OS=Arabidopsis thaliana OX=3702 GN=UBC4 PE=2 SV=2	False
P42749	0.51	0.018378828	0.042613385	UBC5	MEM	Ubiquitin-conjugating enzyme E2 5 OS=Arabidopsis thaliana OX=3702 GN=UBC5 PE=2 SV=2	True
P42759	0.3	0.000705905	0.024959718	ERD10	SOL	Dehydrin ERD10 OS=Arabidopsis thaliana OX=3702 GN=ERD10 PE=1 SV=1	True
P42760	1.48	0.00042373	0.006831782	GSTF6	MEM	Glutathione S-transferase F6 OS=Arabidopsis thaliana OX=3702 GN=GSTF6 PE=2 SV=2	True
P42761	-0.08	0.277201905	0.38697865	GSTF10	SOL	Glutathione S-transferase F10 OS=Arabidopsis thaliana OX=3702 GN=GSTF10 PE=1 SV=3	False
P42762	-1.0	0.001944026	0.012627328	CLPD	MEM	Chaperone protein ClpD, chloroplastic OS=Arabidopsis thaliana OX=3702 GN=CLPD PE=1 SV=1	True
P42763	0.49	0.004088571	0.018319717	ERD14	MEM	Dehydrin ERD14 OS=Arabidopsis thaliana OX=3702 GN=ERD14 PE=1 SV=1	True
P42770	0.19	0.00797377	0.055951922	EMB2360	SOL	Glutathione reductase, chloroplastic OS=Arabidopsis thaliana OX=3702 GN=EMB2360 PE=2 SV=1	False
P42774	-0.2	0.003353497	0.041353361	GBF1	SOL	G-box-binding factor 1 OS=Arabidopsis thaliana OX=3702 GN=GBF1 PE=1 SV=2	True
P42791	0.71	0.01343044	0.071542367	RPL18B	SOL	60S ribosomal protein L18-2 OS=Arabidopsis thaliana OX=3702 GN=RPL18B PE=1 SV=2	False
P42794	0.31	0.028678671	0.100782794	RPL11B	SOL	60S ribosomal protein L11-2 OS=Arabidopsis thaliana OX=3702 GN=RPL11B PE=2 SV=2	False
P42798	0.52	0.004801026	0.020115391	RPS15AA	MEM	40S ribosomal protein S15a-1 OS=Arabidopsis thaliana OX=3702 GN=RPS15AA PE=2 SV=2	True
P42799	0.42	0.044296496	0.078245075	GSA1	MEM	Glutamate-1-semialdehyde 2,1-aminomutase 1, chloroplastic OS=Arabidopsis thaliana OX=3702 GN=GSA1 PE=1 SV=1	False
P42801	-0.35	0.010270411	0.063073902	IPS1	SOL	Inositol-3-phosphate synthase isozyme 1 OS=Arabidopsis thaliana OX=3702 GN=IPS1 PE=1 SV=3	False
P42804	-0.15	0.022892311	0.090533668	HEMA1	SOL	Glutamyl-tRNA reductase 1, chloroplastic OS=Arabidopsis thaliana OX=3702 GN=HEMA1 PE=1 SV=2	False
P42825	-0.24	0.151864746	0.206448081	ATJ2	MEM	Chaperone protein dnaJ 2 OS=Arabidopsis thaliana OX=3702 GN=ATJ2 PE=1 SV=2	False
P43082	-0.54	0.055373752	0.092281965	HEL	MEM	Hevein-like preproprotein OS=Arabidopsis thaliana OX=3702 GN=HEL PE=1 SV=1	False
P43255	-0.47	0.016346606	0.078016461	CSN8	SOL	COP9 signalosome complex subunit 8 OS=Arabidopsis thaliana OX=3702 GN=CSN8 PE=1 SV=1	False
P43286	0.11	0.014687007	0.037240479	PIP2-1	MEM	Aquaporin PIP2-1 OS=Arabidopsis thaliana OX=3702 GN=PIP2-1 PE=1 SV=1	True
P43292	0.42	0.016259392	0.039720959	SRK2G	MEM	Serine/threonine-protein kinase SRK2G OS=Arabidopsis thaliana OX=3702 GN=SRK2G PE=1 SV=2	True
P43296	0.18	0.027183335	0.097915347	RD19A	SOL	Cysteine protease RD19A OS=Arabidopsis thaliana OX=3702 GN=RD19A PE=1 SV=1	False
P43297	0.22	0.086465122	0.181452222	RD21A	SOL	Cysteine proteinase RD21A OS=Arabidopsis thaliana OX=3702 GN=RD21A PE=1 SV=1	False
P43298	0.96	0.003241648	0.016213206	TMK1	MEM	Receptor protein kinase TMK1 OS=Arabidopsis thaliana OX=3702 GN=TMK1 PE=1 SV=1	True
P43333	-0.61	0.076350842	0.118728993	At1g09760	MEM	U2 small nuclear ribonucleoprotein A' OS=Arabidopsis thaliana OX=3702 GN=At1g09760 PE=2 SV=2	False
P45432	-0.5	0.008208685	0.056690276	CSN1	SOL	COP9 signalosome complex subunit 1 OS=Arabidopsis thaliana OX=3702 GN=CSN1 PE=1 SV=2	False
P45724	-0.42	0.13231816	0.184676294	PAL2	MEM	Phenylalanine ammonia-lyase 2 OS=Arabidopsis thaliana OX=3702 GN=PAL2 PE=1 SV=2	False
P46010	0.48	0.036726747	0.06857578	NIT3	MEM	Nitrilase 3 OS=Arabidopsis thaliana OX=3702 GN=NIT3 PE=1 SV=1	False
P46032	0.35	0.160581724	0.215606004	NPF8.3	MEM	Protein NRT1/ PTR FAMILY 8.3 OS=Arabidopsis thaliana OX=3702 GN=NPF8.3 PE=1 SV=1	False
P46077	0.12	0.025141527	0.094309282	GRF4	SOL	14-3-3-like protein GF14 phi OS=Arabidopsis thaliana OX=3702 GN=GRF4 PE=1 SV=2	False
P46086	-0.05	0.354056006	0.458747693	At5g27450	SOL	Mevalonate kinase OS=Arabidopsis thaliana OX=3702 GN=At5g27450 PE=2 SV=1	False
P46248	-0.03	0.299834389	0.40889509	ASP5	SOL	Aspartate aminotransferase, chloroplastic OS=Arabidopsis thaliana OX=3702 GN=ASP5 PE=1 SV=2	False
P46283	-0.26	0.013722846	0.072271062	At3g55800	SOL	Sedoheptulose-1,7-bisphosphatase, chloroplastic OS=Arabidopsis thaliana OX=3702 GN=At3g55800 PE=2 SV=1	False
P46286	-0.21	0.215068492	0.321495188	RPL8A	SOL	60S ribosomal protein L8-1 OS=Arabidopsis thaliana OX=3702 GN=RPL8A PE=1 SV=2	False
P46309	-0.23	0.006562088	0.050900709	GSH1	SOL	Glutamate--cysteine ligase, chloroplastic OS=Arabidopsis thaliana OX=3702 GN=GSH1 PE=1 SV=2	False
P46310	0.16	0.528086065	0.585308881	FAD7	MEM	sn-2 acyl-lipid omega-3 desaturase (ferredoxin), chloroplastic OS=Arabidopsis thaliana OX=3702 GN=FAD7 PE=1 SV=1	False
P46312	-0.72	0.009961719	0.030273028	FAD6	MEM	Omega-6 fatty acid desaturase, chloroplastic OS=Arabidopsis thaliana OX=3702 GN=FAD6 PE=1 SV=2	True
P46416	-0.56	0.000237211	0.005295937	GSH2	MEM	Glutathione synthetase, chloroplastic OS=Arabidopsis thaliana OX=3702 GN=GSH2 PE=2 SV=3	True
P46421	0.19	0.166688268	0.222274942	GSTU5	MEM	Glutathione S-transferase U5 OS=Arabidopsis thaliana OX=3702 GN=GSTU5 PE=2 SV=1	False
P46422	-0.25	0.023635277	0.091509776	GSTF2	SOL	Glutathione S-transferase F2 OS=Arabidopsis thaliana OX=3702 GN=GSTF2 PE=1 SV=3	False
P46573	-0.25	0.083102779	0.126808207	PBL10	MEM	Probable serine/threonine-protein kinase PBL10 OS=Arabidopsis thaliana OX=3702 GN=PBL10 PE=1 SV=2	False
P46637	-0.14	0.075615998	0.167632005	ARGAH1	SOL	Arginase 1, mitochondrial OS=Arabidopsis thaliana OX=3702 GN=ARGAH1 PE=1 SV=1	False
P46643	0.7	0.00011017	0.004282644	ASP1	MEM	Aspartate aminotransferase, mitochondrial OS=Arabidopsis thaliana OX=3702 GN=ASP1 PE=1 SV=1	True
P46644	-0.19	0.028822337	0.057697234	ASP3	MEM	Aspartate aminotransferase 3, chloroplastic OS=Arabidopsis thaliana OX=3702 GN=ASP3 PE=1 SV=1	False
P46645	0.51	0.005504006	0.021905238	ASP2	MEM	Aspartate aminotransferase, cytoplasmic isozyme 1 OS=Arabidopsis thaliana OX=3702 GN=ASP2 PE=1 SV=2	True
P47924	-0.66	0.021631567	0.047489287	RIBA1	MEM	Bifunctional riboflavin biosynthesis protein RIBA 1, chloroplastic OS=Arabidopsis thaliana OX=3702 GN=RIBA1 PE=1 SV=2	True
P47996	-0.42	0.013058634	0.034990754	IMPDH	MEM	Inosine-5'-monophosphate dehydrogenase 1 OS=Arabidopsis thaliana OX=3702 GN=IMPDH PE=2 SV=1	True
P47998	0.46	0.018487261	0.042822062	OASA1	MEM	Cysteine synthase 1 OS=Arabidopsis thaliana OX=3702 GN=OASA1 PE=1 SV=2	True
P47999	0.49	0.089641506	0.134252782	OASB	MEM	Cysteine synthase, chloroplastic/chromoplastic OS=Arabidopsis thaliana OX=3702 GN=OASB PE=1 SV=2	False
P48006	1.8	6.5008e-05	0.003683656	At1g30230	MEM	Elongation factor 1-delta 1 OS=Arabidopsis thaliana OX=3702 GN=At1g30230 PE=1 SV=2	True
P48347	0.25	0.0022147	0.013495872	GRF10	MEM	14-3-3-like protein GF14 epsilon OS=Arabidopsis thaliana OX=3702 GN=GRF10 PE=1 SV=1	True
P48348	0.89	0.009463825	0.029432799	GRF8	MEM	14-3-3-like protein GF14 kappa OS=Arabidopsis thaliana OX=3702 GN=GRF8 PE=1 SV=2	True
P48349	0.4	0.013451509	0.035769098	GRF6	MEM	14-3-3-like protein GF14 lambda OS=Arabidopsis thaliana OX=3702 GN=GRF6 PE=1 SV=1	True
P48421	-2.63	3.13744e-05	0.003642269	CYP83A1	MEM	Cytochrome P450 83A1 OS=Arabidopsis thaliana OX=3702 GN=CYP83A1 PE=1 SV=2	True
P48482	0.15	0.111338266	0.21230553	TOPP2	SOL	Serine/threonine-protein phosphatase PP1 isozyme 2 OS=Arabidopsis thaliana OX=3702 GN=TOPP2 PE=1 SV=1	False
P48483	0.09	0.898171292	0.922248289	TOPP3	SOL	Serine/threonine-protein phosphatase PP1 isozyme 3 OS=Arabidopsis thaliana OX=3702 GN=TOPP3 PE=1 SV=1	False
P48491	0.55	0.096571483	0.14285877	CTIMC	MEM	Triosephosphate isomerase, cytosolic OS=Arabidopsis thaliana OX=3702 GN=CTIMC PE=1 SV=2	False
P48523	0.41	0.002238673	0.013555711	CAD4	MEM	Cinnamyl alcohol dehydrogenase 4 OS=Arabidopsis thaliana OX=3702 GN=CAD4 PE=1 SV=1	True
P48641	0.35	0.046554342	0.081351917	At3g24170	MEM	Glutathione reductase, cytosolic OS=Arabidopsis thaliana OX=3702 GN=At3g24170 PE=1 SV=1	False
P49040	-0.2	0.024810548	0.093608088	SUS1	SOL	Sucrose synthase 1 OS=Arabidopsis thaliana OX=3702 GN=SUS1 PE=1 SV=3	False
P49077	0.34	0.017693146	0.080463748	PYRB	SOL	Aspartate carbamoyltransferase, chloroplastic OS=Arabidopsis thaliana OX=3702 GN=PYRB PE=1 SV=2	False
P49078	-0.01	0.581444038	0.663092487	ASN1	SOL	Asparagine synthetase [glutamine-hydrolyzing] 1 OS=Arabidopsis thaliana OX=3702 GN=ASN1 PE=2 SV=2	False
P49107	-0.28	0.152927143	0.207528029	PSAN	MEM	Photosystem I reaction center subunit N, chloroplastic OS=Arabidopsis thaliana OX=3702 GN=PSAN PE=1 SV=2	False
P49177	-0.03	0.655344933	0.705201536	GB1	MEM	Guanine nucleotide-binding protein subunit beta OS=Arabidopsis thaliana OX=3702 GN=GB1 PE=1 SV=1	False
P49200	0.89	0.001508123	0.011167319	RPS20A	MEM	40S ribosomal protein S20-1 OS=Arabidopsis thaliana OX=3702 GN=RPS20A PE=2 SV=2	True
P49204	0.45	0.235503658	0.343075414	RPS4B	SOL	40S ribosomal protein S4-2 OS=Arabidopsis thaliana OX=3702 GN=RPS4B PE=2 SV=4	False
P49205	-0.32	0.008944069	0.028582519	RPS17A	MEM	40S ribosomal protein S17-1 OS=Arabidopsis thaliana OX=3702 GN=RPS17A PE=2 SV=3	True
P49206	1.36	0.019686541	0.04468662	RPS26A	MEM	40S ribosomal protein S26-1 OS=Arabidopsis thaliana OX=3702 GN=RPS26A PE=2 SV=2	True
P49209	-0.11	0.302983719	0.366571841	RPL9B	MEM	60S ribosomal protein L9-1 OS=Arabidopsis thaliana OX=3702 GN=RPL9B PE=1 SV=3	False
P49211	0.21	0.239762566	0.301137117	RPL32A	MEM	60S ribosomal protein L32-1 OS=Arabidopsis thaliana OX=3702 GN=RPL32A PE=2 SV=2	False
P49227	0.17	0.003972499	0.0179817	RPL5B	MEM	60S ribosomal protein L5-2 OS=Arabidopsis thaliana OX=3702 GN=RPL5B PE=2 SV=3	True
P49243	0.38	0.0183788	0.042613385	At1g62640	MEM	3-oxoacyl-[acyl-carrier-protein] synthase III, chloroplastic OS=Arabidopsis thaliana OX=3702 GN=At1g62640 PE=2 SV=2	True
P49294	-2.88	1.46051e-05	0.003126341	HEMA2	MEM	Glutamyl-tRNA reductase 2, chloroplastic OS=Arabidopsis thaliana OX=3702 GN=HEMA2 PE=2 SV=2	True
P49572	-0.16	0.006032697	0.050036799	IGPS	SOL	Indole-3-glycerol phosphate synthase, chloroplastic OS=Arabidopsis thaliana OX=3702 GN=IGPS PE=1 SV=2	False
P49637	-0.16	0.005266208	0.046576541	RPL27AC	SOL	60S ribosomal protein L27a-3 OS=Arabidopsis thaliana OX=3702 GN=RPL27AC PE=2 SV=2	True
P49688	1.74	0.003457837	0.016582151	RPS2C	MEM	40S ribosomal protein S2-3 OS=Arabidopsis thaliana OX=3702 GN=RPS2C PE=1 SV=2	True
P49689	1.05	0.051868493	0.135620962	RPS30A	SOL	40S ribosomal protein S30 OS=Arabidopsis thaliana OX=3702 GN=RPS30A PE=3 SV=3	False
P49690	0.68	0.007358785	0.025794924	RPL23A	MEM	60S ribosomal protein L23 OS=Arabidopsis thaliana OX=3702 GN=RPL23A PE=2 SV=3	True
P49691	0.12	0.331408702	0.395096994	RPL4D	MEM	60S ribosomal protein L4-2 OS=Arabidopsis thaliana OX=3702 GN=RPL4D PE=1 SV=2	False
P49692	1.08	0.000580155	0.007759098	RPL7AA	MEM	60S ribosomal protein L7a-1 OS=Arabidopsis thaliana OX=3702 GN=RPL7AA PE=2 SV=2	True
P49693	-0.16	0.257643296	0.319919715	RPL19C	MEM	60S ribosomal protein L19-3 OS=Arabidopsis thaliana OX=3702 GN=RPL19C PE=2 SV=3	False
P49967	-0.42	0.007615685	0.055020961	SRP-54C	SOL	Signal recognition particle 54 kDa protein 3 OS=Arabidopsis thaliana OX=3702 GN=SRP-54C PE=2 SV=2	False
P50287	0.07	0.109842789	0.210574532	At5g08100	SOL	Isoaspartyl peptidase/L-asparaginase 1 OS=Arabidopsis thaliana OX=3702 GN=At5g08100 PE=1 SV=2	False
P50318	-0.21	0.055739711	0.092763097	At1g56190	MEM	Phosphoglycerate kinase 2, chloroplastic OS=Arabidopsis thaliana OX=3702 GN=At1g56190 PE=1 SV=3	False
P50546	-0.39	0.001501627	0.032627461	rpoB	SOL	DNA-directed RNA polymerase subunit beta OS=Arabidopsis thaliana OX=3702 GN=rpoB PE=3 SV=4	True
P50700	0.26	0.492482063	0.58779862	OSM34	SOL	Osmotin-like protein OSM34 OS=Arabidopsis thaliana OX=3702 GN=OSM34 PE=2 SV=2	False
P50883	0.63	0.001671707	0.011786932	RPL12A	MEM	60S ribosomal protein L12-1 OS=Arabidopsis thaliana OX=3702 GN=RPL12A PE=2 SV=2	True
P51412	1.01	0.006848741	0.024929631	RPL21	MEM	50S ribosomal protein L21, chloroplastic OS=Arabidopsis thaliana OX=3702 GN=RPL21 PE=2 SV=1	True
P51413	-0.33	0.0653318	0.10514867	RPL17B	MEM	60S ribosomal protein L17-2 OS=Arabidopsis thaliana OX=3702 GN=RPL17B PE=2 SV=2	False
P51414	-0.43	0.030288437	0.059583074	RPL26A	MEM	60S ribosomal protein L26-1 OS=Arabidopsis thaliana OX=3702 GN=RPL26A PE=2 SV=2	False
P51419	0.82	0.003919024	0.017794098	RPL27C	MEM	60S ribosomal protein L27-3 OS=Arabidopsis thaliana OX=3702 GN=RPL27C PE=2 SV=2	True
P51422	-0.02	0.562959987	0.617806703	RPL35AD	MEM	60S ribosomal protein L35a-4 OS=Arabidopsis thaliana OX=3702 GN=RPL35AD PE=3 SV=2	False
P51430	-0.35	0.005027432	0.020690845	RPS6B	MEM	40S ribosomal protein S6-2 OS=Arabidopsis thaliana OX=3702 GN=RPS6B PE=1 SV=3	True
P51818	1.62	0.000820349	0.00901021	HSP90-3	MEM	Heat shock protein 90-3 OS=Arabidopsis thaliana OX=3702 GN=HSP90-3 PE=1 SV=2	True
P52032	-0.52	0.056935595	0.094246968	GPX1	MEM	Phospholipid hydroperoxide glutathione peroxidase 1, chloroplastic OS=Arabidopsis thaliana OX=3702 GN=GPX1 PE=2 SV=2	False
P52420	-0.28	0.014324907	0.036963923	PUR2	MEM	Phosphoribosylamine--glycine ligase, chloroplastic OS=Arabidopsis thaliana OX=3702 GN=PUR2 PE=2 SV=2	True
P52422	0.02	0.370550926	0.475162024	PUR3	SOL	Phosphoribosylglycinamide formyltransferase, chloroplastic OS=Arabidopsis thaliana OX=3702 GN=PUR3 PE=2 SV=2	False
P52577	0.7	0.000870162	0.009199559	At1g75280	MEM	Isoflavone reductase homolog P3 OS=Arabidopsis thaliana OX=3702 GN=At1g75280 PE=2 SV=1	True
P52839	0.06	0.132569694	0.236638338	SOT12	SOL	Cytosolic sulfotransferase 12 OS=Arabidopsis thaliana OX=3702 GN=SOT12 PE=1 SV=2	False
P52901	-0.09	0.171020731	0.274423462	E1	SOL	Pyruvate dehydrogenase E1 component subunit alpha-1, mitochondrial OS=Arabidopsis thaliana OX=3702 GN=E1 ALPHA PE=1 SV=2	False
P53492	0.18	0.047367755	0.082370611	ACT7	MEM	Actin-7 OS=Arabidopsis thaliana OX=3702 GN=ACT7 PE=1 SV=1	False
P53496	0.35	0.028542717	0.057326014	ACT11	MEM	Actin-11 OS=Arabidopsis thaliana OX=3702 GN=ACT11 PE=1 SV=1	False
P53780	-0.46	0.017665662	0.080451077	At3g57050	SOL	Cystathionine beta-lyase, chloroplastic OS=Arabidopsis thaliana OX=3702 GN=At3g57050 PE=1 SV=1	False
P53799	-0.34	0.017202138	0.040908537	SQS1	MEM	Squalene synthase 1 OS=Arabidopsis thaliana OX=3702 GN=SQS1 PE=1 SV=1	True
P54121	-0.71	0.008592485	0.02801304	AIG2A	MEM	Protein AIG2 A OS=Arabidopsis thaliana OX=3702 GN=AIG2A PE=2 SV=1	True
P54150	0.35	0.025610376	0.053398525	MSR4	MEM	Peptide methionine sulfoxide reductase A4, chloroplastic OS=Arabidopsis thaliana OX=3702 GN=MSR4 PE=1 SV=2	False
P54609	-0.15	0.036924997	0.115048072	CDC48A	SOL	Cell division control protein 48 homolog A OS=Arabidopsis thaliana OX=3702 GN=CDC48A PE=1 SV=1	False
P54873	0.33	0.004297507	0.018880033	HMGS	MEM	Hydroxymethylglutaryl-CoA synthase OS=Arabidopsis thaliana OX=3702 GN=HMGS PE=1 SV=2	True
P54888	-0.25	0.033613558	0.109891048	P5CSB	SOL	Delta-1-pyrroline-5-carboxylate synthase B OS=Arabidopsis thaliana OX=3702 GN=P5CSB PE=2 SV=1	False
P54904	0.27	0.015736601	0.076630853	PROC1	SOL	Pyrroline-5-carboxylate reductase OS=Arabidopsis thaliana OX=3702 GN=PROC1 PE=2 SV=1	False
P54967	-0.06	0.84924617	0.883982111	BIO2	SOL	Biotin synthase, mitochondrial OS=Arabidopsis thaliana OX=3702 GN=BIO2 PE=1 SV=1	False
P54969	-0.22	0.047939605	0.131017203	ILL1	SOL	IAA-amino acid hydrolase ILR1-like 1 OS=Arabidopsis thaliana OX=3702 GN=ILL1 PE=1 SV=1	False
P54970	-0.21	0.051255208	0.135350906	ILL2	SOL	IAA-amino acid hydrolase ILR1-like 2 OS=Arabidopsis thaliana OX=3702 GN=ILL2 PE=1 SV=2	False
P55034	0.33	0.003620318	0.016974578	RPN10	MEM	26S proteasome non-ATPase regulatory subunit 4 homolog OS=Arabidopsis thaliana OX=3702 GN=RPN10 PE=1 SV=1	True
P55217	-0.18	0.006575672	0.024326321	CGS1	MEM	Cystathionine gamma-synthase 1, chloroplastic OS=Arabidopsis thaliana OX=3702 GN=CGS1 PE=1 SV=3	True
P55228	0.03	0.481289985	0.541374759	APS1	MEM	Glucose-1-phosphate adenylyltransferase small subunit, chloroplastic OS=Arabidopsis thaliana OX=3702 GN=APS1 PE=2 SV=2	False
P55229	-0.07	0.024029575	0.0923765	ADG2	SOL	Glucose-1-phosphate adenylyltransferase large subunit 1, chloroplastic OS=Arabidopsis thaliana OX=3702 GN=ADG2 PE=1 SV=3	False
P55230	-0.06	0.32220171	0.428347681	APL2	SOL	Glucose-1-phosphate adenylyltransferase large subunit 2, chloroplastic OS=Arabidopsis thaliana OX=3702 GN=APL2 PE=1 SV=2	False
P55231	-0.19	0.375473319	0.479488268	APL3	SOL	Glucose-1-phosphate adenylyltransferase large subunit 3, chloroplastic OS=Arabidopsis thaliana OX=3702 GN=APL3 PE=2 SV=2	False
P55737	0.2	0.000829463	0.009025555	HSP90-2	MEM	Heat shock protein 90-2 OS=Arabidopsis thaliana OX=3702 GN=HSP90-2 PE=1 SV=1	True
P55826	-0.29	9.40838e-05	0.016285805	PPOX1	SOL	Protoporphyrinogen oxidase 1, chloroplastic OS=Arabidopsis thaliana OX=3702 GN=PPOX1 PE=1 SV=1	True
P55852	0.2	0.181350826	0.286971463	SUMO1	SOL	Small ubiquitin-related modifier 1 OS=Arabidopsis thaliana OX=3702 GN=SUMO1 PE=1 SV=2	False
P56752	-0.99	0.000998754	0.009665573	ndhF	MEM	NAD(P)H-quinone oxidoreductase subunit 5, chloroplastic OS=Arabidopsis thaliana OX=3702 GN=ndhF PE=3 SV=1	True
P56753	-1.02	0.03317194	0.108876294	ndhH	SOL	NAD(P)H-quinone oxidoreductase subunit H, chloroplastic OS=Arabidopsis thaliana OX=3702 GN=ndhH PE=1 SV=1	False
P56754	-1.25	0.022298472	0.089422528	ndhJ	SOL	NAD(P)H-quinone oxidoreductase subunit J, chloroplastic OS=Arabidopsis thaliana OX=3702 GN=ndhJ PE=3 SV=1	False
P56756	-1.15	0.002552646	0.014450233	ndhK	MEM	NAD(P)H-quinone oxidoreductase subunit K, chloroplastic OS=Arabidopsis thaliana OX=3702 GN=ndhK PE=3 SV=1	True
P56757	0.24	0.002349997	0.013845671	atpA	MEM	ATP synthase subunit alpha, chloroplastic OS=Arabidopsis thaliana OX=3702 GN=atpA PE=1 SV=1	True
P56759	-0.8	0.011530693	0.032629333	atpF	MEM	ATP synthase subunit b, chloroplastic OS=Arabidopsis thaliana OX=3702 GN=atpF PE=3 SV=1	True
P56761	0.44	0.053458526	0.089949317	psbD	MEM	Photosystem II D2 protein OS=Arabidopsis thaliana OX=3702 GN=psbD PE=1 SV=3	False
P56762	0.65	7.93249e-05	0.004058037	rpoA	MEM	DNA-directed RNA polymerase subunit alpha OS=Arabidopsis thaliana OX=3702 GN=rpoA PE=3 SV=1	True
P56763	-0.57	0.076221283	0.16854084	rpoC1	SOL	DNA-directed RNA polymerase subunit beta' OS=Arabidopsis thaliana OX=3702 GN=rpoC1 PE=3 SV=1	False
P56764	0.21	0.001090352	0.00976055	rpoC2	MEM	DNA-directed RNA polymerase subunit beta'' OS=Arabidopsis thaliana OX=3702 GN=rpoC2 PE=3 SV=1	True
P56765	-0.09	0.678265671	0.745370038	accD	SOL	Acetyl-coenzyme A carboxylase carboxyl transferase subunit beta, chloroplastic OS=Arabidopsis thaliana OX=3702 GN=accD PE=1 SV=2	False
P56766	-1.21	0.037163205	0.115693246	psaA	SOL	Photosystem I P700 chlorophyll a apoprotein A1 OS=Arabidopsis thaliana OX=3702 GN=psaA PE=2 SV=1	False
P56767	-1.07	0.00798155	0.026864376	psaB	MEM	Photosystem I P700 chlorophyll a apoprotein A2 OS=Arabidopsis thaliana OX=3702 GN=psaB PE=3 SV=1	True
P56771	-1.18	0.00532887	0.02145632	petA	MEM	Cytochrome f OS=Arabidopsis thaliana OX=3702 GN=petA PE=3 SV=1	True
P56773	0.08	0.366869627	0.429616113	petB	MEM	Cytochrome b6 OS=Arabidopsis thaliana OX=3702 GN=petB PE=1 SV=1	False
P56777	-1.2	0.00333625	0.01638677	psbB	MEM	Photosystem II CP47 reaction center protein OS=Arabidopsis thaliana OX=3702 GN=psbB PE=1 SV=1	True
P56778	-0.64	0.009614569	0.029569192	psbC	MEM	Photosystem II CP43 reaction center protein OS=Arabidopsis thaliana OX=3702 GN=psbC PE=1 SV=3	True
P56779	-1.81	0.00482347	0.020174272	psbE	MEM	Cytochrome b559 subunit alpha OS=Arabidopsis thaliana OX=3702 GN=psbE PE=1 SV=4	True
P56780	0.4	0.11610882	0.166178848	psbH	MEM	Photosystem II reaction center protein H OS=Arabidopsis thaliana OX=3702 GN=psbH PE=1 SV=2	False
P56785	-0.64	0.015271668	0.03822885	TIC214	MEM	Protein TIC 214 OS=Arabidopsis thaliana OX=3702 GN=TIC214 PE=1 SV=1	True
P56786	-0.83	0.014473933	0.037093551	ycf2-A	MEM	Protein Ycf2 OS=Arabidopsis thaliana OX=3702 GN=ycf2-A PE=3 SV=1	True
P56791	-0.5	0.027035467	0.055461499	rpl2-A	MEM	50S ribosomal protein L2, chloroplastic OS=Arabidopsis thaliana OX=3702 GN=rpl2-A PE=3 SV=1	False
P56792	-0.17	0.062644311	0.151631882	rpl14	SOL	50S ribosomal protein L14, chloroplastic OS=Arabidopsis thaliana OX=3702 GN=rpl14 PE=3 SV=1	False
P56793	0.82	0.004203427	0.018654464	rpl16	MEM	50S ribosomal protein L16, chloroplastic OS=Arabidopsis thaliana OX=3702 GN=rpl16 PE=3 SV=1	True
P56794	-0.6	0.793678463	0.839667519	rpl20	SOL	50S ribosomal protein L20, chloroplastic OS=Arabidopsis thaliana OX=3702 GN=rpl20 PE=3 SV=1	False
P56795	-0.4	0.00517448	0.021007618	rpl22	MEM	50S ribosomal protein L22, chloroplastic OS=Arabidopsis thaliana OX=3702 GN=rpl22 PE=3 SV=1	True
P56796	-0.14	0.123474321	0.225494637	rpl33	SOL	50S ribosomal protein L33, chloroplastic OS=Arabidopsis thaliana OX=3702 GN=rpl33 PE=3 SV=1	False
P56797	-0.18	0.000734713	0.008444154	rps2	MEM	30S ribosomal protein S2, chloroplastic OS=Arabidopsis thaliana OX=3702 GN=rps2 PE=3 SV=1	True
P56798	-0.5	0.002201554	0.013451047	rps3	MEM	30S ribosomal protein S3, chloroplastic OS=Arabidopsis thaliana OX=3702 GN=rps3 PE=3 SV=1	True
P56799	-0.61	0.003300788	0.016290082	rps4	MEM	30S ribosomal protein S4, chloroplastic OS=Arabidopsis thaliana OX=3702 GN=rps4 PE=3 SV=1	True
P56801	0.26	0.016004798	0.077160178	rps8	SOL	30S ribosomal protein S8, chloroplastic OS=Arabidopsis thaliana OX=3702 GN=rps8 PE=3 SV=1	False
P56802	-0.54	0.01677809	0.040330778	rps11	MEM	30S ribosomal protein S11, chloroplastic OS=Arabidopsis thaliana OX=3702 GN=rps11 PE=3 SV=1	True
P56805	0.36	0.005431123	0.047313806	rps15	SOL	30S ribosomal protein S15, chloroplastic OS=Arabidopsis thaliana OX=3702 GN=rps15 PE=3 SV=1	True
P56808	-0.47	0.001948519	0.012627328	rps19	MEM	30S ribosomal protein S19, chloroplastic OS=Arabidopsis thaliana OX=3702 GN=rps19 PE=3 SV=1	True
P56820	0.42	0.005229596	0.021157436	TIF3D1	MEM	Eukaryotic translation initiation factor 3 subunit D OS=Arabidopsis thaliana OX=3702 GN=TIF3D1 PE=1 SV=1	True
P57106	0.23	0.077111975	0.169632649	MDH2	SOL	Malate dehydrogenase 2, cytoplasmic OS=Arabidopsis thaliana OX=3702 GN=MDH2 PE=1 SV=1	False
P57681	-0.57	0.005961934	0.02287253	FLCY	MEM	Farnesylcysteine lyase OS=Arabidopsis thaliana OX=3702 GN=FLCY PE=1 SV=1	True
P57691	0.11	0.795853769	0.840913522	RPP0C	SOL	60S acidic ribosomal protein P0-3 OS=Arabidopsis thaliana OX=3702 GN=RPP0C PE=1 SV=1	False
P57720	-0.06	0.179110288	0.284212802	EMB1144	SOL	Chorismate synthase, chloroplastic OS=Arabidopsis thaliana OX=3702 GN=EMB1144 PE=2 SV=2	False
P57741	0.03	0.907989072	0.929887927	At5g49510	SOL	Probable prefoldin subunit 3 OS=Arabidopsis thaliana OX=3702 GN=At5g49510 PE=1 SV=1	False
P57750	-0.29	0.010245822	0.030632745	DRT101	MEM	Phosphoacetylglucosamine mutase OS=Arabidopsis thaliana OX=3702 GN=DRT101 PE=1 SV=1	True
P57751	-0.24	0.073692961	0.115271619	UGP1	MEM	UTP--glucose-1-phosphate uridylyltransferase 1 OS=Arabidopsis thaliana OX=3702 GN=UGP1 PE=2 SV=1	False
P57752	0.31	0.027491826	0.056026653	ACBP6	MEM	Acyl-CoA-binding domain-containing protein 6 OS=Arabidopsis thaliana OX=3702 GN=ACBP6 PE=1 SV=1	False
P58049	0.33	0.076954682	0.11935869	CYP71B11	MEM	Cytochrome P450 71B11 OS=Arabidopsis thaliana OX=3702 GN=CYP71B11 PE=2 SV=1	False
P58684	0.63	0.005735006	0.02244426	At2g39960	MEM	Probable signal peptidase complex subunit 2 OS=Arabidopsis thaliana OX=3702 GN=At2g39960 PE=2 SV=1	True
P59169	0.36	0.059452801	0.09752778	HTR4	MEM	Histone H3.3 OS=Arabidopsis thaliana OX=3702 GN=HTR4 PE=1 SV=2	False
P59223	0.66	0.003749539	0.017329443	RPS13A	MEM	40S ribosomal protein S13-1 OS=Arabidopsis thaliana OX=3702 GN=RPS13A PE=2 SV=1	True
P59224	0.51	0.096331152	0.19320831	RPS13B	SOL	40S ribosomal protein S13-2 OS=Arabidopsis thaliana OX=3702 GN=RPS13B PE=2 SV=1	False
P59226	0.01	0.468378519	0.565478599	HTR2	SOL	Histone H3.2 OS=Arabidopsis thaliana OX=3702 GN=HTR2 PE=1 SV=2	False
P59230	1.46	0.001071941	0.00976055	RPL10AB	MEM	60S ribosomal protein L10a-2 OS=Arabidopsis thaliana OX=3702 GN=RPL10AB PE=1 SV=1	True
P59231	-0.1	0.126353785	0.228618207	RPL10AC	SOL	60S ribosomal protein L10a-3 OS=Arabidopsis thaliana OX=3702 GN=RPL10AC PE=1 SV=1	False
P59233	0.3	0.164468986	0.268078315	RPS27AC	SOL	Ubiquitin-40S ribosomal protein S27a-3 OS=Arabidopsis thaliana OX=3702 GN=RPS27AC PE=2 SV=2	False
P59259	0.59	0.000172562	0.004782178	At1g07660	MEM	Histone H4 OS=Arabidopsis thaliana OX=3702 GN=At1g07660 PE=1 SV=2	True
P59271	-0.71	0.000326635	0.006143038	RPS27AA	MEM	Ubiquitin-40S ribosomal protein S27a-1 OS=Arabidopsis thaliana OX=3702 GN=RPS27AA PE=2 SV=2	True
P59277	-0.57	0.017575395	0.041422304	SYP81	MEM	Syntaxin-81 OS=Arabidopsis thaliana OX=3702 GN=SYP81 PE=1 SV=2	True
P60039	0.37	0.005537095	0.021980446	RPL7C	MEM	60S ribosomal protein L7-3 OS=Arabidopsis thaliana OX=3702 GN=RPL7C PE=2 SV=1	True
P60040	0.47	0.002780796	0.014885909	RPL7B	MEM	60S ribosomal protein L7-2 OS=Arabidopsis thaliana OX=3702 GN=RPL7B PE=1 SV=1	True
P61837	-0.61	0.046873854	0.12953718	PIP1-1	SOL	Aquaporin PIP1-1 OS=Arabidopsis thaliana OX=3702 GN=PIP1-1 PE=1 SV=1	False
P61841	-0.45	0.011196051	0.03202367	rps7-A	MEM	30S ribosomal protein S7, chloroplastic OS=Arabidopsis thaliana OX=3702 GN=rps7-A PE=1 SV=1	True
P61843	-0.53	0.005801394	0.022576361	ycf3	MEM	Photosystem I assembly protein Ycf3 OS=Arabidopsis thaliana OX=3702 GN=ycf3 PE=1 SV=1	True
P61845	0.01	0.771223728	0.820702208	rpl23-A	SOL	50S ribosomal protein L23, chloroplastic OS=Arabidopsis thaliana OX=3702 GN=rpl23-A PE=3 SV=1	False
P62090	-1.03	0.000287596	0.005861057	psaC	MEM	Photosystem I iron-sulfur center OS=Arabidopsis thaliana OX=3702 GN=psaC PE=3 SV=2	True
P68209	-0.01	0.515741489	0.607480598	At5g08300	SOL	Succinate--CoA ligase [ADP-forming] subunit alpha-1, mitochondrial OS=Arabidopsis thaliana OX=3702 GN=At5g08300 PE=1 SV=1	False
P69834	0.0	0.78534313	0.832494096	ISPD	SOL	2-C-methyl-D-erythritol 4-phosphate cytidylyltransferase, chloroplastic OS=Arabidopsis thaliana OX=3702 GN=ISPD PE=1 SV=1	False
P82281	-0.47	0.131856933	0.184124189	TL29	MEM	Thylakoid lumenal 29 kDa protein, chloroplastic OS=Arabidopsis thaliana OX=3702 GN=TL29 PE=1 SV=2	False
P82538	1.6	0.00543439	0.02170253	PPL1	MEM	PsbP-like protein 1, chloroplastic OS=Arabidopsis thaliana OX=3702 GN=PPL1 PE=1 SV=1	True
P82658	0.32	0.143129315	0.2469854	At3g63540	SOL	Thylakoid lumenal 19 kDa protein, chloroplastic OS=Arabidopsis thaliana OX=3702 GN=At3g63540 PE=1 SV=2	False
P82869	-0.12	0.075275802	0.166954995	CYP37	SOL	Peptidyl-prolyl cis-trans isomerase CYP37, chloroplastic OS=Arabidopsis thaliana OX=3702 GN=CYP37 PE=1 SV=3	False
P82873	-0.42	0.012338929	0.033774864	TOM20-2	MEM	Mitochondrial import receptor subunit TOM20-2 OS=Arabidopsis thaliana OX=3702 GN=TOM20-2 PE=1 SV=2	True
P82874	-0.52	0.004062165	0.018227766	TOM20-3	MEM	Mitochondrial import receptor subunit TOM20-3 OS=Arabidopsis thaliana OX=3702 GN=TOM20-3 PE=1 SV=1	True
P83291	0.44	0.021808303	0.088489757	CBR2	SOL	NADH-cytochrome b5 reductase-like protein OS=Arabidopsis thaliana OX=3702 GN=CBR2 PE=1 SV=2	False
P83755	1.02	0.018502324	0.042846274	psbA	MEM	Photosystem II protein D1 OS=Arabidopsis thaliana OX=3702 GN=psbA PE=1 SV=2	True
P92935	-0.29	0.039487719	0.072450024	AATP2	MEM	ADP,ATP carrier protein 2, chloroplastic OS=Arabidopsis thaliana OX=3702 GN=AATP2 PE=1 SV=2	False
P92939	0.37	0.048084065	0.083195906	ECA1	MEM	Calcium-transporting ATPase 1, endoplasmic reticulum-type OS=Arabidopsis thaliana OX=3702 GN=ECA1 PE=1 SV=2	False
P92941	0.03	0.804694552	0.836561861	CLC-A	MEM	Chloride channel protein CLC-a OS=Arabidopsis thaliana OX=3702 GN=CLC-A PE=1 SV=2	False
P92948	-0.4	0.000900797	0.025945039	CDC5	SOL	Cell division cycle 5-like protein OS=Arabidopsis thaliana OX=3702 GN=CDC5 PE=1 SV=2	True
P92959	0.83	0.00246574	0.014195472	RPL24	MEM	50S ribosomal protein L24, chloroplastic OS=Arabidopsis thaliana OX=3702 GN=RPL24 PE=2 SV=2	True
P92963	-0.11	0.095332916	0.141251402	RABB1C	MEM	Ras-related protein RABB1c OS=Arabidopsis thaliana OX=3702 GN=RABB1C PE=1 SV=1	False
P92964	-0.14	0.304055678	0.412793556	RS31	SOL	Serine/arginine-rich splicing factor RS31 OS=Arabidopsis thaliana OX=3702 GN=RS31 PE=1 SV=2	False
P92974	-0.29	0.062524268	0.151478221	UBA2	SOL	Ubiquitin-activating enzyme E1 2 OS=Arabidopsis thaliana OX=3702 GN=UBA2 PE=1 SV=1	False
P92985	1.43	9.97079e-07	0.002016619	RANBP1C	MEM	Ran-binding protein 1 homolog c OS=Arabidopsis thaliana OX=3702 GN=RANBP1C PE=2 SV=1	True
P92994	0.32	0.104957447	0.15302315	CYP73A5	MEM	Trans-cinnamate 4-monooxygenase OS=Arabidopsis thaliana OX=3702 GN=CYP73A5 PE=1 SV=1	False
P93004	-0.23	0.158793821	0.214082544	PIP2-7	MEM	Aquaporin PIP2-7 OS=Arabidopsis thaliana OX=3702 GN=PIP2-7 PE=1 SV=2	False
P93008	-0.18	0.027729693	0.099054763	RH21	SOL	DEAD-box ATP-dependent RNA helicase 21 OS=Arabidopsis thaliana OX=3702 GN=RH21 PE=2 SV=1	False
P93009	0.08	0.278225331	0.387894979	CUTA	SOL	Protein CutA, chloroplastic OS=Arabidopsis thaliana OX=3702 GN=CUTA PE=1 SV=1	False
P93014	-0.4	0.036836055	0.068652751	rps5	MEM	30S ribosomal protein S5, chloroplastic OS=Arabidopsis thaliana OX=3702 GN=rps5 PE=2 SV=1	False
P93025	-0.59	0.011650054	0.032857041	PHOT2	MEM	Phototropin-2 OS=Arabidopsis thaliana OX=3702 GN=PHOT2 PE=1 SV=2	True
P93026	-0.38	0.005061788	0.020786212	VSR1	MEM	Vacuolar-sorting receptor 1 OS=Arabidopsis thaliana OX=3702 GN=VSR1 PE=1 SV=2	True
P93028	0.74	0.001800313	0.012229756	UBA1	MEM	Ubiquitin-activating enzyme E1 1 OS=Arabidopsis thaliana OX=3702 GN=UBA1 PE=1 SV=1	True
P93031	0.29	0.162375392	0.265481086	MUR1	SOL	GDP-mannose 4,6 dehydratase 2 OS=Arabidopsis thaliana OX=3702 GN=MUR1 PE=1 SV=3	False
P93032	-0.47	0.007708423	0.026452872	IDH2	MEM	Isocitrate dehydrogenase [NAD] regulatory subunit 2, mitochondrial OS=Arabidopsis thaliana OX=3702 GN=IDH2 PE=1 SV=2	True
P93033	0.35	0.000374575	0.006511285	FUM1	MEM	Fumarate hydratase 1, mitochondrial OS=Arabidopsis thaliana OX=3702 GN=FUM1 PE=1 SV=2	True
P93042	0.05	0.920830573	0.934302709	RHD3	MEM	Protein ROOT HAIR DEFECTIVE 3 OS=Arabidopsis thaliana OX=3702 GN=RHD3 PE=1 SV=1	False
P93043	-0.25	0.047789253	0.08285551	VPS41	MEM	Vacuolar protein sorting-associated protein 41 homolog OS=Arabidopsis thaliana OX=3702 GN=VPS41 PE=1 SV=3	False
P93046	0.41	0.279055695	0.388133819	XTH31	SOL	Xyloglucan endotransglucosylase/hydrolase protein 31 OS=Arabidopsis thaliana OX=3702 GN=XTH31 PE=1 SV=2	False
P93050	-0.62	0.083020458	0.126805337	RKF3	MEM	Probable LRR receptor-like serine/threonine-protein kinase RKF3 OS=Arabidopsis thaliana OX=3702 GN=RKF3 PE=2 SV=1	False
P93285	0.47	0.007841575	0.026673411	COX2	MEM	Cytochrome c oxidase subunit 2 OS=Arabidopsis thaliana OX=3702 GN=COX2 PE=1 SV=2	True
P93303	-0.28	0.023384389	0.050002561	YMF19	MEM	ATP synthase protein YMF19 OS=Arabidopsis thaliana OX=3702 GN=YMF19 PE=1 SV=1	False
P93306	0.31	0.07054599	0.111683796	NAD7	MEM	NADH dehydrogenase [ubiquinone] iron-sulfur protein 2 OS=Arabidopsis thaliana OX=3702 GN=NAD7 PE=1 SV=2	False
P93654	1.48	0.00047647	0.007235021	SYP22	MEM	Syntaxin-22 OS=Arabidopsis thaliana OX=3702 GN=SYP22 PE=1 SV=1	True
P93655	-0.68	0.000694838	0.008298263	LON1	MEM	Lon protease homolog 1, mitochondrial OS=Arabidopsis thaliana OX=3702 GN=LON1 PE=1 SV=2	True
P93736	-0.16	0.016007102	0.077160178	TWN2	SOL	Valine--tRNA ligase, mitochondrial 1 OS=Arabidopsis thaliana OX=3702 GN=TWN2 PE=1 SV=2	False
P93758	-0.41	0.026907503	0.055292499	REM4.2	MEM	Remorin 4.2 OS=Arabidopsis thaliana OX=3702 GN=REM4.2 PE=1 SV=1	False
P93819	1.86	0.00301657	0.015591206	MDH1	MEM	Malate dehydrogenase 1, cytoplasmic OS=Arabidopsis thaliana OX=3702 GN=MDH1 PE=1 SV=2	True
P93824	-0.15	0.616153486	0.6927881	At1g04350	SOL	1-aminocyclopropane-1-carboxylate oxidase homolog 6 OS=Arabidopsis thaliana OX=3702 GN=At1g04350 PE=2 SV=1	False
P93832	0.57	0.137736651	0.190900327	IMDH2	MEM	3-isopropylmalate dehydrogenase 2, chloroplastic OS=Arabidopsis thaliana OX=3702 GN=IMDH2 PE=1 SV=1	False
P93834	-0.34	0.027683581	0.056232463	HXK2	MEM	Hexokinase-2 OS=Arabidopsis thaliana OX=3702 GN=HXK2 PE=1 SV=1	False
P93836	0.36	0.026774691	0.097598177	HPD	SOL	4-hydroxyphenylpyruvate dioxygenase OS=Arabidopsis thaliana OX=3702 GN=HPD PE=1 SV=2	False
P94014	0.61	0.000754707	0.025005634	GLP4	SOL	Germin-like protein subfamily 2 member 1 OS=Arabidopsis thaliana OX=3702 GN=GLP4 PE=2 SV=2	True
P94040	0.26	0.408622124	0.470198786	GLP1	MEM	Germin-like protein subfamily 3 member 1 OS=Arabidopsis thaliana OX=3702 GN=GLP1 PE=1 SV=1	False
P94072	1.26	0.020730268	0.086252306	GER3	SOL	Germin-like protein subfamily 3 member 3 OS=Arabidopsis thaliana OX=3702 GN=GER3 PE=1 SV=1	False
P94078	-0.01	0.735363729	0.775151444	At3g26720	MEM	Alpha-mannosidase At3g26720 OS=Arabidopsis thaliana OX=3702 GN=At3g26720 PE=1 SV=1	False
P94111	1.02	0.000534464	0.007514035	SSL12	MEM	Protein STRICTOSIDINE SYNTHASE-LIKE 12 OS=Arabidopsis thaliana OX=3702 GN=SSL12 PE=2 SV=2	True
P98204	-0.14	0.536749404	0.593104901	ALA1	MEM	Phospholipid-transporting ATPase 1 OS=Arabidopsis thaliana OX=3702 GN=ALA1 PE=2 SV=1	False
Q00218	-0.41	0.008729329	0.05806024	DHS2	SOL	Phospho-2-dehydro-3-deoxyheptonate aldolase 2, chloroplastic OS=Arabidopsis thaliana OX=3702 GN=DHS2 PE=2 SV=2	False
Q00874	-0.5	0.026258874	0.054299892	DRT100	MEM	DNA damage-repair/toleration protein DRT100 OS=Arabidopsis thaliana OX=3702 GN=DRT100 PE=2 SV=2	False
Q01474	0.33	0.09978802	0.146683023	SAR1B	MEM	GTP-binding protein SAR1B OS=Arabidopsis thaliana OX=3702 GN=SAR1B PE=1 SV=1	False
Q01525	0.4	0.000119934	0.004370773	GRF2	MEM	14-3-3-like protein GF14 omega OS=Arabidopsis thaliana OX=3702 GN=GRF2 PE=1 SV=2	True
Q01667	-0.95	0.011982587	0.033316089	LHCA1	MEM	Chlorophyll a-b binding protein 6, chloroplastic OS=Arabidopsis thaliana OX=3702 GN=LHCA1 PE=1 SV=1	True
Q01908	-0.77	0.017354442	0.041082064	ATPC1	MEM	ATP synthase gamma chain 1, chloroplastic OS=Arabidopsis thaliana OX=3702 GN=ATPC1 PE=1 SV=1	True
Q02166	-0.53	0.000455535	0.007032038	PAT1	MEM	Anthranilate phosphoribosyltransferase, chloroplastic OS=Arabidopsis thaliana OX=3702 GN=PAT1 PE=2 SV=1	True
Q02971	-0.79	0.004510398	0.019460333	CAD7	MEM	Cinnamyl alcohol dehydrogenase 7 OS=Arabidopsis thaliana OX=3702 GN=CAD7 PE=1 SV=2	True
Q03250	0.03	0.394990338	0.497467506	RBG7	SOL	Glycine-rich RNA-binding protein 7 OS=Arabidopsis thaliana OX=3702 GN=RBG7 PE=1 SV=1	False
Q03251	0.21	0.344590746	0.449789888	RBG8	SOL	Glycine-rich RNA-binding protein 8 OS=Arabidopsis thaliana OX=3702 GN=RBG8 PE=1 SV=1	False
Q04836	0.06	0.378312274	0.482533215	CP31A	SOL	31 kDa ribonucleoprotein, chloroplastic OS=Arabidopsis thaliana OX=3702 GN=CP31A PE=1 SV=1	False
Q04980	2.4	7.04511e-06	0.009253624	LTI65	SOL	Low-temperature-induced 65 kDa protein OS=Arabidopsis thaliana OX=3702 GN=LTI65 PE=2 SV=2	True
Q05153	-0.11	0.116013683	0.217552545	SSRP1	SOL	FACT complex subunit SSRP1 OS=Arabidopsis thaliana OX=3702 GN=SSRP1 PE=1 SV=2	False
Q05212	0.42	0.007737925	0.026499703	DRT102	MEM	DNA damage-repair/toleration protein DRT102 OS=Arabidopsis thaliana OX=3702 GN=DRT102 PE=1 SV=2	True
Q05431	1.23	3.52251e-05	0.003642269	APX1	MEM	L-ascorbate peroxidase 1, cytosolic OS=Arabidopsis thaliana OX=3702 GN=APX1 PE=1 SV=2	True
Q05728	0.05	0.598831037	0.678147057	PUR5	SOL	Phosphoribosylformylglycinamidine cyclo-ligase, chloroplastic OS=Arabidopsis thaliana OX=3702 GN=PUR5 PE=1 SV=2	False
Q05758	0.59	0.09552949	0.141497537	At3g58610	MEM	Ketol-acid reductoisomerase, chloroplastic OS=Arabidopsis thaliana OX=3702 GN=At3g58610 PE=1 SV=2	False
Q058N4	-1.13	0.007995114	0.026883857	MRS2-11	MEM	Magnesium transporter MRS2-11, chloroplastic OS=Arabidopsis thaliana OX=3702 GN=MRS2-11 PE=1 SV=1	True
Q06327	-0.26	0.011766596	0.03307531	LOX1	MEM	Linoleate 9S-lipoxygenase 1 OS=Arabidopsis thaliana OX=3702 GN=LOX1 PE=1 SV=1	True
Q06588	0.53	0.01122686	0.032082168	ACO4	MEM	1-aminocyclopropane-1-carboxylate oxidase 4 OS=Arabidopsis thaliana OX=3702 GN=ACO4 PE=1 SV=2	True
Q06738	0.7	0.000444247	0.023403654	RD29A	SOL	Low-temperature-induced 78 kDa protein OS=Arabidopsis thaliana OX=3702 GN=RD29A PE=1 SV=2	True
Q06850	0.24	0.128505085	0.180276487	CPK1	MEM	Calcium-dependent protein kinase 1 OS=Arabidopsis thaliana OX=3702 GN=CPK1 PE=1 SV=1	False
Q07098	-0.27	0.04598997	0.128333259	PP2A2	SOL	Serine/threonine-protein phosphatase PP2A-2 catalytic subunit OS=Arabidopsis thaliana OX=3702 GN=PP2A2 PE=1 SV=1	False
Q07099	0.51	0.0010804	0.00976055	PP2A1	MEM	Serine/threonine-protein phosphatase PP2A-1 catalytic subunit OS=Arabidopsis thaliana OX=3702 GN=PP2A1 PE=1 SV=1	True
Q07100	0.4	0.001749853	0.012087623	PP2A3	MEM	Serine/threonine-protein phosphatase PP2A-3 catalytic subunit OS=Arabidopsis thaliana OX=3702 GN=PP2A3 PE=1 SV=2	True
Q07356	-0.23	0.050581801	0.08623311	PDS	MEM	15-cis-phytoene desaturase, chloroplastic/chromoplastic OS=Arabidopsis thaliana OX=3702 GN=PDS PE=1 SV=1	False
Q07473	-1.71	0.001944388	0.012627328	LHCB4.1	MEM	Chlorophyll a-b binding protein CP29.1, chloroplastic OS=Arabidopsis thaliana OX=3702 GN=LHCB4.1 PE=1 SV=1	True
Q07488	0.43	0.029275315	0.101916532	BCB	SOL	Blue copper protein OS=Arabidopsis thaliana OX=3702 GN=BCB PE=2 SV=2	False
Q08112	-0.35	0.033496496	0.063997314	RPS15A	MEM	40S ribosomal protein S15-1 OS=Arabidopsis thaliana OX=3702 GN=RPS15A PE=2 SV=1	False
Q08298	1.97	0.000911201	0.009356676	RD22	MEM	BURP domain protein RD22 OS=Arabidopsis thaliana OX=3702 GN=RD22 PE=2 SV=1	True
Q08466	0.03	0.302111666	0.411095366	CKA2	SOL	Casein kinase II subunit alpha-2 OS=Arabidopsis thaliana OX=3702 GN=CKA2 PE=1 SV=3	False
Q08733	1.91	0.010031964	0.030380022	PIP1-3	MEM	Aquaporin PIP1-3 OS=Arabidopsis thaliana OX=3702 GN=PIP1-3 PE=1 SV=1	True
Q08AA8	-0.82	0.002540659	0.014431752	At5g27290	MEM	At5g27290 OS=Arabidopsis thaliana OX=3702 GN=At5g27290 PE=1 SV=1	True
Q09152	0.45	0.031188601	0.060712646	FPS1	MEM	Farnesyl pyrophosphate synthase 1, mitochondrial OS=Arabidopsis thaliana OX=3702 GN=FPS1 PE=2 SV=2	False
Q0PGJ6	0.87	0.022776081	0.090215648	AKR4C9	SOL	NADPH-dependent aldo-keto reductase, chloroplastic OS=Arabidopsis thaliana OX=3702 GN=AKR4C9 PE=1 SV=1	False
Q0V7T5	-0.07	0.896096753	0.911995085	At1g80640	MEM	Probable receptor-like protein kinase At1g80640 OS=Arabidopsis thaliana OX=3702 GN=At1g80640 PE=2 SV=1	False
Q0WL80	-0.31	0.011584141	0.032713492	UGGT	MEM	UDP-glucose:glycoprotein glucosyltransferase OS=Arabidopsis thaliana OX=3702 GN=UGGT PE=1 SV=1	True
Q0WLB5	-0.41	0.002145441	0.013247563	CHC2	MEM	Clathrin heavy chain 2 OS=Arabidopsis thaliana OX=3702 GN=CHC2 PE=1 SV=1	True
Q0WLC6	-0.4	0.053127808	0.08950182	MRL1	MEM	Pentatricopeptide repeat-containing protein MRL1, chloroplastic OS=Arabidopsis thaliana OX=3702 GN=MRL1 PE=1 SV=2	False
Q0WLC7	-0.5	0.012051957	0.067823571	CBSCBSPB4	SOL	CBS domain-containing protein CBSCBSPB4 OS=Arabidopsis thaliana OX=3702 GN=CBSCBSPB4 PE=1 SV=2	False
Q0WLY0	0.18	0.050342355	0.085995407	At1g33680	MEM	KH domain-containing protein OS=Arabidopsis thaliana OX=3702 GN=At1g33680 PE=1 SV=1	False
Q0WM93	-0.6	0.00284074	0.015033596	At4g02470	MEM	AAA-type ATPase family protein OS=Arabidopsis thaliana OX=3702 GN=At4g02470 PE=1 SV=1	True
Q0WML0	-0.44	0.011724265	0.03300624	ABCB27	MEM	ABC transporter B family member 27 OS=Arabidopsis thaliana OX=3702 GN=ABCB27 PE=1 SV=1	True
Q0WMN5	-0.03	0.759094609	0.810464373	At3g49140	SOL	Uncharacterized protein At3g49140 OS=Arabidopsis thaliana OX=3702 GN=At3g49140 PE=1 SV=2	False
Q0WN54	0.79	0.014857822	0.037489476	DJA7	MEM	Molecular chaperone Hsp40/DnaJ family protein OS=Arabidopsis thaliana OX=3702 GN=DJA7 PE=1 SV=1	True
Q0WNJ6	0.27	0.069426282	0.110230384	CHC1	MEM	Clathrin heavy chain 1 OS=Arabidopsis thaliana OX=3702 GN=CHC1 PE=1 SV=1	False
Q0WP12	1.34	0.004601523	0.019606579	HOL1	MEM	Thiocyanate methyltransferase 1 OS=Arabidopsis thaliana OX=3702 GN=HOL1 PE=1 SV=2	True
Q0WQB7	0.18	0.128915694	0.180641366	At2g25800	MEM	Elongation factor Ts (DUF810) OS=Arabidopsis thaliana OX=3702 GN=At2g25800 PE=1 SV=1	False
Q0WQH3	-0.25	0.166534258	0.222101444	At1g27100	MEM	Actin cross-linking protein OS=Arabidopsis thaliana OX=3702 GN=At1g27100 PE=1 SV=1	False
Q0WR25	1.01	0.001933134	0.012627328	ECT5	MEM	Evolutionarily conserved C-terminal region 5 OS=Arabidopsis thaliana OX=3702 GN=ECT5 PE=1 SV=1	True
Q0WR30	-0.16	0.468627732	0.528706752	At1g78260	MEM	RNA-binding (RRM/RBD/RNP motifs) family protein OS=Arabidopsis thaliana OX=3702 GN=At1g78260 PE=1 SV=1	False
Q0WR59	-0.24	0.094990193	0.140810954	At5g10020	MEM	Probable inactive receptor kinase At5g10020 OS=Arabidopsis thaliana OX=3702 GN=At5g10020 PE=1 SV=2	False
Q0WR81	-0.7	0.028647384	0.057436923	At4g17085	MEM	Putative membrane lipoprotein OS=Arabidopsis thaliana OX=3702 GN=At4g17085 PE=1 SV=1	False
Q0WSE9	-0.52	0.00036862	0.022452568	At5g15610	SOL	Eukaryotic translation initiation factor 3 subunit M OS=Arabidopsis thaliana OX=3702 GN=At5g15610 PE=1 SV=1	True
Q0WSF1	-0.35	0.042092645	0.075631661	ALDH22A1	MEM	Aldehyde dehydrogenase 22A1 OS=Arabidopsis thaliana OX=3702 GN=ALDH22A1 PE=2 SV=2	False
Q0WSJ9	-0.53	0.003344339	0.0164029	At3g02510	MEM	Regulator of chromosome condensation (RCC1) family protein OS=Arabidopsis thaliana OX=3702 GN=At3g02510 PE=1 SV=1	True
Q0WSY2	0.61	0.041961197	0.075453832	FPP4	MEM	Filament-like plant protein 4 OS=Arabidopsis thaliana OX=3702 GN=FPP4 PE=1 SV=1	False
Q0WT31	-0.58	0.006594576	0.024353894	At2g34300	MEM	Probable methyltransferase PMT25 OS=Arabidopsis thaliana OX=3702 GN=At2g34300 PE=2 SV=2	True
Q0WTS1	0.1	0.955346476	0.96416945	At4g32610	SOL	Copper ion binding protein OS=Arabidopsis thaliana OX=3702 GN=At4g32610 PE=1 SV=1	False
Q0WUA3	-0.65	0.000563517	0.007711196	ABC4	MEM	2-carboxy-1,4-naphthoquinone phytyltransferase, chloroplastic OS=Arabidopsis thaliana OX=3702 GN=ABC4 PE=1 SV=2	True
Q0WUI9	-0.4	0.053563134	0.090043815	TPS8	MEM	Probable alpha,alpha-trehalose-phosphate synthase [UDP-forming] 8 OS=Arabidopsis thaliana OX=3702 GN=TPS8 PE=2 SV=1	False
Q0WUQ7	0.36	0.004906008	0.020426296	At4g29490	MEM	Metallopeptidase M24 family protein OS=Arabidopsis thaliana OX=3702 GN=At4g29490 PE=1 SV=1	True
Q0WUY1	-0.06	0.401461237	0.464836691	NADKC	MEM	Calmodulin calcium-dependent NAD kinase OS=Arabidopsis thaliana OX=3702 GN=NADKC PE=1 SV=1	False
Q0WUY5	-0.16	0.177670484	0.282410559	At3g07660	SOL	Flocculation protein (DUF1296) OS=Arabidopsis thaliana OX=3702 GN=At3g07660 PE=1 SV=1	False
Q0WV86	0.21	0.207543337	0.266579161	At3g48200	MEM	Transmembrane protein OS=Arabidopsis thaliana OX=3702 GN=At3g48200 PE=1 SV=1	False
Q0WV90	-0.84	0.014156747	0.073048551	TPR1	SOL	Topless-related protein 1 OS=Arabidopsis thaliana OX=3702 GN=TPR1 PE=1 SV=3	False
Q0WVF7	-0.43	0.022313178	0.048304237	At3g03060	MEM	P-loop containing nucleoside triphosphate hydrolases superfamily protein OS=Arabidopsis thaliana OX=3702 GN=At3g03060 PE=1 SV=1	True
Q0WVJ5	-0.05	0.688841862	0.734106356	XBCP3	MEM	At1g09850 OS=Arabidopsis thaliana OX=3702 GN=XBCP3 PE=1 SV=1	False
Q0WVN5	-0.22	0.202477292	0.261118717	CSLG3	MEM	Cellulose synthase-like protein G3 OS=Arabidopsis thaliana OX=3702 GN=CSLG3 PE=2 SV=2	False
Q0WVX5	-0.28	0.013698056	0.072242903	SS4	SOL	Probable starch synthase 4, chloroplastic/amyloplastic OS=Arabidopsis thaliana OX=3702 GN=SS4 PE=1 SV=1	False
Q0WVZ7	-0.52	0.015703572	0.038791414	At5g20655	MEM	24 kDa vacuolar protein-like OS=Arabidopsis thaliana OX=3702 GN=At5g20655 PE=1 SV=1	True
Q0WW26	-0.31	0.009468247	0.029432799	At4g34450	MEM	Coatomer subunit gamma OS=Arabidopsis thaliana OX=3702 GN=At4g34450 PE=1 SV=2	True
Q0WW53	-0.41	0.064483685	0.104053983	At4g38370	MEM	Phosphoglycerate mutase family protein OS=Arabidopsis thaliana OX=3702 GN=At4g38370 PE=1 SV=1	False
Q0WW84	-0.7	0.011400579	0.065749293	RBP47B	SOL	Polyadenylate-binding protein RBP47B OS=Arabidopsis thaliana OX=3702 GN=RBP47B PE=1 SV=1	False
Q0WWE3	-0.01	0.932413742	0.942453873	QCR6-1	MEM	Cytochrome b-c1 complex subunit 6-1, mitochondrial OS=Arabidopsis thaliana OX=3702 GN=QCR6-1 PE=1 SV=1	False
Q0WWT7	0.48	0.00280191	0.014938697	STR11	MEM	Rhodanese-like domain-containing protein 11, chloroplastic OS=Arabidopsis thaliana OX=3702 GN=STR11 PE=2 SV=1	True
Q0WWW9	-0.75	0.001514355	0.011195624	At5g59250	MEM	D-xylose-proton symporter-like 3, chloroplastic OS=Arabidopsis thaliana OX=3702 GN=At5g59250 PE=1 SV=2	True
Q147P9	0.4	0.074468188	0.116288501	At5g10050	MEM	At5g10050 OS=Arabidopsis thaliana OX=3702 GN=At5g10050 PE=1 SV=1	False
Q1EBV4	0.04	0.283342185	0.392261648	DDI1	SOL	Protein DNA-DAMAGE INDUCIBLE 1 OS=Arabidopsis thaliana OX=3702 GN=DDI1 PE=1 SV=1	False
Q1EBV7	-0.95	0.002984858	0.015461696	BASS2	MEM	Sodium/pyruvate cotransporter BASS2, chloroplastic OS=Arabidopsis thaliana OX=3702 GN=BASS2 PE=1 SV=1	True
Q1ECE0	0.42	0.062805857	0.101966252	PVA41	MEM	Vesicle-associated protein 4-1 OS=Arabidopsis thaliana OX=3702 GN=PVA41 PE=2 SV=1	False
Q1G3I0	3.75	1.35002e-05	0.003059928	LTPG28	MEM	Non-specific lipid transfer protein GPI-anchored 28 OS=Arabidopsis thaliana OX=3702 GN=LTPG28 PE=2 SV=1	True
Q1G3L2	-0.29	0.103031483	0.20204962	At4g01883	SOL	Polyketide cyclase / dehydrase and lipid transport protein OS=Arabidopsis thaliana OX=3702 GN=At4g01883 PE=1 SV=1	False
Q1H537	-0.52	0.002263471	0.01361474	DVR	MEM	Divinyl chlorophyllide a 8-vinyl-reductase, chloroplastic OS=Arabidopsis thaliana OX=3702 GN=DVR PE=1 SV=1	True
Q1H583	1.07	0.000115719	0.004319756	GLL22	MEM	GDSL esterase/lipase 22 OS=Arabidopsis thaliana OX=3702 GN=GLL22 PE=1 SV=1	True
Q1H5C9	-0.72	0.000121656	0.004416223	OEP24A	MEM	Outer envelope pore protein 24A, chloroplastic OS=Arabidopsis thaliana OX=3702 GN=OEP24A PE=1 SV=1	True
Q1JPL7	-0.46	0.195664671	0.25406061	PME18	MEM	Pectinesterase/pectinesterase inhibitor 18 OS=Arabidopsis thaliana OX=3702 GN=PME18 PE=1 SV=3	False
Q1JPM1	0.06	0.513727217	0.605876735	MPA24.11	SOL	At5g65760 OS=Arabidopsis thaliana OX=3702 GN=MPA24.11 PE=1 SV=1	False
Q1JPN7	-0.3	0.027836467	0.056345956	At2g31800	MEM	At2g31800 OS=Arabidopsis thaliana OX=3702 GN=At2g31800 PE=1 SV=1	False
Q1KPV0	-0.61	0.012486848	0.033919238	FZL	MEM	Probable transmembrane GTPase FZO-like, chloroplastic OS=Arabidopsis thaliana OX=3702 GN=FZL PE=1 SV=1	True
Q1LYX4	0.22	0.672259244	0.720981553	AtSec20	MEM	At3g24315 OS=Arabidopsis thaliana OX=3702 GN=AtSec20 PE=1 SV=1	False
Q1PDV6	-0.62	0.001447104	0.010970824	PBL27	MEM	Serine/threonine-protein kinase PBL27 OS=Arabidopsis thaliana OX=3702 GN=PBL27 PE=1 SV=1	True
Q1PF50	0.25	0.202938949	0.309913322	EDA2	SOL	Probable serine protease EDA2 OS=Arabidopsis thaliana OX=3702 GN=EDA2 PE=2 SV=2	False
Q1WIQ6	-0.21	0.003071966	0.040474785	ALDH11A3	SOL	NADP-dependent glyceraldehyde-3-phosphate dehydrogenase OS=Arabidopsis thaliana OX=3702 GN=ALDH11A3 PE=1 SV=2	True
Q208N7	-0.91	0.001968013	0.012636501	ACD32.1	MEM	Alpha-crystallin domain 32.1 OS=Arabidopsis thaliana OX=3702 GN=ACD32.1 PE=1 SV=1	True
Q24JN5	-0.72	0.003288733	0.016277497	P4H5	MEM	Prolyl 4-hydroxylase 5 OS=Arabidopsis thaliana OX=3702 GN=P4H5 PE=2 SV=1	True
Q27GI3	-0.43	0.032365407	0.062452601	NAT6	MEM	Nucleobase-ascorbate transporter 6 OS=Arabidopsis thaliana OX=3702 GN=NAT6 PE=2 SV=2	False
Q29Q26	1.13	0.000555099	0.007670979	AKR2B	MEM	Ankyrin repeat domain-containing protein 2B OS=Arabidopsis thaliana OX=3702 GN=AKR2B PE=1 SV=1	True
Q29Q34	0.34	0.033660323	0.064142508	At5g19440	MEM	At5g19440 OS=Arabidopsis thaliana OX=3702 GN=At5g19440 PE=1 SV=1	False
Q2HIK4	-0.13	0.093757878	0.139206256	PFD6	MEM	At1g29990 OS=Arabidopsis thaliana OX=3702 GN=PFD6 PE=1 SV=1	False
Q2HIM4	-0.1	0.029451298	0.102168469	MRO11.20	SOL	At5g23760 OS=Arabidopsis thaliana OX=3702 GN=MRO11.20 PE=1 SV=1	False
Q2HIQ2	-0.75	0.006001511	0.022957378	At1g01170	MEM	At1g01170 OS=Arabidopsis thaliana OX=3702 GN=At1g01170 PE=1 SV=1	True
Q2HIR7	-0.72	0.013458454	0.035769098	APE1	MEM	Acclimation of photosynthesis to environment OS=Arabidopsis thaliana OX=3702 GN=APE1 PE=1 SV=1	True
Q2HIU0	-0.16	0.721655618	0.763331679	At3g15110	MEM	At3g15110 OS=Arabidopsis thaliana OX=3702 GN=At3g15110 PE=1 SV=1	False
Q2PGG3	0.25	0.003355682	0.041353361	SR	SOL	Serine racemase OS=Arabidopsis thaliana OX=3702 GN=SR PE=1 SV=1	True
Q2V2S7	0.0	0.549495726	0.605677118	ndhM	MEM	NAD(P)H-quinone oxidoreductase subunit M, chloroplastic OS=Arabidopsis thaliana OX=3702 GN=ndhM PE=2 SV=1	False
Q2V3Q0	0.22	0.048559256	0.131838599	PAD1	SOL	Proteasome subunit alpha type OS=Arabidopsis thaliana OX=3702 GN=PAD1 PE=1 SV=1	False
Q2V4P2	0.15	0.533712519	0.621438065	BCAT-2	SOL	Branched-chain-amino-acid aminotransferase OS=Arabidopsis thaliana OX=3702 GN=BCAT-2 PE=1 SV=2	False
Q304B9	-0.12	0.03849871	0.071028095	NCER2	MEM	Neutral ceramidase 2 OS=Arabidopsis thaliana OX=3702 GN=NCER2 PE=3 SV=1	False
Q37145	0.29	0.165424856	0.220875458	ACA1	MEM	Calcium-transporting ATPase 1 OS=Arabidopsis thaliana OX=3702 GN=ACA1 PE=1 SV=3	False
Q38799	0.51	0.011400956	0.032420159	PDH2	MEM	Pyruvate dehydrogenase E1 component subunit beta-1, mitochondrial OS=Arabidopsis thaliana OX=3702 GN=PDH2 PE=1 SV=2	True
Q38814	0.69	0.028415133	0.057131509	THI1	MEM	Thiamine thiazole synthase, chloroplastic OS=Arabidopsis thaliana OX=3702 GN=THI1 PE=1 SV=1	False
Q38820	-0.26	0.184884227	0.242982481	TIM23-2	MEM	Mitochondrial import inner membrane translocase subunit TIM23-2 OS=Arabidopsis thaliana OX=3702 GN=TIM23-2 PE=1 SV=1	False
Q38833	-0.61	0.002625944	0.014583799	CHLG	MEM	Chlorophyll synthase, chloroplastic OS=Arabidopsis thaliana OX=3702 GN=CHLG PE=2 SV=1	True
Q38834	0.13	0.599880416	0.652468248	RPP13L4	MEM	Disease resistance RPP13-like protein 4 OS=Arabidopsis thaliana OX=3702 GN=RPP13L4 PE=1 SV=2	False
Q38842	-1.02	0.00040799	0.006758377	ATOZI1	MEM	AT0ZI1 protein OS=Arabidopsis thaliana OX=3702 GN=ATOZI1 PE=1 SV=1	True
Q38845	-0.23	0.030528224	0.104638021	PP2AA1	SOL	Serine/threonine-protein phosphatase 2A 65 kDa regulatory subunit A alpha isoform OS=Arabidopsis thaliana OX=3702 GN=PP2AA1 PE=1 SV=1	False
Q38854	-0.13	0.184913731	0.290936679	DXS	SOL	1-deoxy-D-xylulose-5-phosphate synthase, chloroplastic OS=Arabidopsis thaliana OX=3702 GN=DXS PE=1 SV=2	False
Q38857	0.03	0.40097692	0.464333772	XTH22	MEM	Xyloglucan endotransglucosylase/hydrolase protein 22 OS=Arabidopsis thaliana OX=3702 GN=XTH22 PE=1 SV=1	False
Q38858	-0.67	0.002761882	0.014854106	CRT2	MEM	Calreticulin-2 OS=Arabidopsis thaliana OX=3702 GN=CRT2 PE=1 SV=3	True
Q38865	0.21	0.395124721	0.497487598	EXPA6	SOL	Expansin-A6 OS=Arabidopsis thaliana OX=3702 GN=EXPA6 PE=2 SV=2	False
Q38867	0.33	0.165180357	0.220644108	CYP19-3	MEM	Peptidyl-prolyl cis-trans isomerase CYP19-3 OS=Arabidopsis thaliana OX=3702 GN=CYP19-3 PE=2 SV=2	False
Q38868	0.32	0.08053737	0.123728513	CPK9	MEM	Calcium-dependent protein kinase 9 OS=Arabidopsis thaliana OX=3702 GN=CPK9 PE=1 SV=1	False
Q38869	-0.53	0.032439446	0.062541383	CPK4	MEM	Calcium-dependent protein kinase 4 OS=Arabidopsis thaliana OX=3702 GN=CPK4 PE=1 SV=1	False
Q38871	0.0	0.691200015	0.736450555	CPK5	MEM	Calcium-dependent protein kinase 5 OS=Arabidopsis thaliana OX=3702 GN=CPK5 PE=2 SV=1	False
Q38872	1.92	0.000936377	0.009448905	CPK6	MEM	Calcium-dependent protein kinase 6 OS=Arabidopsis thaliana OX=3702 GN=CPK6 PE=1 SV=1	True
Q38873	0.28	0.22013091	0.280498635	CPK7	MEM	Calcium-dependent protein kinase 7 OS=Arabidopsis thaliana OX=3702 GN=CPK7 PE=2 SV=1	False
Q38879	1.56	0.000668899	0.008155076	TRX2	MEM	Thioredoxin H2 OS=Arabidopsis thaliana OX=3702 GN=TRX2 PE=1 SV=2	True
Q38882	-0.41	0.148068821	0.252428019	PLDALPHA1	SOL	Phospholipase D alpha 1 OS=Arabidopsis thaliana OX=3702 GN=PLDALPHA1 PE=1 SV=2	False
Q38884	0.26	0.113392366	0.163136259	TIF3I1	MEM	Eukaryotic translation initiation factor 3 subunit I OS=Arabidopsis thaliana OX=3702 GN=TIF3I1 PE=2 SV=2	False
Q38885	-0.94	0.004472058	0.019356698	SCY1	MEM	Preprotein translocase subunit SCY1, chloroplastic OS=Arabidopsis thaliana OX=3702 GN=SCY1 PE=1 SV=2	True
Q38890	-0.57	0.005179566	0.021019087	KOR	MEM	Endoglucanase 25 OS=Arabidopsis thaliana OX=3702 GN=KOR PE=1 SV=1	True
Q38893	-0.23	0.024497826	0.093224391	ZDS1	SOL	Zeta-carotene desaturase, chloroplastic/chromoplastic OS=Arabidopsis thaliana OX=3702 GN=ZDS1 PE=1 SV=3	False
Q38896	0.25	0.299027787	0.362728785	CSP4	MEM	Cold shock domain-containing protein 4 OS=Arabidopsis thaliana OX=3702 GN=CSP4 PE=1 SV=1	False
Q38900	0.89	0.02008158	0.045218833	CYP19-1	MEM	Peptidyl-prolyl cis-trans isomerase CYP19-1 OS=Arabidopsis thaliana OX=3702 GN=CYP19-1 PE=1 SV=1	True
Q38906	0.37	0.088657218	0.133186474	TOC34	MEM	Translocase of chloroplast 34, chloroplastic OS=Arabidopsis thaliana OX=3702 GN=TOC34 PE=1 SV=2	False
Q38910	1.08	0.006307599	0.050732954	XTH23	SOL	Probable xyloglucan endotransglucosylase/hydrolase protein 23 OS=Arabidopsis thaliana OX=3702 GN=XTH23 PE=2 SV=1	False
Q38922	-0.17	0.214276788	0.274015989	RABB1B	MEM	Ras-related protein RABB1b OS=Arabidopsis thaliana OX=3702 GN=RABB1B PE=2 SV=1	False
Q38924	-0.03	0.505387753	0.598110589	PAP12	SOL	Fe(3+)-Zn(2+) purple acid phosphatase 12 OS=Arabidopsis thaliana OX=3702 GN=PAP12 PE=2 SV=3	False
Q38929	0.11	0.097223184	0.194158956	IPP1	SOL	Isopentenyl-diphosphate Delta-isomerase I, chloroplastic OS=Arabidopsis thaliana OX=3702 GN=IPP1 PE=1 SV=3	False
Q38931	0.23	0.241697944	0.349904037	FKBP62	SOL	Peptidyl-prolyl cis-trans isomerase FKBP62 OS=Arabidopsis thaliana OX=3702 GN=FKBP62 PE=1 SV=2	False
Q38932	-1.16	0.003455427	0.016582151	LUT2	MEM	Lycopene epsilon cyclase, chloroplastic OS=Arabidopsis thaliana OX=3702 GN=LUT2 PE=1 SV=2	True
Q38933	-0.32	0.041709471	0.121403478	LCY1	SOL	Lycopene beta cyclase, chloroplastic OS=Arabidopsis thaliana OX=3702 GN=LCY1 PE=1 SV=1	False
Q38935	-0.28	0.058037402	0.095803667	FKBP15-1	MEM	Peptidyl-prolyl cis-trans isomerase FKBP15-1 OS=Arabidopsis thaliana OX=3702 GN=FKBP15-1 PE=2 SV=2	False
Q38936	0.35	0.042126729	0.122409392	FKBP15-2	SOL	Peptidyl-prolyl cis-trans isomerase FKBP15-2 OS=Arabidopsis thaliana OX=3702 GN=FKBP15-2 PE=2 SV=2	False
Q38937	-0.03	0.630278451	0.682257152	ARAC5	MEM	Rac-like GTP-binding protein ARAC5 OS=Arabidopsis thaliana OX=3702 GN=ARAC5 PE=1 SV=1	False
Q38942	0.16	0.486242495	0.54540151	RAE1	MEM	Protein RAE1 OS=Arabidopsis thaliana OX=3702 GN=RAE1 PE=1 SV=2	False
Q38945	-0.55	0.000751682	0.025005634	AHL	SOL	PAP-specific phosphatase HAL2-like OS=Arabidopsis thaliana OX=3702 GN=AHL PE=2 SV=1	True
Q38946	0.2	0.030627347	0.104881021	GDH2	SOL	Glutamate dehydrogenase 2 OS=Arabidopsis thaliana OX=3702 GN=GDH2 PE=1 SV=1	False
Q38950	-0.49	0.010530103	0.06375964	PP2AA2	SOL	Serine/threonine-protein phosphatase 2A 65 kDa regulatory subunit A beta isoform OS=Arabidopsis thaliana OX=3702 GN=PP2AA2 PE=1 SV=2	False
Q38951	0.52	0.023723284	0.05050641	PP2AA3	MEM	Serine/threonine-protein phosphatase 2A 65 kDa regulatory subunit A gamma isoform OS=Arabidopsis thaliana OX=3702 GN=PP2AA3 PE=1 SV=2	False
Q38953	-0.37	0.044118751	0.126240448	At3g26560	SOL	Probable pre-mRNA-splicing factor ATP-dependent RNA helicase DEAH5 OS=Arabidopsis thaliana OX=3702 GN=At3g26560 PE=1 SV=2	False
Q38954	-1.05	0.000215163	0.005023886	PHT2-1	MEM	Inorganic phosphate transporter 2-1, chloroplastic OS=Arabidopsis thaliana OX=3702 GN=PHT2-1 PE=1 SV=1	True
Q38955	-0.7	0.006339492	0.023760505	orf03	MEM	Orf03 protein OS=Arabidopsis thaliana OX=3702 GN=orf03 PE=1 SV=1	True
Q38970	-0.21	0.008796896	0.058177523	ACC1	SOL	Acetyl-CoA carboxylase 1 OS=Arabidopsis thaliana OX=3702 GN=ACC1 PE=1 SV=1	False
Q38997	-0.23	0.112326588	0.213556318	KIN10	SOL	SNF1-related protein kinase catalytic subunit alpha KIN10 OS=Arabidopsis thaliana OX=3702 GN=KIN10 PE=1 SV=3	False
Q39002	0.38	0.037568712	0.069741519	AATP1	MEM	ADP,ATP carrier protein 1, chloroplastic OS=Arabidopsis thaliana OX=3702 GN=AATP1 PE=1 SV=2	False
Q39016	-0.11	0.080646563	0.173085867	CPK11	SOL	Calcium-dependent protein kinase 11 OS=Arabidopsis thaliana OX=3702 GN=CPK11 PE=1 SV=2	False
Q39023	-0.74	0.000474852	0.023597535	MPK3	SOL	Mitogen-activated protein kinase 3 OS=Arabidopsis thaliana OX=3702 GN=MPK3 PE=1 SV=2	True
Q39024	-0.35	0.099127166	0.196850339	MPK4	SOL	Mitogen-activated protein kinase 4 OS=Arabidopsis thaliana OX=3702 GN=MPK4 PE=1 SV=2	False
Q39026	1.27	0.001727723	0.012030638	MPK6	MEM	Mitogen-activated protein kinase 6 OS=Arabidopsis thaliana OX=3702 GN=MPK6 PE=1 SV=1	True
Q39033	-0.19	0.004401631	0.019176912	PLC2	MEM	Phosphoinositide phospholipase C 2 OS=Arabidopsis thaliana OX=3702 GN=PLC2 PE=1 SV=1	True
Q39041	0.38	0.152851712	0.25709395	BFRUCT4	SOL	Acid beta-fructofuranosidase 4, vacuolar OS=Arabidopsis thaliana OX=3702 GN=BFRUCT4 PE=1 SV=2	False
Q39048	0.68	0.008859151	0.028503892	CER2	MEM	Protein ECERIFERUM 2 OS=Arabidopsis thaliana OX=3702 GN=CER2 PE=1 SV=1	True
Q39054	0.47	0.001852768	0.012380099	CNX1	MEM	Molybdopterin biosynthesis protein CNX1 OS=Arabidopsis thaliana OX=3702 GN=CNX1 PE=1 SV=2	True
Q39061	1.04	0.039255262	0.072137463	CP33	MEM	RNA-binding protein CP33, chloroplastic OS=Arabidopsis thaliana OX=3702 GN=CP33 PE=2 SV=1	False
Q39079	-2.3	0.000102531	0.004249764	ATJ13	MEM	Chaperone protein dnaJ 13 OS=Arabidopsis thaliana OX=3702 GN=ATJ13 PE=1 SV=2	True
Q39085	0.08	0.7741137	0.809752208	DIM	MEM	Delta(24)-sterol reductase OS=Arabidopsis thaliana OX=3702 GN=DIM PE=1 SV=2	False
Q39096	-0.46	0.092307827	0.188071152	ERD15	SOL	Protein EARLY RESPONSIVE TO DEHYDRATION 15 OS=Arabidopsis thaliana OX=3702 GN=ERD15 PE=1 SV=1	False
Q39097	0.3	0.007759133	0.026499703	ERF1-1	MEM	Eukaryotic peptide chain release factor subunit 1-1 OS=Arabidopsis thaliana OX=3702 GN=ERF1-1 PE=1 SV=2	True
Q39099	0.42	0.020718971	0.086252306	XTH4	SOL	Xyloglucan endotransglucosylase/hydrolase protein 4 OS=Arabidopsis thaliana OX=3702 GN=XTH4 PE=1 SV=1	False
Q39100	2.71	0.00019929	0.004946938	extA	MEM	Bifunctional inhibitor/lipid-transfer protein/seed storage 2S albumin superfamily protein OS=Arabidopsis thaliana OX=3702 GN=extA PE=1 SV=1	True
Q39101	1.23	0.010070854	0.03038327	FER1	MEM	Ferritin-1, chloroplastic OS=Arabidopsis thaliana OX=3702 GN=FER1 PE=1 SV=1	True
Q39102	0.04	0.764136146	0.800576912	FTSH1	MEM	ATP-dependent zinc metalloprotease FTSH 1, chloroplastic OS=Arabidopsis thaliana OX=3702 GN=FTSH1 PE=1 SV=2	False
Q39108	-0.22	0.010818066	0.06467341	GGR	SOL	Heterodimeric geranylgeranyl pyrophosphate synthase small subunit, chloroplastic OS=Arabidopsis thaliana OX=3702 GN=GGR PE=1 SV=2	False
Q39129	0.25	0.151698119	0.256081312	STR16	SOL	Thiosulfate sulfurtransferase 16, chloroplastic OS=Arabidopsis thaliana OX=3702 GN=STR16 PE=1 SV=2	False
Q39131	0.44	0.004253836	0.044058085	At5g15350	SOL	Lamin-like protein OS=Arabidopsis thaliana OX=3702 GN=At5g15350 PE=2 SV=1	True
Q39132	2.26	0.010324499	0.063197158	MLP1	SOL	At1g14950/F10B6_18 OS=Arabidopsis thaliana OX=3702 GN=MLP1 PE=1 SV=1	False
Q39141	3.04	0.001042907	0.00976055	Lhb1B2	MEM	Chlorophyll a-b binding protein, chloroplastic OS=Arabidopsis thaliana OX=3702 GN=Lhb1B2 PE=1 SV=1	True
Q39142	1.69	0.008657202	0.028090565	Lhb1B1	MEM	Chlorophyll a-b binding protein, chloroplastic OS=Arabidopsis thaliana OX=3702 GN=Lhb1B1 PE=1 SV=1	True
Q39160	-0.71	0.003710295	0.017222664	XI-1	MEM	Myosin-5 OS=Arabidopsis thaliana OX=3702 GN=XI-1 PE=1 SV=1	True
Q39161	0.14	0.041449511	0.120931023	NIR1	SOL	Ferredoxin--nitrite reductase, chloroplastic OS=Arabidopsis thaliana OX=3702 GN=NIR1 PE=1 SV=1	False
Q39172	0.7	0.003208367	0.01615133	AER	MEM	NADPH-dependent oxidoreductase 2-alkenal reductase OS=Arabidopsis thaliana OX=3702 GN=AER PE=1 SV=1	True
Q39173	-0.2	0.006388327	0.050732954	P2	SOL	NADP-dependent alkenal double bond reductase P2 OS=Arabidopsis thaliana OX=3702 GN=P2 PE=2 SV=2	False
Q39189	-0.79	6.84399e-05	0.003697743	RH7	MEM	DEAD-box ATP-dependent RNA helicase 7 OS=Arabidopsis thaliana OX=3702 GN=RH7 PE=1 SV=2	True
Q39192	-0.86	0.004684275	0.019820495	SRK2D	MEM	Serine/threonine-protein kinase SRK2D OS=Arabidopsis thaliana OX=3702 GN=SRK2D PE=1 SV=1	True
Q39196	0.79	0.000600685	0.007851149	PIP1.4	MEM	Probable aquaporin PIP1-4 OS=Arabidopsis thaliana OX=3702 GN=PIP1.4 PE=1 SV=1	True
Q39211	-0.72	0.00237285	0.013870358	NRPB3	MEM	DNA-directed RNA polymerases II, IV and V subunit 3 OS=Arabidopsis thaliana OX=3702 GN=NRPB3 PE=1 SV=1	True
Q39218	-0.53	0.002690407	0.039190427	SAT3	SOL	Serine acetyltransferase 3, mitochondrial OS=Arabidopsis thaliana OX=3702 GN=SAT3 PE=1 SV=3	True
Q39219	-1.15	0.002258243	0.01361474	AOX1A	MEM	Ubiquinol oxidase 1a, mitochondrial OS=Arabidopsis thaliana OX=3702 GN=AOX1A PE=1 SV=2	True
Q39221	-0.34	0.043023865	0.076605951	STL2P	MEM	SEC12-like protein 2 OS=Arabidopsis thaliana OX=3702 GN=STL2P PE=1 SV=4	False
Q39222	-0.04	0.217187658	0.277394847	RABA1B	MEM	Ras-related protein RABA1b OS=Arabidopsis thaliana OX=3702 GN=RABA1B PE=1 SV=1	False
Q39224	0.03	0.653105266	0.70311715	SRG1	MEM	Protein SRG1 OS=Arabidopsis thaliana OX=3702 GN=SRG1 PE=2 SV=1	False
Q39227	-0.14	0.233645599	0.294772751	SMT2	MEM	24-methylenesterol C-methyltransferase 2 OS=Arabidopsis thaliana OX=3702 GN=SMT2 PE=1 SV=2	False
Q39228	-0.65	0.035021903	0.066177012	STP4	MEM	Sugar transport protein 4 OS=Arabidopsis thaliana OX=3702 GN=STP4 PE=1 SV=1	False
Q39230	0.68	0.018001144	0.042105368	At5g27470	MEM	Serine--tRNA ligase, cytoplasmic OS=Arabidopsis thaliana OX=3702 GN=At5g27470 PE=1 SV=1	True
Q39231	0.05	0.872588382	0.892861026	SUC2	MEM	Sucrose transport protein SUC2 OS=Arabidopsis thaliana OX=3702 GN=SUC2 PE=1 SV=2	False
Q39232	0.08	0.49462696	0.553336745	SUC1	MEM	Sucrose transport protein SUC1 OS=Arabidopsis thaliana OX=3702 GN=SUC1 PE=1 SV=1	False
Q39239	-0.1	0.405878656	0.468163489	TRX4	MEM	Thioredoxin H4 OS=Arabidopsis thaliana OX=3702 GN=TRX4 PE=1 SV=2	False
Q39241	0.65	0.001836905	0.012334074	TRX5	MEM	Thioredoxin H5 OS=Arabidopsis thaliana OX=3702 GN=TRX5 PE=1 SV=1	True
Q39243	0.41	0.514069817	0.605876735	NTR1	SOL	Thioredoxin reductase 1, mitochondrial OS=Arabidopsis thaliana OX=3702 GN=NTR1 PE=1 SV=3	False
Q39247	0.09	0.396710126	0.499060936	PP2AB2	SOL	Serine/threonine protein phosphatase 2A 55 kDa regulatory subunit B beta isoform OS=Arabidopsis thaliana OX=3702 GN=PP2AB2 PE=1 SV=1	False
Q39249	-0.54	0.002762014	0.014854106	VDE1	MEM	Violaxanthin de-epoxidase, chloroplastic OS=Arabidopsis thaliana OX=3702 GN=VDE1 PE=1 SV=1	True
Q39255	0.6	0.00019503	0.004898426	SKP1A	MEM	SKP1-like protein 1A OS=Arabidopsis thaliana OX=3702 GN=SKP1A PE=1 SV=1	True
Q39256	-4.43	3.43383e-05	0.003642269	UBQ8	MEM	Polyubiquitin 8 OS=Arabidopsis thaliana OX=3702 GN=UBQ8 PE=3 SV=1	True
Q39258	0.59	8.89465e-05	0.00412232	VHA-E1	MEM	V-type proton ATPase subunit E1 OS=Arabidopsis thaliana OX=3702 GN=VHA-E1 PE=1 SV=2	True
Q3E870	-0.44	0.025249119	0.052846862	SDH7B	MEM	Succinate dehydrogenase subunit 7B, mitochondrial OS=Arabidopsis thaliana OX=3702 GN=SDH7B PE=1 SV=1	False
Q3E8H9	1.62	0.002556357	0.038221914	At5g44310	SOL	Late embryogenesis abundant protein (LEA) family protein OS=Arabidopsis thaliana OX=3702 GN=At5g44310 PE=1 SV=1	True
Q3E902	0.34	0.061885256	0.100647477	RPS21C	MEM	40S ribosomal protein S21-2 OS=Arabidopsis thaliana OX=3702 GN=RPS21C PE=1 SV=2	False
Q3EBE3	0.03	0.750443627	0.803884473	CRR6	SOL	Chlororespiratory reduction 6 OS=Arabidopsis thaliana OX=3702 GN=CRR6 PE=1 SV=1	False
Q3ECS3	1.48	0.013885502	0.072562	TGG5	SOL	Myrosinase 5 OS=Arabidopsis thaliana OX=3702 GN=TGG5 PE=1 SV=1	False
Q3EDF8	-0.37	0.026973914	0.055371897	At1g09900	MEM	Pentatricopeptide repeat-containing protein At1g09900 OS=Arabidopsis thaliana OX=3702 GN=At1g09900 PE=2 SV=1	False
Q3MK94	-0.27	0.160313497	0.215412569	ECT1	MEM	YTH domain-containing protein ECT1 OS=Arabidopsis thaliana OX=3702 GN=ECT1 PE=1 SV=1	False
Q41188	-0.79	0.010519599	0.0310054	CSP2	MEM	Cold shock protein 2 OS=Arabidopsis thaliana OX=3702 GN=CSP2 PE=1 SV=1	True
Q41916	1.41	4.96496e-05	0.003642269	CYS5	MEM	Cysteine proteinase inhibitor 5 OS=Arabidopsis thaliana OX=3702 GN=CYS5 PE=2 SV=2	True
Q41931	0.36	0.021367085	0.0470978	ACO2	MEM	1-aminocyclopropane-1-carboxylate oxidase 2 OS=Arabidopsis thaliana OX=3702 GN=ACO2 PE=1 SV=2	True
Q41932	-0.32	0.064996504	0.155351889	PSBQ2	SOL	Oxygen-evolving enhancer protein 3-2, chloroplastic OS=Arabidopsis thaliana OX=3702 GN=PSBQ2 PE=1 SV=2	False
Q41969	0.2	0.071696913	0.113005328	EIF2B	MEM	Eukaryotic translation initiation factor 2 subunit beta OS=Arabidopsis thaliana OX=3702 GN=EIF2B PE=1 SV=3	False
Q42029	-0.06	0.344479535	0.449723722	PSBP1	SOL	Oxygen-evolving enhancer protein 2-1, chloroplastic OS=Arabidopsis thaliana OX=3702 GN=PSBP1 PE=1 SV=2	False
Q42044	1.47	0.008344777	0.027625744	At2g45180	MEM	At2g45180 OS=Arabidopsis thaliana OX=3702 GN=At2g45180 PE=1 SV=2	True
Q42064	-0.14	0.096762222	0.143049551	RPL8C	MEM	60S ribosomal protein L8-3 OS=Arabidopsis thaliana OX=3702 GN=RPL8C PE=2 SV=2	False
Q42093	-0.4	0.007254157	0.025612796	ABCC2	MEM	ABC transporter C family member 2 OS=Arabidopsis thaliana OX=3702 GN=ABCC2 PE=1 SV=2	True
Q42112	0.16	0.379290053	0.483438825	RPP0B	SOL	60S acidic ribosomal protein P0-2 OS=Arabidopsis thaliana OX=3702 GN=RPP0B PE=1 SV=2	False
Q42134	0.38	0.259420863	0.368314183	PAE2	SOL	Proteasome subunit alpha type-5-B OS=Arabidopsis thaliana OX=3702 GN=PAE2 PE=1 SV=2	False
Q42139	-0.78	0.022612121	0.089824897	PDE334	SOL	AT4g32260/F10M6_100 OS=Arabidopsis thaliana OX=3702 GN=PDE334 PE=1 SV=2	False
Q42262	-0.29	0.008197749	0.027305261	RPS3AB	MEM	40S ribosomal protein S3a-2 OS=Arabidopsis thaliana OX=3702 GN=RPS3AB PE=2 SV=3	True
Q42290	0.19	0.075755557	0.1179421	MPPbeta	MEM	Probable mitochondrial-processing peptidase subunit beta, mitochondrial OS=Arabidopsis thaliana OX=3702 GN=MPPbeta PE=1 SV=2	False
Q42328	1.24	0.085759522	0.18043837	ATTI1	SOL	Defensin-like protein 195 OS=Arabidopsis thaliana OX=3702 GN=ATTI1 PE=1 SV=3	False
Q42340	-0.26	0.028089022	0.056696629	RPS16C	MEM	40S ribosomal protein S16-3 OS=Arabidopsis thaliana OX=3702 GN=RPS16C PE=2 SV=1	False
Q42342	0.42	0.006895893	0.025022854	CYTB5-E	MEM	Cytochrome b5 isoform E OS=Arabidopsis thaliana OX=3702 GN=CYTB5-E PE=1 SV=2	True
Q42344	0.19	0.075760738	0.167902786	HMGB4	SOL	High mobility group B protein 4 OS=Arabidopsis thaliana OX=3702 GN=HMGB4 PE=1 SV=1	False
Q42347	-0.16	0.09470884	0.1404611	RPL24A	MEM	60S ribosomal protein L24-1 OS=Arabidopsis thaliana OX=3702 GN=RPL24A PE=1 SV=2	False
Q42351	1.13	8.83821e-05	0.00412232	RPL34A	MEM	60S ribosomal protein L34-1 OS=Arabidopsis thaliana OX=3702 GN=RPL34A PE=2 SV=1	True
Q42384	-0.01	0.989432391	0.991968712	PRL1	SOL	Protein pleiotropic regulatory locus 1 OS=Arabidopsis thaliana OX=3702 GN=PRL1 PE=1 SV=1	False
Q42400	0.02	0.672189584	0.720981553	AAP1	MEM	Amino acid permease 1 OS=Arabidopsis thaliana OX=3702 GN=AAP1 PE=1 SV=1	False
Q42403	0.82	0.010915654	0.031581577	TRX3	MEM	Thioredoxin H3 OS=Arabidopsis thaliana OX=3702 GN=TRX3 PE=1 SV=1	True
Q42404	-0.74	0.006581704	0.024338949	RNU1	MEM	U1 small nuclear ribonucleoprotein 70 kDa OS=Arabidopsis thaliana OX=3702 GN=RNU1 PE=1 SV=1	True
Q42406	0.7	0.004006776	0.018090423	CYP18-4	MEM	Peptidyl-prolyl cis-trans isomerase CYP18-4 OS=Arabidopsis thaliana OX=3702 GN=CYP18-4 PE=1 SV=1	True
Q42418	0.6	0.002630065	0.014591759	PRF2	MEM	Profilin-2 OS=Arabidopsis thaliana OX=3702 GN=PRF2 PE=1 SV=1	True
Q42449	0.82	0.006689748	0.024569421	PRF1	MEM	Profilin-1 OS=Arabidopsis thaliana OX=3702 GN=PRF1 PE=1 SV=1	True
Q42472	-0.28	0.025055423	0.094081279	GAD2	SOL	Glutamate decarboxylase 2 OS=Arabidopsis thaliana OX=3702 GN=GAD2 PE=1 SV=1	False
Q42479	0.11	0.007681961	0.055020961	CPK3	SOL	Calcium-dependent protein kinase 3 OS=Arabidopsis thaliana OX=3702 GN=CPK3 PE=1 SV=1	False
Q42510	-0.84	0.004121233	0.018421655	GN	MEM	ARF guanine-nucleotide exchange factor GNOM OS=Arabidopsis thaliana OX=3702 GN=GN PE=1 SV=1	True
Q42512	0.57	0.192114214	0.298598771	COR15A	SOL	Protein COLD-REGULATED 15A, chloroplastic OS=Arabidopsis thaliana OX=3702 GN=COR15A PE=1 SV=1	False
Q42521	0.29	0.035030515	0.066179829	GAD1	MEM	Glutamate decarboxylase 1 OS=Arabidopsis thaliana OX=3702 GN=GAD1 PE=1 SV=2	False
Q42522	0.79	0.011585075	0.032713492	GSA2	MEM	Glutamate-1-semialdehyde 2,1-aminomutase 2, chloroplastic OS=Arabidopsis thaliana OX=3702 GN=GSA2 PE=1 SV=2	True
Q42523	0.37	0.024810921	0.052176485	MCCA	MEM	Methylcrotonoyl-CoA carboxylase subunit alpha, mitochondrial OS=Arabidopsis thaliana OX=3702 GN=MCCA PE=1 SV=2	False
Q42524	0.93	4.61039e-05	0.003642269	4CL1	MEM	4-coumarate--CoA ligase 1 OS=Arabidopsis thaliana OX=3702 GN=4CL1 PE=1 SV=1	True
Q42525	-0.6	0.018392672	0.042634847	HXK1	MEM	Hexokinase-1 OS=Arabidopsis thaliana OX=3702 GN=HXK1 PE=1 SV=2	True
Q42527	0.07	0.404178706	0.505546536	PAI2	SOL	N-(5'-phosphoribosyl)anthranilate isomerase 2, chloroplastic OS=Arabidopsis thaliana OX=3702 GN=PAI2 PE=2 SV=1	False
Q42529	-0.47	0.023442773	0.050064833	TSA1	MEM	Tryptophan synthase alpha chain, chloroplastic OS=Arabidopsis thaliana OX=3702 GN=TSA1 PE=1 SV=1	False
Q42533	0.57	0.072758857	0.114330073	BCCP1	MEM	Biotin carboxyl carrier protein of acetyl-CoA carboxylase 1, chloroplastic OS=Arabidopsis thaliana OX=3702 GN=BCCP1 PE=1 SV=2	False
Q42534	1.33	0.000610223	0.007891849	PME2	MEM	Pectinesterase 2 OS=Arabidopsis thaliana OX=3702 GN=PME2 PE=2 SV=2	True
Q42536	-0.64	0.002140801	0.036859628	PORA	SOL	Protochlorophyllide reductase A, chloroplastic OS=Arabidopsis thaliana OX=3702 GN=PORA PE=1 SV=2	True
Q42539	-0.16	0.292270412	0.401322846	PIMT1	SOL	Protein-L-isoaspartate O-methyltransferase 1 OS=Arabidopsis thaliana OX=3702 GN=PIMT1 PE=1 SV=3	False
Q42545	0.33	0.116181743	0.166206425	FTSZ1	MEM	Cell division protein FtsZ homolog 1, chloroplastic OS=Arabidopsis thaliana OX=3702 GN=FTSZ1 PE=1 SV=2	False
Q42546	-0.27	0.001108988	0.028814298	SAL1	SOL	SAL1 phosphatase OS=Arabidopsis thaliana OX=3702 GN=SAL1 PE=1 SV=1	True
Q42553	-0.06	0.22701937	0.287776702	IPP2	MEM	Isopentenyl-diphosphate Delta-isomerase II, chloroplastic OS=Arabidopsis thaliana OX=3702 GN=IPP2 PE=1 SV=1	False
Q42560	0.62	0.000229737	0.005244668	ACO1	MEM	Aconitate hydratase 1 OS=Arabidopsis thaliana OX=3702 GN=ACO1 PE=1 SV=2	True
Q42561	0.0	0.811031724	0.854230565	FATA	SOL	Oleoyl-acyl carrier protein thioesterase 1, chloroplastic OS=Arabidopsis thaliana OX=3702 GN=FATA PE=1 SV=1	False
Q42564	-0.95	0.001603154	0.011526611	APX3	MEM	L-ascorbate peroxidase 3 OS=Arabidopsis thaliana OX=3702 GN=APX3 PE=1 SV=1	True
Q42566	-0.19	0.041411919	0.120868802	ATsEH	SOL	ATsEH OS=Arabidopsis thaliana OX=3702 GN=ATsEH PE=1 SV=1	False
Q42572	0.04	0.448329068	0.545259133	LIG1	SOL	DNA ligase 1 OS=Arabidopsis thaliana OX=3702 GN=LIG1 PE=2 SV=2	False
Q42586	0.25	0.026266765	0.096523931	PYRE-F	SOL	Uridine 5'-monophosphate synthase OS=Arabidopsis thaliana OX=3702 GN=PYRE-F PE=2 SV=2	False
Q42589	1.56	0.001503806	0.011162036	LTP1	MEM	Non-specific lipid-transfer protein 1 OS=Arabidopsis thaliana OX=3702 GN=LTP1 PE=2 SV=1	True
Q42592	0.82	0.015693867	0.038779359	APXS	MEM	L-ascorbate peroxidase S, chloroplastic/mitochondrial OS=Arabidopsis thaliana OX=3702 GN=APXS PE=1 SV=2	True
Q42593	-0.69	0.054517769	0.13963668	APXT	SOL	L-ascorbate peroxidase T, chloroplastic OS=Arabidopsis thaliana OX=3702 GN=APXT PE=2 SV=2	False
Q42599	-0.2	0.155413245	0.210440811	At1g79010	MEM	NADH dehydrogenase [ubiquinone] iron-sulfur protein 8-A, mitochondrial OS=Arabidopsis thaliana OX=3702 GN=At1g79010 PE=1 SV=1	False
Q42600	-0.24	0.043097661	0.076681325	CYP84A1	MEM	Cytochrome P450 84A1 OS=Arabidopsis thaliana OX=3702 GN=CYP84A1 PE=1 SV=1	False
Q42601	0.47	0.00268455	0.014785848	CARB	MEM	Carbamoyl-phosphate synthase large chain, chloroplastic OS=Arabidopsis thaliana OX=3702 GN=CARB PE=1 SV=1	True
Q42602	-0.71	0.003314129	0.016329907	CYP89A2	MEM	Cytochrome P450 89A2 OS=Arabidopsis thaliana OX=3702 GN=CYP89A2 PE=2 SV=2	True
Q42605	0.42	0.000414622	0.023403654	UGE1	SOL	Bifunctional UDP-glucose 4-epimerase and UDP-xylose 4-epimerase 1 OS=Arabidopsis thaliana OX=3702 GN=UGE1 PE=1 SV=2	True
Q43127	0.18	0.285645699	0.394287035	GLN2	SOL	Glutamine synthetase, chloroplastic/mitochondrial OS=Arabidopsis thaliana OX=3702 GN=GLN2 PE=1 SV=1	False
Q43128	0.91	0.029607399	0.058778372	AHA10	MEM	ATPase 10, plasma membrane-type OS=Arabidopsis thaliana OX=3702 GN=AHA10 PE=2 SV=2	False
Q43291	0.43	0.061352257	0.149772872	RPL21A	SOL	60S ribosomal protein L21-1 OS=Arabidopsis thaliana OX=3702 GN=RPL21A PE=2 SV=2	False
Q43292	-0.32	0.025493888	0.053179506	RPL37B	MEM	60S ribosomal protein L37-2 OS=Arabidopsis thaliana OX=3702 GN=RPL37B PE=3 SV=2	False
Q43295	-1.0	6.00292e-05	0.016285805	APK1	SOL	Adenylyl-sulfate kinase 1, chloroplastic OS=Arabidopsis thaliana OX=3702 GN=APK1 PE=1 SV=1	True
Q43307	-0.24	0.000235353	0.019007358	ATS1	SOL	Glycerol-3-phosphate acyltransferase, chloroplastic OS=Arabidopsis thaliana OX=3702 GN=ATS1 PE=2 SV=2	True
Q43314	-0.24	0.003936376	0.017852972	GDH1	MEM	Glutamate dehydrogenase 1 OS=Arabidopsis thaliana OX=3702 GN=GDH1 PE=1 SV=1	True
Q43315	0.35	0.009212332	0.029030247	FPS2	MEM	Farnesyl pyrophosphate synthase 2 OS=Arabidopsis thaliana OX=3702 GN=FPS2 PE=2 SV=1	True
Q43316	0.74	0.02233902	0.048334462	HEMC	MEM	Porphobilinogen deaminase, chloroplastic OS=Arabidopsis thaliana OX=3702 GN=HEMC PE=1 SV=1	True
Q43386	0.6	0.00703207	0.052942806	HMGA	SOL	HMG-Y-related protein A OS=Arabidopsis thaliana OX=3702 GN=HMGA PE=1 SV=1	False
Q43387	1.93	0.000699388	0.008298263	PER71	MEM	Peroxidase 71 OS=Arabidopsis thaliana OX=3702 GN=PER71 PE=1 SV=1	True
Q43727	-0.33	0.009625453	0.029589592	G6PD1	MEM	Glucose-6-phosphate 1-dehydrogenase 1, chloroplastic OS=Arabidopsis thaliana OX=3702 GN=G6PD1 PE=1 SV=2	True
Q43729	1.98	9.12275e-06	0.002789082	PER57	MEM	Peroxidase 57 OS=Arabidopsis thaliana OX=3702 GN=PER57 PE=1 SV=1	True
Q43731	0.91	0.000410927	0.006768655	PER50	MEM	Peroxidase 50 OS=Arabidopsis thaliana OX=3702 GN=PER50 PE=1 SV=1	True
Q43735	1.28	0.02335119	0.049966063	PER27	MEM	Peroxidase 27 OS=Arabidopsis thaliana OX=3702 GN=PER27 PE=1 SV=1	True
Q43867	-0.77	0.011351156	0.032288429	PME1	MEM	Pectinesterase 1 OS=Arabidopsis thaliana OX=3702 GN=PME1 PE=1 SV=1	True
Q43870	-0.53	0.001018022	0.00971972	APS2	MEM	ATP sulfurylase 2 OS=Arabidopsis thaliana OX=3702 GN=APS2 PE=1 SV=1	True
Q494P3	-0.44	0.000546503	0.023888613	At3g17770	SOL	At3g17770 OS=Arabidopsis thaliana OX=3702 GN=At3g17770 PE=1 SV=1	True
Q494P4	-0.1	0.323780076	0.387306033	Basic	MEM	At2g40070 OS=Arabidopsis thaliana OX=3702 GN=Basic Proline-rich Protein 1 PE=1 SV=1	False
Q4V3C9	-0.44	0.005851267	0.022666039	KCS8	MEM	3-ketoacyl-CoA synthase 8 OS=Arabidopsis thaliana OX=3702 GN=KCS8 PE=2 SV=1	True
Q4V3D1	-0.36	0.001732777	0.034565294	HON5	SOL	At1g48620 OS=Arabidopsis thaliana OX=3702 GN=HON5 PE=1 SV=1	True
Q4V3D3	1.1	0.012812963	0.034573421	PUX9	MEM	Plant UBX domain-containing protein 9 OS=Arabidopsis thaliana OX=3702 GN=PUX9 PE=1 SV=1	True
Q4V3D6	1.11	0.017201557	0.040908537	FLOT2	MEM	Flotillin-like protein 2 OS=Arabidopsis thaliana OX=3702 GN=FLOT2 PE=2 SV=1	True
Q4V3D9	-0.44	0.009781018	0.029893231	SSL10	MEM	Protein STRICTOSIDINE SYNTHASE-LIKE 10 OS=Arabidopsis thaliana OX=3702 GN=SSL10 PE=2 SV=1	True
Q501F7	-0.72	0.00082585	0.025048535	At1g21440	SOL	At1g21440 OS=Arabidopsis thaliana OX=3702 GN=At1g21440 PE=1 SV=1	True
Q501G7	-1.51	0.008105744	0.027106776	At4g17470	MEM	Alpha/beta-Hydrolases superfamily protein OS=Arabidopsis thaliana OX=3702 GN=At4g17470 PE=1 SV=1	True
Q52T38	0.14	0.453234106	0.514211274	PAT24	MEM	Protein S-acyltransferase 24 OS=Arabidopsis thaliana OX=3702 GN=PAT24 PE=2 SV=1	False
Q56WD9	0.33	0.011163465	0.03198954	PED1	MEM	3-ketoacyl-CoA thiolase 2, peroxisomal OS=Arabidopsis thaliana OX=3702 GN=PED1 PE=1 SV=2	True
Q56WF8	1.08	0.014205821	0.073155548	SCPL48	SOL	Serine carboxypeptidase-like 48 OS=Arabidopsis thaliana OX=3702 GN=SCPL48 PE=2 SV=2	False
Q56WH4	0.34	0.14208589	0.246265413	HDT2	SOL	Histone deacetylase HDT2 OS=Arabidopsis thaliana OX=3702 GN=HDT2 PE=1 SV=2	False
Q56WK6	0.27	0.009018789	0.028751839	PATL1	MEM	Patellin-1 OS=Arabidopsis thaliana OX=3702 GN=PATL1 PE=1 SV=2	True
Q56WN1	0.65	0.000233084	0.005244668	GLN1-1	MEM	Glutamine synthetase cytosolic isozyme 1-1 OS=Arabidopsis thaliana OX=3702 GN=GLN1-1 PE=1 SV=2	True
Q56X76	-0.05	0.283839185	0.392630116	RH39	SOL	DEAD-box ATP-dependent RNA helicase 39 OS=Arabidopsis thaliana OX=3702 GN=RH39 PE=2 SV=2	False
Q56XB0	0.15	0.468823124	0.565888143	At3g05727	SOL	Defensin-like protein 204 OS=Arabidopsis thaliana OX=3702 GN=At3g05727 PE=1 SV=1	False
Q56XE2	-0.18	0.139442147	0.243066993	At1g77122	SOL	At1g77122 OS=Arabidopsis thaliana OX=3702 GN=At1g77122 PE=1 SV=1	False
Q56XE4	-0.36	0.019235099	0.083686196	At4g03120	SOL	U1 small nuclear ribonucleoprotein C OS=Arabidopsis thaliana OX=3702 GN=At4g03120 PE=2 SV=1	False
Q56XR7	-0.58	0.053814216	0.090433184	STR4A	MEM	Rhodanese-like domain-containing protein 4A, chloroplastic OS=Arabidopsis thaliana OX=3702 GN=STR4A PE=2 SV=1	False
Q56XV8	-0.33	0.065274565	0.155516818	CPN60A2	SOL	Chaperonin 60 subunit alpha 2, chloroplastic OS=Arabidopsis thaliana OX=3702 GN=CPN60A2 PE=2 SV=1	False
Q56Y11	-0.29	0.023611662	0.091509776	At5g58770	SOL	Dehydrodolichyl diphosphate synthase 2 OS=Arabidopsis thaliana OX=3702 GN=At5g58770 PE=2 SV=2	False
Q56Y19	-0.46	0.038071406	0.070533808	At2g43235	MEM	Phosphoribosylformylglycinamidine synthase OS=Arabidopsis thaliana OX=3702 GN=At2g43235 PE=1 SV=1	False
Q56Y42	-0.63	0.000931794	0.026100757	PLR1	SOL	Pyridoxal reductase, chloroplastic OS=Arabidopsis thaliana OX=3702 GN=PLR1 PE=1 SV=1	True
Q56Y85	0.68	0.00117738	0.01016858	MAP2B	MEM	Methionine aminopeptidase 2B OS=Arabidopsis thaliana OX=3702 GN=MAP2B PE=2 SV=2	True
Q56YA5	-0.71	0.003094878	0.04056091	AGT1	SOL	Serine--glyoxylate aminotransferase OS=Arabidopsis thaliana OX=3702 GN=AGT1 PE=1 SV=2	True
Q56YN8	-0.72	0.039737581	0.118876796	SMC3	SOL	Structural maintenance of chromosomes protein 3 OS=Arabidopsis thaliana OX=3702 GN=SMC3 PE=2 SV=1	False
Q56YR0	-0.5	0.05017863	0.134076599	At4g01290	SOL	Chorismate synthase OS=Arabidopsis thaliana OX=3702 GN=At4g01290 PE=1 SV=1	False
Q56YU0	0.54	0.002944035	0.015330076	ALDH2C4	MEM	Aldehyde dehydrogenase family 2 member C4 OS=Arabidopsis thaliana OX=3702 GN=ALDH2C4 PE=1 SV=2	True
Q56YW9	0.44	0.001744458	0.01207092	TUBB2	MEM	Tubulin beta-2 chain OS=Arabidopsis thaliana OX=3702 GN=TUBB2 PE=2 SV=2	True
Q56Z59	0.55	0.00333348	0.016383931	PATL3	MEM	Patellin-3 OS=Arabidopsis thaliana OX=3702 GN=PATL3 PE=1 SV=2	True
Q56ZI2	0.7	0.002479609	0.014197783	PATL2	MEM	Patellin-2 OS=Arabidopsis thaliana OX=3702 GN=PATL2 PE=1 SV=2	True
Q56ZN6	-1.32	0.000591327	0.007794269	AVPL1	MEM	Pyrophosphate-energized membrane proton pump 2 OS=Arabidopsis thaliana OX=3702 GN=AVPL1 PE=1 SV=2	True
Q56ZQ3	-0.68	0.002046105	0.012964297	VSR4	MEM	Vacuolar-sorting receptor 4 OS=Arabidopsis thaliana OX=3702 GN=VSR4 PE=2 SV=2	True
Q56ZZ7	0.18	0.35183706	0.414348219	At5g16150	MEM	Plastidic glucose transporter 4 OS=Arabidopsis thaliana OX=3702 GN=At5g16150 PE=1 SV=2	False
Q570B4	-0.15	0.241646536	0.303216481	FDH	MEM	3-ketoacyl-CoA synthase 10 OS=Arabidopsis thaliana OX=3702 GN=FDH PE=1 SV=2	False
Q570C8	-0.63	0.002641074	0.038789599	KAT5	SOL	3-ketoacyl-CoA thiolase 5, peroxisomal OS=Arabidopsis thaliana OX=3702 GN=KAT5 PE=1 SV=2	True
Q5EAH9	-0.22	0.023321148	0.091076464	At3g55760	SOL	At3g55760 OS=Arabidopsis thaliana OX=3702 GN=At3g55760 PE=1 SV=1	False
Q5G5E0	0.29	0.081224347	0.124516307	PIRL5	MEM	Plant intracellular Ras-group-related LRR protein 5 OS=Arabidopsis thaliana OX=3702 GN=PIRL5 PE=2 SV=1	False
Q5GM68	-0.47	0.006252015	0.050531174	PPC2	SOL	Phosphoenolpyruvate carboxylase 2 OS=Arabidopsis thaliana OX=3702 GN=PPC2 PE=1 SV=2	False
Q5HZ03	-0.21	0.269491381	0.33214634	MTE17.25	MEM	At5g55530 OS=Arabidopsis thaliana OX=3702 GN=MTE17.25 PE=1 SV=1	False
Q5M729	-0.17	0.01804563	0.081345384	At1g54220	SOL	Dihydrolipoyllysine-residue acetyltransferase component 3 of pyruvate dehydrogenase complex, mitochondrial OS=Arabidopsis thaliana OX=3702 GN=At1g54220 PE=1 SV=1	False
Q5M731	-0.41	0.116290167	0.166335927	TH1	MEM	Thiamine biosynthetic bifunctional enzyme TH1, chloroplastic OS=Arabidopsis thaliana OX=3702 GN=TH1 PE=1 SV=1	False
Q5QIT3	-1.06	0.012759777	0.06956559	B''BETA	SOL	Serine/threonine protein phosphatase 2A regulatory subunit B''beta OS=Arabidopsis thaliana OX=3702 GN=B''BETA PE=1 SV=1	False
Q5S1W2	0.27	0.156617354	0.211855177	BON2	MEM	Protein BONZAI 2 OS=Arabidopsis thaliana OX=3702 GN=BON2 PE=1 SV=2	False
Q5S2C4	-0.35	0.087989812	0.132572462	NAP1	MEM	Protein NAP1 OS=Arabidopsis thaliana OX=3702 GN=NAP1 PE=1 SV=2	False
Q5XEP2	-0.12	0.04751744	0.082538237	HOP2	MEM	Hsp70-Hsp90 organizing protein 2 OS=Arabidopsis thaliana OX=3702 GN=HOP2 PE=1 SV=1	False
Q5XEV6	-1.23	0.010590933	0.0310054	At4g24090	MEM	At4g24090 OS=Arabidopsis thaliana OX=3702 GN=At4g24090 PE=1 SV=1	True
Q5XF03	-0.18	0.119587128	0.170031087	GPAT8	MEM	Probable glycerol-3-phosphate acyltransferase 8 OS=Arabidopsis thaliana OX=3702 GN=GPAT8 PE=2 SV=1	False
Q5XF06	-0.58	0.032106083	0.107323574	TIM44-2	SOL	Mitochondrial import inner membrane translocase subunit TIM44-2 OS=Arabidopsis thaliana OX=3702 GN=TIM44-2 PE=1 SV=1	False
Q5XF12	-0.34	0.044215707	0.078191545	At1g65020	MEM	At1g65020 OS=Arabidopsis thaliana OX=3702 GN=At1g65020 PE=1 SV=1	False
Q5XF33	-0.3	0.005448237	0.021748482	CHLI2	MEM	Magnesium-chelatase subunit ChlI-2, chloroplastic OS=Arabidopsis thaliana OX=3702 GN=CHLI2 PE=1 SV=1	True
Q5XF75	0.43	0.01906476	0.043626894	EFTS	MEM	Elongation factor Ts, mitochondrial OS=Arabidopsis thaliana OX=3702 GN=EFTS PE=1 SV=1	True
Q5XF81	-0.04	0.377231715	0.440625229	MDH9.17	MEM	BRCA1-A complex subunit BRE OS=Arabidopsis thaliana OX=3702 GN=MDH9.17 PE=1 SV=1	False
Q5XF82	1.15	6.78947e-05	0.003697743	JAL11	MEM	Jacalin-related lectin 11 OS=Arabidopsis thaliana OX=3702 GN=JAL11 PE=2 SV=1	True
Q66GJ0	-0.87	0.006572914	0.024325801	ENF2	MEM	At1g31410 OS=Arabidopsis thaliana OX=3702 GN=ENF2 PE=1 SV=1	True
Q66GJ1	-1.31	0.000140364	0.004436412	CYP706A6	MEM	At4g12320 OS=Arabidopsis thaliana OX=3702 GN=CYP706A6 PE=1 SV=1	True
Q66GP5	-0.37	0.007149933	0.05324571	At2g42230	SOL	TBCC domain-containing protein 1 OS=Arabidopsis thaliana OX=3702 GN=At2g42230 PE=1 SV=1	False
Q66GP9	-0.18	0.009134792	0.059556687	NOA1	SOL	NO-associated protein 1, chloroplastic/mitochondrial OS=Arabidopsis thaliana OX=3702 GN=NOA1 PE=1 SV=1	False
Q66GQ3	0.19	0.036177207	0.114107883	PDIL1-6	SOL	Protein disulfide isomerase-like 1-6 OS=Arabidopsis thaliana OX=3702 GN=PDIL1-6 PE=2 SV=1	False
Q66GR2	-0.04	0.839700784	0.87748791	At4g17370	SOL	At4g17370 OS=Arabidopsis thaliana OX=3702 GN=At4g17370 PE=1 SV=1	False
Q66GR6	0.15	0.053385556	0.137985414	WHY3	SOL	Single-stranded DNA-binding protein WHY3, chloroplastic OS=Arabidopsis thaliana OX=3702 GN=WHY3 PE=1 SV=1	False
Q67XD6	-0.46	0.015977117	0.077160178	At2g32500	SOL	At2g32500 OS=Arabidopsis thaliana OX=3702 GN=At2g32500 PE=1 SV=1	False
Q67XD9	-0.45	0.019793961	0.08433998	CINV2	SOL	Alkaline/neutral invertase CINV2 OS=Arabidopsis thaliana OX=3702 GN=CINV2 PE=1 SV=1	False
Q67YC9	0.03	0.916455957	0.936107797	At4g14100	SOL	Uncharacterized protein At4g14100 OS=Arabidopsis thaliana OX=3702 GN=At4g14100 PE=2 SV=1	False
Q67YI9	-0.35	0.000279819	0.020187743	EPSIN2	SOL	Clathrin interactor EPSIN 2 OS=Arabidopsis thaliana OX=3702 GN=EPSIN2 PE=1 SV=1	True
Q67YL8	-1.44	0.000530782	0.007506849	At4g33740	MEM	Myb-like protein X OS=Arabidopsis thaliana OX=3702 GN=At4g33740 PE=1 SV=1	True
Q680A5	-0.16	0.069920996	0.160266169	PRS4	SOL	Ribose-phosphate pyrophosphokinase 4 OS=Arabidopsis thaliana OX=3702 GN=PRS4 PE=1 SV=2	False
Q680K2	-0.65	0.000524371	0.02368053	At4g39970	SOL	Haloacid dehalogenase-like hydrolase domain-containing protein At4g39970 OS=Arabidopsis thaliana OX=3702 GN=At4g39970 PE=2 SV=1	True
Q681K2	-0.58	0.007382316	0.025849234	ATS3A	MEM	Embryo-specific protein ATS3A OS=Arabidopsis thaliana OX=3702 GN=ATS3A PE=1 SV=1	True
Q681Q7	-0.19	0.165268508	0.269027445	At1g03900	SOL	Uncharacterized protein At1g03900 OS=Arabidopsis thaliana OX=3702 GN=At1g03900 PE=1 SV=1	False
Q681Y3	-0.17	0.085681877	0.180433672	At1g60990	SOL	Putative transferase At1g60990, chloroplastic OS=Arabidopsis thaliana OX=3702 GN=At1g60990 PE=1 SV=1	False
Q682E0	-0.27	0.07389845	0.165503128	At2g35440	SOL	Catalytic/ hydrolase OS=Arabidopsis thaliana OX=3702 GN=At2g35440 PE=1 SV=1	False
Q682I1	0.09	0.30472247	0.413134952	BOLA1	SOL	Protein BOLA1, chloroplastic OS=Arabidopsis thaliana OX=3702 GN=BOLA1 PE=1 SV=1	False
Q682Q6	-0.02	0.546177018	0.631695163	At1g32520	SOL	TLDc domain protein OS=Arabidopsis thaliana OX=3702 GN=At1g32520 PE=1 SV=1	False
Q683F9	0.08	0.428822536	0.489924739	At4g36195	MEM	Prolyl carboxypeptidase like protein OS=Arabidopsis thaliana OX=3702 GN=At4g36195 PE=1 SV=1	False
Q6AWU6	0.23	0.044573804	0.127005963	HOL3	SOL	Probable thiol methyltransferase 2 OS=Arabidopsis thaliana OX=3702 GN=HOL3 PE=1 SV=1	False
Q6AWX0	-0.65	0.00163491	0.011652954	At5g17010	MEM	D-xylose-proton symporter-like 2 OS=Arabidopsis thaliana OX=3702 GN=At5g17010 PE=1 SV=1	True
Q6AWX1	-0.3	0.054025732	0.138915299	At2g30720	SOL	At2g30720 OS=Arabidopsis thaliana OX=3702 GN=At2g30720 PE=1 SV=1	False
Q6DBF6	-1.68	0.000576186	0.007759098	At4g02725	MEM	At4g02725 OS=Arabidopsis thaliana OX=3702 GN=At4g02725 PE=1 SV=1	True
Q6DBH4	-0.23	0.290663612	0.399985425	At2g23820	SOL	5'-deoxynucleotidase OS=Arabidopsis thaliana OX=3702 GN=At2g23820 PE=1 SV=1	False
Q6DBI9	0.17	0.067900959	0.158316203	At5g10460	SOL	At5g10460 OS=Arabidopsis thaliana OX=3702 GN=At5g10460 PE=1 SV=1	False
Q6DYB5	-0.1	0.237063941	0.298312147	At4g00530	MEM	UvrABC system protein A OS=Arabidopsis thaliana OX=3702 GN=At4g00530 PE=1 SV=1	False
Q6DYE4	-0.91	0.040143116	0.073147053	At1g26090	MEM	Uncharacterized protein At1g26090, chloroplastic OS=Arabidopsis thaliana OX=3702 GN=At1g26090 PE=1 SV=1	False
Q6EVK6	-0.81	0.029327976	0.058385793	BRM	MEM	ATP-dependent helicase BRM OS=Arabidopsis thaliana OX=3702 GN=BRM PE=1 SV=1	False
Q6GKU7	-0.4	0.024688217	0.052048005	At1g64880	MEM	At1g64880 OS=Arabidopsis thaliana OX=3702 GN=At1g64880 PE=1 SV=1	False
Q6GKV1	-0.51	0.001762648	0.01210664	MDC12.19	MEM	Protein GET4 OS=Arabidopsis thaliana OX=3702 GN=MDC12.19 PE=1 SV=1	True
Q6ICZ8	0.43	0.072501646	0.163657269	At5g13850	SOL	Nascent polypeptide-associated complex subunit alpha-like protein 3 OS=Arabidopsis thaliana OX=3702 GN=At5g13850 PE=1 SV=1	False
Q6ID97	0.61	0.001095556	0.00976055	ARFA1F	MEM	ADP-ribosylation factor A1F OS=Arabidopsis thaliana OX=3702 GN=ARFA1F PE=2 SV=1	True
Q6IDC7	-0.05	0.118783758	0.219932095	At1g77550	SOL	At1g77550 OS=Arabidopsis thaliana OX=3702 GN=At1g77550 PE=1 SV=1	False
Q6NKS4	-0.52	0.016443821	0.039939232	LIL3.2	MEM	Light-harvesting complex-like protein 3 isotype 2, chloroplastic OS=Arabidopsis thaliana OX=3702 GN=LIL3.2 PE=1 SV=1	True
Q6NKW9	-0.45	0.08944622	0.134111605	At1g64760	MEM	Glucan endo-1,3-beta-glucosidase 8 OS=Arabidopsis thaliana OX=3702 GN=At1g64760 PE=2 SV=2	False
Q6NL08	0.86	0.014815355	0.037422965	At1g29530	MEM	At1g29530 OS=Arabidopsis thaliana OX=3702 GN=At1g29530 PE=1 SV=1	True
Q6NL24	0.46	0.010688904	0.031177241	ECHIA	MEM	Probable enoyl-CoA hydratase 1, peroxisomal OS=Arabidopsis thaliana OX=3702 GN=ECHIA PE=1 SV=1	True
Q6NLB0	-0.28	0.01657592	0.078203446	GSTL1	SOL	Glutathione S-transferase L1 OS=Arabidopsis thaliana OX=3702 GN=GSTL1 PE=2 SV=1	False
Q6NLB6	-1.06	0.002278811	0.01361474	At4g13220	MEM	At4g13220 OS=Arabidopsis thaliana OX=3702 GN=At4g13220 PE=1 SV=1	True
Q6NLG7	-0.2	0.419905816	0.519819829	RPA3B	SOL	Replication protein A 14 kDa subunit B OS=Arabidopsis thaliana OX=3702 GN=RPA3B PE=1 SV=1	False
Q6NLQ6	-0.25	0.102785047	0.150293613	CPK32	MEM	Calcium-dependent protein kinase 32 OS=Arabidopsis thaliana OX=3702 GN=CPK32 PE=1 SV=1	False
Q6NLQ7	-0.04	0.30241528	0.411433165	RIBA2	SOL	Monofunctional riboflavin biosynthesis protein RIBA 2, chloroplastic OS=Arabidopsis thaliana OX=3702 GN=RIBA2 PE=1 SV=1	False
Q6NM52	-0.19	0.111214935	0.212179251	At4g15770	SOL	60S ribosome subunit biogenesis protein NIP7 homolog OS=Arabidopsis thaliana OX=3702 GN=At4g15770 PE=1 SV=1	False
Q6NMA9	-0.12	0.002170637	0.036859628	At5g45170	SOL	At5g45170 OS=Arabidopsis thaliana OX=3702 GN=At5g45170 PE=1 SV=1	True
Q6NMC1	-0.89	0.000875366	0.0092231	At1g72640	MEM	At1g72640 OS=Arabidopsis thaliana OX=3702 GN=At1g72640 PE=1 SV=1	True
Q6NMH5	-1.26	4.81197e-05	0.003642269	At3g16760	MEM	At3g16760 OS=Arabidopsis thaliana OX=3702 GN=At3g16760 PE=1 SV=1	True
Q6NMI3	-1.17	0.00091857	0.009385056	COG6	MEM	Conserved oligomeric Golgi complex subunit 6 OS=Arabidopsis thaliana OX=3702 GN=COG6 PE=1 SV=1	True
Q6NMK6	0.06	0.4821272	0.578786304	UMK2	SOL	Probable UMP-CMP kinase 2 OS=Arabidopsis thaliana OX=3702 GN=UMK2 PE=2 SV=2	False
Q6NMZ4	-0.68	0.150216321	0.254853307	At4g34412	SOL	At4g34412 OS=Arabidopsis thaliana OX=3702 GN=At4g34412 PE=1 SV=1	False
Q6NNH1	1.42	0.006596229	0.024353894	At1g13520	MEM	At1g13520 OS=Arabidopsis thaliana OX=3702 GN=At1g13520 PE=1 SV=1	True
Q6NPH1	0.91	0.003039284	0.015630363	At1g48200	MEM	At1g48200 OS=Arabidopsis thaliana OX=3702 GN=At1g48200 PE=1 SV=1	True
Q6NPL0	-0.22	0.150512389	0.255064439	At4g09040	SOL	At4g09040 OS=Arabidopsis thaliana OX=3702 GN=At4g09040 PE=1 SV=1	False
Q6NPR7	-1.06	0.000830347	0.009025555	At1g29470	MEM	Probable methyltransferase PMT24 OS=Arabidopsis thaliana OX=3702 GN=At1g29470 PE=2 SV=1	True
Q6NPS1	0.05	0.347589477	0.45290854	At1g61690	SOL	At1g61690 OS=Arabidopsis thaliana OX=3702 GN=At1g61690 PE=1 SV=1	False
Q6NQ66	0.63	0.077426211	0.170172781	GULLO2	SOL	L-gulonolactone oxidase 2 OS=Arabidopsis thaliana OX=3702 GN=GULLO2 PE=1 SV=1	False
Q6NQ87	-0.44	0.040945952	0.074115841	CRK22	MEM	Cysteine-rich receptor-like protein kinase 22 OS=Arabidopsis thaliana OX=3702 GN=CRK22 PE=2 SV=1	False
Q6NQA8	-2.18	0.000580325	0.024419573	APY5	SOL	Probable apyrase 5 OS=Arabidopsis thaliana OX=3702 GN=APY5 PE=2 SV=1	True
Q6NQE2	0.09	0.571145796	0.65466374	At4g27270	SOL	Probable NAD(P)H dehydrogenase (quinone) FQR1-like 1 OS=Arabidopsis thaliana OX=3702 GN=At4g27270 PE=1 SV=1	False
Q6NQG3	-0.22	0.090815698	0.135639711	At1g16790	MEM	At1g16790 OS=Arabidopsis thaliana OX=3702 GN=At1g16790 PE=1 SV=1	False
Q6NQJ6	-0.85	0.001210129	0.010221414	RNR1	MEM	Ribonuclease II, chloroplastic/mitochondrial OS=Arabidopsis thaliana OX=3702 GN=RNR1 PE=2 SV=1	True
Q6NQK8	0.14	0.64295284	0.715451117	At1g55140	SOL	At1g55140 OS=Arabidopsis thaliana OX=3702 GN=At1g55140 PE=1 SV=1	False
Q6NQL4	-0.02	0.51123339	0.6035868	KDSA2	SOL	2-dehydro-3-deoxyphosphooctonate aldolase 2 OS=Arabidopsis thaliana OX=3702 GN=KDSA2 PE=1 SV=1	False
Q6NQM0	-0.01	0.413538554	0.515259054	At3g01800	SOL	Ribosome-recycling factor, chloroplastic OS=Arabidopsis thaliana OX=3702 GN=At3g01800 PE=1 SV=1	False
Q6Q1P4	-0.66	0.017817006	0.080824591	SMC1	SOL	Structural maintenance of chromosomes protein 1 OS=Arabidopsis thaliana OX=3702 GN=SMC1 PE=2 SV=2	False
Q6R3K6	-0.06	0.357408979	0.419845991	YSL6	MEM	Probable metal-nicotianamine transporter YSL6 OS=Arabidopsis thaliana OX=3702 GN=YSL6 PE=2 SV=2	False
Q6R8G2	-0.09	0.711067125	0.754504087	PHO1-H8	MEM	Phosphate transporter PHO1 homolog 8 OS=Arabidopsis thaliana OX=3702 GN=PHO1-H8 PE=2 SV=1	False
Q6STH5	-0.54	0.000322035	0.006119988	HCF101	MEM	Fe-S cluster assembly factor HCF101, chloroplastic OS=Arabidopsis thaliana OX=3702 GN=HCF101 PE=1 SV=1	True
Q6TBX7	-0.62	0.000149738	0.004436412	CYP97C1	MEM	Carotene epsilon-monooxygenase, chloroplastic OS=Arabidopsis thaliana OX=3702 GN=CYP97C1 PE=1 SV=1	True
Q6WWW4	-0.13	0.096613181	0.142874966	UPL3	MEM	E3 ubiquitin-protein ligase UPL3 OS=Arabidopsis thaliana OX=3702 GN=UPL3 PE=1 SV=1	False
Q6XJG8	-0.24	0.053401956	0.089870405	RPN1B	MEM	26S proteasome non-ATPase regulatory subunit 2 homolog B OS=Arabidopsis thaliana OX=3702 GN=RPN1B PE=1 SV=1	False
Q6ZY51	-0.62	1.56832e-05	0.011500224	GWD3	SOL	Phosphoglucan, water dikinase, chloroplastic OS=Arabidopsis thaliana OX=3702 GN=GWD3 PE=1 SV=1	True
Q70DU8	0.39	0.009395026	0.029288151	ALDH3H1	MEM	Aldehyde dehydrogenase family 3 member H1 OS=Arabidopsis thaliana OX=3702 GN=ALDH3H1 PE=1 SV=2	True
Q70E96	-0.51	0.030739071	0.105166685	ALDH3F1	SOL	Aldehyde dehydrogenase family 3 member F1 OS=Arabidopsis thaliana OX=3702 GN=ALDH3F1 PE=2 SV=2	False
Q75W54	0.15	0.024469504	0.093199836	EBM	SOL	Mannosylglycoprotein endo-beta-mannosidase OS=Arabidopsis thaliana OX=3702 GN=EBM PE=1 SV=3	False
Q76FS5	-0.82	0.01847036	0.081922075	SPS2	SOL	Solanesyl diphosphate synthase 2, chloroplastic OS=Arabidopsis thaliana OX=3702 GN=SPS2 PE=1 SV=1	False
Q7DLG4	-0.18	0.050733177	0.086380251	emb1027	MEM	Arginyl-tRNA synthetase OS=Arabidopsis thaliana OX=3702 GN=emb1027 PE=1 SV=1	False
Q7DLR9	0.49	0.034697316	0.065804522	PBG1	MEM	Proteasome subunit beta type-4 OS=Arabidopsis thaliana OX=3702 GN=PBG1 PE=1 SV=2	False
Q7DLS1	0.2	0.283771335	0.347030795	PBB2	MEM	Proteasome subunit beta type-7-B OS=Arabidopsis thaliana OX=3702 GN=PBB2 PE=1 SV=2	False
Q7DMA9	-0.25	0.036429156	0.068280787	PAS1	MEM	Peptidyl-prolyl cis-trans isomerase PASTICCINO1 OS=Arabidopsis thaliana OX=3702 GN=PAS1 PE=1 SV=2	False
Q7G192	0.15	0.057314322	0.143016363	AAO2	SOL	Indole-3-acetaldehyde oxidase OS=Arabidopsis thaliana OX=3702 GN=AAO2 PE=1 SV=2	False
Q7G193	-0.18	0.528944798	0.617919949	AAO1	SOL	Indole-3-acetaldehyde oxidase OS=Arabidopsis thaliana OX=3702 GN=AAO1 PE=1 SV=2	False
Q7PC79	-0.7	0.006555443	0.024290163	PSD	MEM	Exportin-T OS=Arabidopsis thaliana OX=3702 GN=PSD PE=2 SV=1	True
Q7PC84	0.86	0.014356322	0.036987332	ABCG39	MEM	ABC transporter G family member 39 OS=Arabidopsis thaliana OX=3702 GN=ABCG39 PE=3 SV=1	True
Q7PC86	1.23	0.020434391	0.045802412	ABCG35	MEM	ABC transporter G family member 35 OS=Arabidopsis thaliana OX=3702 GN=ABCG35 PE=2 SV=1	True
Q7PC87	0.77	0.01604788	0.039327228	ABCG34	MEM	ABC transporter G family member 34 OS=Arabidopsis thaliana OX=3702 GN=ABCG34 PE=2 SV=1	True
Q7X659	-0.54	0.059172335	0.145956481	VPS35A	SOL	Vacuolar protein sorting-associated protein 35A OS=Arabidopsis thaliana OX=3702 GN=VPS35A PE=1 SV=1	False
Q7XA63	-0.62	0.001680327	0.011838701	At5g19860	MEM	At5g19860 OS=Arabidopsis thaliana OX=3702 GN=At5g19860 PE=1 SV=1	True
Q7XA74	0.33	0.073852097	0.165503128	MVP1	SOL	Inactive GDSL esterase/lipase-like protein 25 OS=Arabidopsis thaliana OX=3702 GN=MVP1 PE=1 SV=1	False
Q7XBQ8	-0.3	0.010138201	0.062365041	At1g09290	SOL	Uncharacterized protein At1g09290 (Fragment) OS=Arabidopsis thaliana OX=3702 GN=At1g09290 PE=1 SV=1	False
Q7XJJ7	-0.12	0.121021381	0.171497844	FAAH	MEM	Fatty acid amide hydrolase OS=Arabidopsis thaliana OX=3702 GN=FAAH PE=1 SV=1	False
Q7XZU0	-0.43	0.007427134	0.054215162	SAC9	SOL	Probable phosphoinositide phosphatase SAC9 OS=Arabidopsis thaliana OX=3702 GN=SAC9 PE=1 SV=1	False
Q7XZU3	0.12	0.999848608	0.999876436	SAC1	MEM	Phosphatidylinositol-3-phosphatase SAC1 OS=Arabidopsis thaliana OX=3702 GN=SAC1 PE=1 SV=1	False
Q7Y175	-0.5	0.033074599	0.063386729	PUX5	MEM	Plant UBX domain-containing protein 5 OS=Arabidopsis thaliana OX=3702 GN=PUX5 PE=1 SV=1	False
Q7Y1W1	-0.27	0.045810511	0.080415014	TIC56	MEM	Protein TIC 56, chloroplastic OS=Arabidopsis thaliana OX=3702 GN=TIC56 PE=1 SV=1	False
Q7Y208	-0.6	0.000308277	0.021124485	GDPDL1	SOL	Glycerophosphodiester phosphodiesterase GDPDL1 OS=Arabidopsis thaliana OX=3702 GN=GDPDL1 PE=1 SV=2	True
Q7Y231	-0.08	0.596083412	0.67564	At1g45150	SOL	Alpha-1,6-mannosyl-glycoprotein 2-beta-N-acetylglucosaminyltransferase OS=Arabidopsis thaliana OX=3702 GN=At1g45150 PE=1 SV=1	False
Q7Y232	0.81	0.009237266	0.029089094	UGT73B4	MEM	UDP-glycosyltransferase 73B4 OS=Arabidopsis thaliana OX=3702 GN=UGT73B4 PE=2 SV=1	True
Q84J81	-0.11	0.028285961	0.100263955	Fes1A	SOL	Fes1A OS=Arabidopsis thaliana OX=3702 GN=Fes1A PE=1 SV=1	False
Q84JB7	-0.5	0.039000237	0.071782372	DEK2	MEM	DEK domain-containing chromatin-associated protein 2 OS=Arabidopsis thaliana OX=3702 GN=DEK2 PE=1 SV=1	False
Q84JF2	0.07	0.626866475	0.701120526	At1g62850	SOL	Class I peptide chain release factor OS=Arabidopsis thaliana OX=3702 GN=At1g62850 PE=1 SV=1	False
Q84JF5	0.44	0.004709779	0.019858427	PTAC14	MEM	Protein PLASTID TRANSCRIPTIONALLY ACTIVE 14 OS=Arabidopsis thaliana OX=3702 GN=PTAC14 PE=1 SV=1	True
Q84JF7	-0.21	0.081335555	0.17407964	At2g39270	SOL	Probable adenylate kinase 6, chloroplastic OS=Arabidopsis thaliana OX=3702 GN=At2g39270 PE=2 SV=1	False
Q84JK1	-0.1	0.274760732	0.384292678	At1g70200	SOL	RNA-binding (RRM/RBD/RNP motifs) family protein OS=Arabidopsis thaliana OX=3702 GN=At1g70200 PE=1 SV=1	False
Q84JM6	-0.18	0.048982671	0.084248743	At2g25310	MEM	ER membrane protein complex subunit-like protein (DUF2012) OS=Arabidopsis thaliana OX=3702 GN=At2g25310 PE=1 SV=1	False
Q84JU4	-0.57	0.003712196	0.017222886	IBR5	MEM	Protein-tyrosine-phosphatase IBR5 OS=Arabidopsis thaliana OX=3702 GN=IBR5 PE=1 SV=1	True
Q84JW0	-0.31	0.003904672	0.043306586	At3g28760	SOL	3-dehydroquinate synthase OS=Arabidopsis thaliana OX=3702 GN=At3g28760 PE=1 SV=1	True
Q84JW1	-0.19	0.119910776	0.170360929	PEX11E	MEM	Peroxisomal membrane protein 11E OS=Arabidopsis thaliana OX=3702 GN=PEX11E PE=1 SV=1	False
Q84K16	-0.47	0.022086669	0.088909012	GAMMA-ADR	SOL	AP-1 complex subunit gamma-1 OS=Arabidopsis thaliana OX=3702 GN=GAMMA-ADR PE=1 SV=1	False
Q84K25	-1.11	0.00213099	0.013184613	COG8	MEM	Conserved oligomeric Golgi complex subunit 8 OS=Arabidopsis thaliana OX=3702 GN=COG8 PE=1 SV=1	True
Q84K35	-0.4	0.045277984	0.127748379	At1g50510	SOL	Indigoidine synthase A family protein OS=Arabidopsis thaliana OX=3702 GN=At1g50510 PE=1 SV=1	False
Q84K38	-0.55	0.037175253	0.069178122	MNF13.19	MEM	Transmembrane protein OS=Arabidopsis thaliana OX=3702 GN=MNF13.19 PE=1 SV=1	False
Q84K47	0.71	0.013389692	0.035684086	ABCA2	MEM	ABC transporter A family member 2 OS=Arabidopsis thaliana OX=3702 GN=ABCA2 PE=2 SV=1	True
Q84K72	-0.03	0.337926542	0.442880446	At1g06510	SOL	Forkhead-associated domain protein OS=Arabidopsis thaliana OX=3702 GN=At1g06510 PE=1 SV=1	False
Q84K82	-0.07	0.251800893	0.313839283	At5g20400	MEM	2-oxoglutarate (2OG) and Fe(II)-dependent oxygenase superfamily protein OS=Arabidopsis thaliana OX=3702 GN=At5g20400 PE=1 SV=1	False
Q84K90	-0.69	0.001460442	0.011002763	RHIP1	MEM	RGS1-HXK1-interacting protein 1 OS=Arabidopsis thaliana OX=3702 GN=RHIP1 PE=1 SV=1	True
Q84L30	-0.41	0.099262317	0.14609514	RAD23D	MEM	Ubiquitin receptor RAD23d OS=Arabidopsis thaliana OX=3702 GN=RAD23D PE=1 SV=2	False
Q84L31	0.3	0.07389707	0.165503128	RAD23C	SOL	Ubiquitin receptor RAD23c OS=Arabidopsis thaliana OX=3702 GN=RAD23C PE=1 SV=2	False
Q84L32	0.28	0.762612278	0.813285281	RAD23A	SOL	Probable ubiquitin receptor RAD23a OS=Arabidopsis thaliana OX=3702 GN=RAD23A PE=2 SV=2	False
Q84L33	0.12	0.091715434	0.187552007	RAD23B	SOL	Ubiquitin receptor RAD23b OS=Arabidopsis thaliana OX=3702 GN=RAD23B PE=1 SV=3	False
Q84M90	-0.31	0.093633001	0.19010569	At3g15180	SOL	ARM repeat superfamily protein OS=Arabidopsis thaliana OX=3702 GN=At3g15180 PE=1 SV=1	False
Q84M92	-0.39	0.231574555	0.339749362	ARP4	SOL	Actin-related protein 4 OS=Arabidopsis thaliana OX=3702 GN=ARP4 PE=1 SV=1	False
Q84M96	0.93	0.00348575	0.041966565	AGD2	SOL	Probable aldo-keto reductase 2 OS=Arabidopsis thaliana OX=3702 GN=AGD2 PE=2 SV=1	True
Q84MB1	0.61	0.353016059	0.457971777	At5g38020	SOL	At5g38020 OS=Arabidopsis thaliana OX=3702 GN=At5g38020 PE=1 SV=1	False
Q84MB6	-0.27	0.002283375	0.01361474	At3g50210	MEM	Probable 2-oxoglutarate-dependent dioxygenase At3g50210 OS=Arabidopsis thaliana OX=3702 GN=At3g50210 PE=2 SV=1	True
Q84MC0	-0.46	0.027428853	0.055947394	At3g06035	MEM	Uncharacterized GPI-anchored protein At3g06035 OS=Arabidopsis thaliana OX=3702 GN=At3g06035 PE=2 SV=1	False
Q84MC2	-0.05	0.254138697	0.362894823	LOG8	SOL	Cytokinin riboside 5'-monophosphate phosphoribohydrolase LOG8 OS=Arabidopsis thaliana OX=3702 GN=LOG8 PE=1 SV=1	False
Q84MD7	-0.09	0.953173543	0.959631098	At1g72880	MEM	At1g72880 OS=Arabidopsis thaliana OX=3702 GN=At1g72880 PE=1 SV=1	False
Q84MD8	2.08	0.014255771	0.03683167	FHY	MEM	Bifunctional riboflavin kinase/FMN phosphatase OS=Arabidopsis thaliana OX=3702 GN=FHY PE=1 SV=1	True
Q84N64	-0.96	0.012362915	0.068405673	ARC5	SOL	Dynamin-like protein ARC5 OS=Arabidopsis thaliana OX=3702 GN=ARC5 PE=1 SV=2	False
Q84ND9	-0.24	0.091635846	0.187552007	POLIB	SOL	DNA polymerase I B, chloroplastic/mitochondrial OS=Arabidopsis thaliana OX=3702 GN=POLIB PE=2 SV=1	False
Q84P21	-0.99	8.03731e-05	0.016285805	4CLL5	SOL	4-coumarate--CoA ligase-like 5 OS=Arabidopsis thaliana OX=3702 GN=4CLL5 PE=1 SV=2	True
Q84P23	-0.15	0.080436529	0.172948306	4CLL9	SOL	4-coumarate--CoA ligase-like 9 OS=Arabidopsis thaliana OX=3702 GN=4CLL9 PE=1 SV=2	False
Q84TD7	0.19	0.969573639	0.975480871	At3g52390	SOL	At3g52390 OS=Arabidopsis thaliana OX=3702 GN=At3g52390 PE=1 SV=1	False
Q84TF0	-0.04	0.316892133	0.424409803	AKR4C10	SOL	Aldo-keto reductase family 4 member C10 OS=Arabidopsis thaliana OX=3702 GN=AKR4C10 PE=1 SV=1	False
Q84TF6	0.79	0.001083627	0.00976055	At1g09740	MEM	Adenine nucleotide alpha hydrolases-like superfamily protein OS=Arabidopsis thaliana OX=3702 GN=At1g09740 PE=1 SV=1	True
Q84TI2	-0.27	0.010844566	0.031424557	At2g37690	MEM	AIR carboxylase OS=Arabidopsis thaliana OX=3702 GN=At2g37690 PE=1 SV=1	True
Q84VQ3	-0.37	0.021621227	0.047489287	CIPK26	MEM	CBL-interacting serine/threonine-protein kinase 26 OS=Arabidopsis thaliana OX=3702 GN=CIPK26 PE=1 SV=2	True
Q84VQ4	-0.06	0.381312699	0.444944615	ndhU	MEM	NAD(P)H-quinone oxidoreductase subunit U, chloroplastic OS=Arabidopsis thaliana OX=3702 GN=ndhU PE=1 SV=1	False
Q84VW9	-0.14	0.020654445	0.04620649	PPC3	MEM	Phosphoenolpyruvate carboxylase 3 OS=Arabidopsis thaliana OX=3702 GN=PPC3 PE=1 SV=2	True
Q84VZ6	-0.55	0.03739179	0.069524191	At2g31140	MEM	At2g31140 OS=Arabidopsis thaliana OX=3702 GN=At2g31140 PE=1 SV=1	False
Q84W11	1.57	0.030827423	0.060248001	MUK11.3	MEM	At5g04750 OS=Arabidopsis thaliana OX=3702 GN=MUK11.3 PE=1 SV=1	False
Q84W12	-0.3	0.0375374	0.069697315	At4g16450	MEM	At4g16450 OS=Arabidopsis thaliana OX=3702 GN=At4g16450 PE=1 SV=1	False
Q84W22	-0.79	0.007142697	0.025440705	At5g24970	MEM	Protein kinase superfamily protein OS=Arabidopsis thaliana OX=3702 GN=At5g24970 PE=1 SV=1	True
Q84W43	0.51	0.027939705	0.099620731	At5g12960	SOL	Proline-tRNA ligase (DUF1680) OS=Arabidopsis thaliana OX=3702 GN=At5g12960 PE=1 SV=1	False
Q84W56	0.51	0.000131429	0.004436412	RNJ	MEM	Ribonuclease J OS=Arabidopsis thaliana OX=3702 GN=RNJ PE=1 SV=1	True
Q84W65	-0.13	0.008378647	0.027654176	SUFE1	MEM	SufE-like protein 1, chloroplastic/mitochondrial OS=Arabidopsis thaliana OX=3702 GN=SUFE1 PE=1 SV=2	True
Q84W89	-0.29	0.198382626	0.257050996	RH37	MEM	DEAD-box ATP-dependent RNA helicase 37 OS=Arabidopsis thaliana OX=3702 GN=RH37 PE=2 SV=2	False
Q84W92	-0.33	0.095374869	0.192015891	PRMT13	SOL	Probable histone-arginine methyltransferase 1.3 OS=Arabidopsis thaliana OX=3702 GN=PRMT13 PE=1 SV=3	False
Q84WJ9	0.19	0.444911703	0.541723557	At5g19680	SOL	Protein phosphatase 1 regulatory inhibitor subunit PPP1R7 homolog OS=Arabidopsis thaliana OX=3702 GN=At5g19680 PE=1 SV=1	False
Q84WK5	0.32	0.000895983	0.009328871	GID8	MEM	Protein GID8 homolog OS=Arabidopsis thaliana OX=3702 GN=GID8 PE=1 SV=1	True
Q84WM9	1.91	1.42595e-05	0.003126341	At5g12110	MEM	Elongation factor 1-beta 1 OS=Arabidopsis thaliana OX=3702 GN=At5g12110 PE=2 SV=2	True
Q84WN0	-0.31	0.017692196	0.080463748	At4g37920	SOL	Uncharacterized protein At4g37920 OS=Arabidopsis thaliana OX=3702 GN=At4g37920 PE=2 SV=2	False
Q84WS0	1.55	0.000235372	0.005282195	SBTI1.1	MEM	Subtilisin-like protease SBT1.1 OS=Arabidopsis thaliana OX=3702 GN=SBTI1.1 PE=1 SV=1	True
Q84WT8	0.36	0.017286615	0.041018105	CYS4	MEM	Cysteine proteinase inhibitor 4 OS=Arabidopsis thaliana OX=3702 GN=CYS4 PE=3 SV=2	True
Q84WU5	-0.91	0.074380256	0.166176028	At5g14720	SOL	Protein kinase superfamily protein OS=Arabidopsis thaliana OX=3702 GN=At5g14720 PE=1 SV=1	False
Q84WU8	-0.69	0.000392983	0.006615922	FTSH3	MEM	ATP-dependent zinc metalloprotease FTSH 3, mitochondrial OS=Arabidopsis thaliana OX=3702 GN=FTSH3 PE=1 SV=1	True
Q84WV1	0.39	0.005901416	0.022755958	CCT3	MEM	T-complex protein 1 subunit gamma OS=Arabidopsis thaliana OX=3702 GN=CCT3 PE=1 SV=1	True
Q84WW2	0.24	0.09428387	0.139939105	PGL3	MEM	6-phosphogluconolactonase 3, chloroplastic OS=Arabidopsis thaliana OX=3702 GN=PGL3 PE=1 SV=1	False
Q84XU2	-0.21	0.116080722	0.217552545	PAPP5	SOL	Serine/threonine-protein phosphatase 5 OS=Arabidopsis thaliana OX=3702 GN=PAPP5 PE=1 SV=1	False
Q8GRL7	-0.11	0.215108878	0.321495188	TFCE	SOL	Tubulin-folding cofactor E OS=Arabidopsis thaliana OX=3702 GN=TFCE PE=2 SV=1	False
Q8GRX1	0.92	0.003934973	0.043306586	TGG4	SOL	Myrosinase 4 OS=Arabidopsis thaliana OX=3702 GN=TGG4 PE=1 SV=1	True
Q8GRX2	0.49	0.010630722	0.031046919	At5g37475	MEM	Eukaryotic translation initiation factor 3 subunit J OS=Arabidopsis thaliana OX=3702 GN=At5g37475 PE=1 SV=1	True
Q8GS60	0.0	0.44355133	0.540550788	HCAR	SOL	7-hydroxymethyl chlorophyll a reductase, chloroplastic OS=Arabidopsis thaliana OX=3702 GN=HCAR PE=1 SV=1	False
Q8GSA7	0.31	0.065889883	0.105866616	CAMTA3	MEM	Calmodulin-binding transcription activator 3 OS=Arabidopsis thaliana OX=3702 GN=CAMTA3 PE=1 SV=1	False
Q8GSG8	-0.17	0.045975919	0.128333259	TOPTELOMERE.1	SOL	Retinal-binding protein OS=Arabidopsis thaliana OX=3702 GN=TOPTELOMERE.1 PE=1 SV=1	False
Q8GSJ1	-0.32	0.003186659	0.040850582	HISN1B	SOL	ATP phosphoribosyltransferase 2, chloroplastic OS=Arabidopsis thaliana OX=3702 GN=HISN1B PE=1 SV=1	True
Q8GTR4	-0.47	0.003710774	0.042388647	PU1	SOL	Pullulanase 1, chloroplastic OS=Arabidopsis thaliana OX=3702 GN=PU1 PE=1 SV=2	True
Q8GUG7	-0.21	0.107457794	0.15608085	RH50	MEM	DEAD-box ATP-dependent RNA helicase 50 OS=Arabidopsis thaliana OX=3702 GN=RH50 PE=2 SV=2	False
Q8GUH5	-0.28	0.017227364	0.079812142	At4g33080	SOL	AGC (cAMP-dependent, cGMP-dependent and protein kinase C) kinase family protein OS=Arabidopsis thaliana OX=3702 GN=At4g33080 PE=1 SV=1	False
Q8GUI4	0.75	0.008576131	0.027977979	At1g61900	MEM	Uncharacterized GPI-anchored protein At1g61900 OS=Arabidopsis thaliana OX=3702 GN=At1g61900 PE=2 SV=1	True
Q8GUK4	-1.56	0.005715429	0.02241075	SBT3.13	MEM	Subtilisin-like protease SBT3.13 OS=Arabidopsis thaliana OX=3702 GN=SBT3.13 PE=2 SV=1	True
Q8GUK5	-0.04	0.452905832	0.549655927	At3g05625	SOL	At3g05625 OS=Arabidopsis thaliana OX=3702 GN=At3g05625 PE=1 SV=1	False
Q8GUL2	-0.81	0.006372745	0.023841354	MOS14	MEM	Transportin MOS14 OS=Arabidopsis thaliana OX=3702 GN=MOS14 PE=1 SV=1	True
Q8GUL8	0.34	0.005493633	0.021873323	At5g19230	MEM	Uncharacterized GPI-anchored protein At5g19230 OS=Arabidopsis thaliana OX=3702 GN=At5g19230 PE=2 SV=1	True
Q8GUM2	-0.1	0.039768275	0.072749326	HSP70-9	MEM	Heat shock 70 kDa protein 9, mitochondrial OS=Arabidopsis thaliana OX=3702 GN=HSP70-9 PE=1 SV=1	False
Q8GUM4	-0.23	0.18533357	0.243435317	At3g27390	MEM	Uncharacterized membrane protein At3g27390 OS=Arabidopsis thaliana OX=3702 GN=At3g27390 PE=1 SV=2	False
Q8GUN2	0.63	0.003018978	0.015591933	HINT1	MEM	Adenylylsulfatase HINT1 OS=Arabidopsis thaliana OX=3702 GN=HINT1 PE=1 SV=1	True
Q8GUN7	-0.09	0.053982324	0.13885173	At1g36280	SOL	Adenylosuccinate lyase OS=Arabidopsis thaliana OX=3702 GN=At1g36280 PE=1 SV=1	False
Q8GUP3	-0.46	0.007114336	0.025396266	PDS5C	MEM	Sister chromatid cohesion protein PDS5 homolog C OS=Arabidopsis thaliana OX=3702 GN=PDS5C PE=1 SV=1	True
Q8GUQ8	-0.07	0.227341453	0.334651901	XDH1	SOL	Xanthine dehydrogenase 1 OS=Arabidopsis thaliana OX=3702 GN=XDH1 PE=1 SV=1	False
Q8GW20	-0.8	0.004553801	0.019527675	At5g03900	MEM	Uncharacterized protein At5g03900, chloroplastic OS=Arabidopsis thaliana OX=3702 GN=At5g03900 PE=2 SV=2	True
Q8GW48	1.52	0.009186344	0.02900559	HSBP	MEM	Heat shock factor-binding protein OS=Arabidopsis thaliana OX=3702 GN=HSBP PE=1 SV=1	True
Q8GW53	0.11	0.631666437	0.705321307	At4g24340	SOL	At4g24340 OS=Arabidopsis thaliana OX=3702 GN=At4g24340 PE=1 SV=1	False
Q8GW56	-0.36	0.120025181	0.221262	At2g03640	SOL	At2g03640 OS=Arabidopsis thaliana OX=3702 GN=At2g03640 PE=1 SV=1	False
Q8GW72	-0.36	0.219346619	0.279652645	FUC1	MEM	Alpha-L-fucosidase 1 OS=Arabidopsis thaliana OX=3702 GN=FUC1 PE=1 SV=2	False
Q8GW78	0.27	0.078586345	0.17115332	CLPT2	SOL	ATP-dependent Clp protease ATP-binding subunit CLPT2, chloroplastic OS=Arabidopsis thaliana OX=3702 GN=CLPT2 PE=1 SV=1	False
Q8GWB7	-1.15	0.001489379	0.011090381	IPUT1	MEM	Inositol phosphorylceramide glucuronosyltransferase 1 OS=Arabidopsis thaliana OX=3702 GN=IPUT1 PE=1 SV=1	True
Q8GWC7	-0.78	0.092483049	0.137753642	At1g72165/T9N14_2	MEM	MICOS complex subunit, putative (DUF543) OS=Arabidopsis thaliana OX=3702 GN=At1g72165/T9N14_2 PE=1 SV=1	False
Q8GWE0	-0.57	0.000286496	0.005861057	P67	MEM	Pentatricopeptide repeat-containing protein At4g16390, chloroplastic OS=Arabidopsis thaliana OX=3702 GN=P67 PE=1 SV=3	True
Q8GWE1	0.74	0.064683141	0.104303766	UCH3	MEM	Ubiquitin carboxyl-terminal hydrolase 3 OS=Arabidopsis thaliana OX=3702 GN=UCH3 PE=2 SV=1	False
Q8GWH3	-0.99	0.00300986	0.015565183	OS9	MEM	Protein OS-9 homolog OS=Arabidopsis thaliana OX=3702 GN=OS9 PE=1 SV=1	True
Q8GWK5	0.29	0.005521787	0.047690906	GASA9	SOL	Gibberellin-regulated protein 9 OS=Arabidopsis thaliana OX=3702 GN=GASA9 PE=3 SV=1	True
Q8GWP4	0.77	0.013722428	0.036002691	At2g21530	MEM	At2g21530 OS=Arabidopsis thaliana OX=3702 GN=At2g21530 PE=1 SV=1	True
Q8GWP5	-0.29	0.027199223	0.097925111	PYRD	SOL	Riboflavin biosynthesis protein PYRD, chloroplastic OS=Arabidopsis thaliana OX=3702 GN=PYRD PE=1 SV=1	False
Q8GWS0	0.13	0.705365247	0.768220599	GRXC5	SOL	Glutaredoxin-C5, chloroplastic OS=Arabidopsis thaliana OX=3702 GN=GRXC5 PE=1 SV=1	False
Q8GWT4	-0.17	0.117228212	0.218648846	PMRT15	SOL	Protein arginine N-methyltransferase 1.5 OS=Arabidopsis thaliana OX=3702 GN=PMRT15 PE=1 SV=2	False
Q8GWU0	0.09	0.365558946	0.469814689	PGLP2	SOL	Phosphoglycolate phosphatase 2 OS=Arabidopsis thaliana OX=3702 GN=PGLP2 PE=1 SV=1	False
Q8GWW8	0.96	0.008919685	0.028582519	GFA2	MEM	Chaperone protein dnaJ GFA2, mitochondrial OS=Arabidopsis thaliana OX=3702 GN=GFA2 PE=2 SV=1	True
Q8GXB7	0.14	0.437229791	0.534559819	At5g24840	SOL	tRNA (guanine-N(7)-)-methyltransferase OS=Arabidopsis thaliana OX=3702 GN=At5g24840 PE=2 SV=1	False
Q8GXG9	0.18	0.088981705	0.133587558	At1g44835	MEM	YbaK/aminoacyl-tRNA synthetase-associated domain-containing protein OS=Arabidopsis thaliana OX=3702 GN=At1g44835 PE=1 SV=1	False
Q8GXK1	-0.48	0.016499971	0.040003713	At4g33625	MEM	At4g33625 OS=Arabidopsis thaliana OX=3702 GN=At4g33625 PE=1 SV=1	True
Q8GXR5	0.48	0.053671236	0.090209223	PPCS1	MEM	Phosphopantothenate--cysteine ligase 1 OS=Arabidopsis thaliana OX=3702 GN=PPCS1 PE=2 SV=1	False
Q8GXR9	-0.34	0.07738597	0.119937929	NDC1	MEM	Alternative NAD(P)H-ubiquinone oxidoreductase C1, chloroplastic/mitochondrial OS=Arabidopsis thaliana OX=3702 GN=NDC1 PE=1 SV=2	False
Q8GXS3	-0.72	0.001585346	0.011506549	CFIS2	MEM	Pre-mRNA cleavage factor Im 25 kDa subunit 2 OS=Arabidopsis thaliana OX=3702 GN=CFIS2 PE=1 SV=1	True
Q8GXU7	0.48	0.343007646	0.448072862	At4g13615	SOL	At4g13612 OS=Arabidopsis thaliana OX=3702 GN=At4g13615 PE=1 SV=1	False
Q8GXU8	-0.15	0.144467629	0.19904191	LPAT1	MEM	1-acyl-sn-glycerol-3-phosphate acyltransferase LPAT1, chloroplastic OS=Arabidopsis thaliana OX=3702 GN=LPAT1 PE=1 SV=1	False
Q8GXW8	-0.37	0.04860211	0.083889192	At1g04780	MEM	Ankyrin repeat family protein OS=Arabidopsis thaliana OX=3702 GN=At1g04780 PE=1 SV=1	False
Q8GXX7	-0.89	0.040095071	0.073135234	ZFN1	MEM	Zinc finger CCCH domain-containing protein 33 OS=Arabidopsis thaliana OX=3702 GN=ZFN1 PE=1 SV=1	False
Q8GY23	-0.46	0.014913472	0.037558509	UPL1	MEM	E3 ubiquitin-protein ligase UPL1 OS=Arabidopsis thaliana OX=3702 GN=UPL1 PE=1 SV=3	True
Q8GY46	-0.31	0.032590782	0.062666282	At5g13560	MEM	At5g13560 OS=Arabidopsis thaliana OX=3702 GN=At5g13560 PE=1 SV=1	False
Q8GY91	-0.14	0.045969644	0.128333259	APX6	SOL	Putative L-ascorbate peroxidase 6 OS=Arabidopsis thaliana OX=3702 GN=APX6 PE=2 SV=1	False
Q8GYA4	-0.21	0.197903051	0.256536903	CRK10	MEM	Cysteine-rich receptor-like protein kinase 10 OS=Arabidopsis thaliana OX=3702 GN=CRK10 PE=1 SV=3	False
Q8GYB8	0.62	0.082746704	0.176338044	OPR2	SOL	12-oxophytodienoate reductase 2 OS=Arabidopsis thaliana OX=3702 GN=OPR2 PE=1 SV=2	False
Q8GYC7	-1.61	0.005833104	0.022633418	PGRL1B	MEM	PGR5-like protein 1B, chloroplastic OS=Arabidopsis thaliana OX=3702 GN=PGRL1B PE=1 SV=1	True
Q8GYH9	0.07	0.816925021	0.847664607	At3g46280	MEM	Kinase-like protein OS=Arabidopsis thaliana OX=3702 GN=At3g46280 PE=1 SV=1	False
Q8GYI4	-0.21	0.081070772	0.124321895	At2g43180	MEM	Phosphoenolpyruvate carboxylase family protein OS=Arabidopsis thaliana OX=3702 GN=At2g43180 PE=1 SV=1	False
Q8GYI7	-0.01	0.513270375	0.571783936	At5g19630	MEM	Alpha/beta-Hydrolases superfamily protein OS=Arabidopsis thaliana OX=3702 GN=At5g19630 PE=1 SV=1	False
Q8GYL5	0.54	0.007084403	0.025340786	RPS25D	MEM	40S ribosomal protein S25-3 OS=Arabidopsis thaliana OX=3702 GN=RPS25D PE=3 SV=2	True
Q8GYM1	1.12	0.000904029	0.009333411	GSTU22	MEM	Glutathione S-transferase U22 OS=Arabidopsis thaliana OX=3702 GN=GSTU22 PE=1 SV=1	True
Q8GYN5	0.76	0.019182177	0.043820846	RIN4	MEM	RPM1-interacting protein 4 OS=Arabidopsis thaliana OX=3702 GN=RIN4 PE=1 SV=1	True
Q8GYN9	-0.72	0.016140611	0.039524295	MENB	MEM	1,4-dihydroxy-2-naphthoyl-CoA synthase, peroxisomal OS=Arabidopsis thaliana OX=3702 GN=MENB PE=1 SV=2	True
Q8GYX8	0.38	0.01634454	0.039772143	ATJ10	MEM	Chaperone protein dnaJ 10 OS=Arabidopsis thaliana OX=3702 GN=ATJ10 PE=2 SV=2	True
Q8GYZ0	-0.09	0.030858637	0.105333279	At4g31530	SOL	At4g31530 OS=Arabidopsis thaliana OX=3702 GN=At4g31530 PE=1 SV=1	False
Q8GZ29	0.63	0.011131025	0.031985348	GH3.15	MEM	Indole-3-acetic acid-amido synthetase GH3.15 OS=Arabidopsis thaliana OX=3702 GN=GH3.15 PE=1 SV=1	True
Q8GZ81	-1.31	0.001828811	0.01231824	OFUT27	MEM	O-fucosyltransferase 27 OS=Arabidopsis thaliana OX=3702 GN=OFUT27 PE=2 SV=1	True
Q8GZ87	0.53	0.025413892	0.053093854	IQD28	MEM	Protein IQ-DOMAIN 28 OS=Arabidopsis thaliana OX=3702 GN=IQD28 PE=1 SV=1	False
Q8GZ99	0.26	0.17231257	0.228659248	HPCA1	MEM	Leucine-rich repeat receptor protein kinase HPCA1 OS=Arabidopsis thaliana OX=3702 GN=HPCA1 PE=1 SV=1	False
Q8GZA4	-0.48	0.017174274	0.040908537	CBSX6	MEM	CBS domain-containing protein CBSX6 OS=Arabidopsis thaliana OX=3702 GN=CBSX6 PE=1 SV=1	True
Q8GZQ3	-0.16	0.00059556	0.024419573	PNP1	SOL	Polyribonucleotide nucleotidyltransferase 1, chloroplastic OS=Arabidopsis thaliana OX=3702 GN=PNP1 PE=1 SV=1	True
Q8H0S3	0.34	0.011968519	0.033310407	At1g05520	MEM	Protein transport protein SEC23 OS=Arabidopsis thaliana OX=3702 GN=At1g05520 PE=1 SV=1	True
Q8H0S9	-0.16	0.001144638	0.029303656	MPA1	SOL	Puromycin-sensitive aminopeptidase OS=Arabidopsis thaliana OX=3702 GN=MPA1 PE=2 SV=1	True
Q8H0T4	-0.59	0.005135344	0.046419192	UPL2	SOL	E3 ubiquitin-protein ligase UPL2 OS=Arabidopsis thaliana OX=3702 GN=UPL2 PE=1 SV=3	True
Q8H0U2	0.31	0.120227669	0.170628547	At2g12400	MEM	Plasma membrane fusion protein OS=Arabidopsis thaliana OX=3702 GN=At2g12400 PE=1 SV=1	False
Q8H0U3	-0.43	0.005543284	0.021995617	At1g23180	MEM	ARM repeat superfamily protein OS=Arabidopsis thaliana OX=3702 GN=At1g23180 PE=1 SV=1	True
Q8H0U4	-0.33	0.003631209	0.042095961	TRN1	SOL	Transportin-1 OS=Arabidopsis thaliana OX=3702 GN=TRN1 PE=1 SV=1	True
Q8H0U5	-0.55	0.00362228	0.042058061	TIC62	SOL	Protein TIC 62, chloroplastic OS=Arabidopsis thaliana OX=3702 GN=TIC62 PE=1 SV=1	True
Q8H0V5	-0.3	0.405968788	0.507443913	OCP3	SOL	Protein OVEREXPRESSOR OF CATIONIC PEROXIDASE 3 OS=Arabidopsis thaliana OX=3702 GN=OCP3 PE=1 SV=1	False
Q8H0V6	-0.1	0.178140482	0.283036545	ABCF3	SOL	ABC transporter F family member 3 OS=Arabidopsis thaliana OX=3702 GN=ABCF3 PE=1 SV=1	False
Q8H0W0	-0.64	0.006451346	0.050732954	LPA3	SOL	Protein LPA3 OS=Arabidopsis thaliana OX=3702 GN=LPA3 PE=1 SV=1	False
Q8H0W4	-0.26	0.103299784	0.150961612	At3g11560	MEM	AT3G11560 protein OS=Arabidopsis thaliana OX=3702 GN=At3g11560 PE=1 SV=1	False
Q8H0X6	1.03	0.003502825	0.016661157	CYS6	MEM	Cysteine proteinase inhibitor 6 OS=Arabidopsis thaliana OX=3702 GN=CYS6 PE=1 SV=2	True
Q8H0Y1	0.81	0.007101179	0.025391017	OEP24B	MEM	Outer envelope pore protein 24B, chloroplastic OS=Arabidopsis thaliana OX=3702 GN=OEP24B PE=2 SV=1	True
Q8H0Z0	-0.28	0.067823023	0.10834413	At2g32850	MEM	Protein kinase superfamily protein OS=Arabidopsis thaliana OX=3702 GN=At2g32850 PE=1 SV=1	False
Q8H103	-0.23	0.005086055	0.046260068	PGI1	SOL	Glucose-6-phosphate isomerase 1, chloroplastic OS=Arabidopsis thaliana OX=3702 GN=PGI1 PE=1 SV=1	True
Q8H104	-0.46	0.071729254	0.162516329	At4g26870	SOL	Aspartate--tRNA ligase 1, cytoplasmic OS=Arabidopsis thaliana OX=3702 GN=At4g26870 PE=2 SV=1	False
Q8H107	-0.3	0.055389721	0.092281965	At4g26910	MEM	Dihydrolipoyllysine-residue succinyltransferase component of 2-oxoglutarate dehydrogenase complex 2, mitochondrial OS=Arabidopsis thaliana OX=3702 GN=At4g26910 PE=1 SV=2	False
Q8H110	-0.55	0.000109	0.004282644	XCT	MEM	Protein XAP5 CIRCADIAN TIMEKEEPER OS=Arabidopsis thaliana OX=3702 GN=XCT PE=1 SV=1	True
Q8H112	-0.79	0.016860525	0.040455684	PGRL1A	MEM	PGR5-like protein 1A, chloroplastic OS=Arabidopsis thaliana OX=3702 GN=PGRL1A PE=1 SV=1	True
Q8H114	0.12	0.31639524	0.424162552	At2g40600	SOL	Appr-1-p processing enzyme family protein OS=Arabidopsis thaliana OX=3702 GN=At2g40600 PE=1 SV=1	False
Q8H118	-0.87	0.000632119	0.007921046	At3g23300	MEM	Probable methyltransferase PMT1 OS=Arabidopsis thaliana OX=3702 GN=At3g23300 PE=2 SV=2	True
Q8H121	0.58	0.003633228	0.016989713	At4g19880	MEM	Glutathione S-transferase family protein OS=Arabidopsis thaliana OX=3702 GN=At4g19880 PE=1 SV=1	True
Q8H124	0.13	0.059200347	0.09726818	At2g34460	MEM	Uncharacterized protein At2g34460, chloroplastic OS=Arabidopsis thaliana OX=3702 GN=At2g34460 PE=1 SV=1	False
Q8H126	0.76	0.001082733	0.00976055	At5g13030	MEM	Selenoprotein O OS=Arabidopsis thaliana OX=3702 GN=At5g13030 PE=1 SV=1	True
Q8H136	-0.42	0.001089899	0.028517757	RH14	SOL	DEAD-box ATP-dependent RNA helicase 14 OS=Arabidopsis thaliana OX=3702 GN=RH14 PE=1 SV=2	True
Q8H148	-0.99	4.00588e-05	0.003642269	At4g22285	MEM	Ubiquitin C-terminal hydrolases superfamily protein OS=Arabidopsis thaliana OX=3702 GN=At4g22285 PE=1 SV=1	True
Q8H151	0.21	0.492833353	0.588029005	AAE13	SOL	Malonate--CoA ligase OS=Arabidopsis thaliana OX=3702 GN=AAE13 PE=1 SV=2	False
Q8H166	-0.01	0.304177786	0.412848425	ALEU	SOL	Thiol protease aleurain OS=Arabidopsis thaliana OX=3702 GN=ALEU PE=1 SV=2	False
Q8H183	-0.28	0.005273828	0.046576541	PYD3	SOL	Beta-ureidopropionase OS=Arabidopsis thaliana OX=3702 GN=PYD3 PE=1 SV=1	True
Q8H185	-0.08	0.334178425	0.439404106	ARD4	SOL	1,2-dihydroxy-3-keto-5-methylthiopentene dioxygenase 4 OS=Arabidopsis thaliana OX=3702 GN=ARD4 PE=1 SV=1	False
Q8H1E2	0.05	0.369377165	0.47390223	At5g58330	SOL	Malate dehydrogenase [NADP], chloroplastic OS=Arabidopsis thaliana OX=3702 GN=At5g58330 PE=2 SV=1	False
Q8H1F0	-0.97	0.000401396	0.0066849	BZIP29	MEM	bZIP transcription factor 29 OS=Arabidopsis thaliana OX=3702 GN=BZIP29 PE=2 SV=1	True
Q8H1F4	-0.2	0.64665581	0.718423042	At4g08520	SOL	Coatomer subunit zeta-3 OS=Arabidopsis thaliana OX=3702 GN=At4g08520 PE=2 SV=1	False
Q8H1G6	-0.27	0.084290033	0.178495374	PTI11	SOL	PTI1-like tyrosine-protein kinase 1 OS=Arabidopsis thaliana OX=3702 GN=PTI11 PE=1 SV=1	False
Q8H1Q2	0.42	0.005303705	0.021398947	NBP35	MEM	Cytosolic Fe-S cluster assembly factor NBP35 OS=Arabidopsis thaliana OX=3702 GN=NBP35 PE=1 SV=1	True
Q8H1S4	-0.05	0.772605071	0.821936762	At1g06650	SOL	1-aminocyclopropane-1-carboxylate oxidase homolog 3 OS=Arabidopsis thaliana OX=3702 GN=At1g06650 PE=2 SV=1	False
Q8H1Y0	-0.41	0.004242827	0.018784861	IAR4	MEM	Pyruvate dehydrogenase E1 component subunit alpha-2, mitochondrial OS=Arabidopsis thaliana OX=3702 GN=IAR4 PE=1 SV=2	True
Q8H1Z0	-0.3	0.268693158	0.331382285	CER3	MEM	Very-long-chain aldehyde decarbonylase CER3 OS=Arabidopsis thaliana OX=3702 GN=CER3 PE=1 SV=1	False
Q8H7F6	-0.45	0.004098268	0.018345476	GRXS16	MEM	Bifunctional monothiol glutaredoxin-S16, chloroplastic OS=Arabidopsis thaliana OX=3702 GN=GRXS16 PE=1 SV=2	True
Q8L3W1	-0.14	0.019313384	0.08385338	VRN1	SOL	B3 domain-containing transcription factor VRN1 OS=Arabidopsis thaliana OX=3702 GN=VRN1 PE=1 SV=1	False
Q8L3X8	-0.04	0.357015179	0.461387791	SCL30	SOL	Serine/arginine-rich SC35-like splicing factor SCL30 OS=Arabidopsis thaliana OX=3702 GN=SCL30 PE=1 SV=1	False
Q8L466	0.01	0.315730224	0.423576692	At1g24050	SOL	At1g24050/T23E23_11 OS=Arabidopsis thaliana OX=3702 GN=At1g24050 PE=1 SV=1	False
Q8L475	0.12	0.757330483	0.809511337	At1g74640	SOL	Alpha/beta-Hydrolases superfamily protein OS=Arabidopsis thaliana OX=3702 GN=At1g74640 PE=1 SV=1	False
Q8L4D8	0.42	0.047496232	0.082516822	IQD31	MEM	Protein IQ-DOMAIN 31 OS=Arabidopsis thaliana OX=3702 GN=IQD31 PE=1 SV=1	False
Q8L4M1	-0.07	0.751494422	0.804894068	THO6	SOL	THO complex subunit 6 OS=Arabidopsis thaliana OX=3702 GN=THO6 PE=1 SV=1	False
Q8L4N1	0.09	0.265664615	0.374531162	PHOS34	SOL	Universal stress protein PHOS34 OS=Arabidopsis thaliana OX=3702 GN=PHOS34 PE=1 SV=1	False
Q8L4Q6	0.24	0.091052978	0.135884909	At5g25070	MEM	Neurofilament light protein OS=Arabidopsis thaliana OX=3702 GN=At5g25070 PE=1 SV=1	False
Q8L4R9	0.73	0.003271658	0.016245178	At2g15860	MEM	BAT2 domain protein OS=Arabidopsis thaliana OX=3702 GN=At2g15860 PE=1 SV=1	True
Q8L517	-0.59	0.002005317	0.036641203	At4g30490	SOL	AFG1-like ATPase family protein OS=Arabidopsis thaliana OX=3702 GN=At4g30490 PE=1 SV=1	True
Q8L539	-0.04	0.514983981	0.606857907	5FCL	SOL	5-formyltetrahydrofolate cyclo-ligase, mitochondrial OS=Arabidopsis thaliana OX=3702 GN=5FCL PE=1 SV=1	False
Q8L540	-0.11	0.682914104	0.749480831	LTO1	SOL	Thiol-disulfide oxidoreductase LTO1 OS=Arabidopsis thaliana OX=3702 GN=LTO1 PE=1 SV=1	False
Q8L557	-0.09	0.520846308	0.612115913	EMB514	SOL	Protein EMBRYO DEFECTIVE 514 OS=Arabidopsis thaliana OX=3702 GN=EMB514 PE=1 SV=1	False
Q8L5U0	1.16	0.004288536	0.018880033	CSN4	MEM	COP9 signalosome complex subunit 4 OS=Arabidopsis thaliana OX=3702 GN=CSN4 PE=1 SV=2	True
Q8L5Y0	0.08	0.788460519	0.82253745	VPS39	MEM	Vacuolar sorting protein 39 OS=Arabidopsis thaliana OX=3702 GN=VPS39 PE=1 SV=1	False
Q8L5Y4	-0.32	0.005664545	0.048216759	EMB2765	SOL	P-loop containing nucleoside triphosphate hydrolases superfamily protein OS=Arabidopsis thaliana OX=3702 GN=EMB2765 PE=1 SV=1	True
Q8L5Y6	-0.46	0.002759808	0.039669541	CAND1	SOL	Cullin-associated NEDD8-dissociated protein 1 OS=Arabidopsis thaliana OX=3702 GN=CAND1 PE=1 SV=1	True
Q8L5Y8	-0.33	0.008739469	0.05806024	At5g65840	SOL	Thioredoxin superfamily protein OS=Arabidopsis thaliana OX=3702 GN=At5g65840 PE=1 SV=1	False
Q8L5Y9	-0.44	0.081044836	0.173657491	PANK2	SOL	Pantothenate kinase 2 OS=Arabidopsis thaliana OX=3702 GN=PANK2 PE=1 SV=2	False
Q8L5Z1	-0.53	0.059867656	0.098104414	At1g33811	MEM	GDSL esterase/lipase At1g33811 OS=Arabidopsis thaliana OX=3702 GN=At1g33811 PE=2 SV=1	False
Q8L5Z4	-0.19	0.043609654	0.077429215	YBEY	MEM	Endoribonuclease YBEY, chloroplastic OS=Arabidopsis thaliana OX=3702 GN=YBEY PE=1 SV=1	False
Q8L5Z7	-0.21	0.11497531	0.21629912	SNX2A	SOL	Sorting nexin 2A OS=Arabidopsis thaliana OX=3702 GN=SNX2A PE=1 SV=1	False
Q8L601	-0.32	0.006685278	0.024565555	At2g22400	MEM	S-adenosyl-L-methionine-dependent methyltransferases superfamily protein OS=Arabidopsis thaliana OX=3702 GN=At2g22400 PE=1 SV=1	True
Q8L604	-1.27	0.002575104	0.014450233	At1g65230	MEM	Transmembrane protein, putative (DUF2358) OS=Arabidopsis thaliana OX=3702 GN=At1g65230 PE=1 SV=1	True
Q8L636	0.1	0.441803373	0.502592575	NCL	MEM	Sodium/calcium exchanger NCL OS=Arabidopsis thaliana OX=3702 GN=NCL PE=2 SV=1	False
Q8L637	-0.13	0.37749894	0.481627165	At3g21140	SOL	Pyridoxamine 5'-phosphate oxidase family protein OS=Arabidopsis thaliana OX=3702 GN=At3g21140 PE=1 SV=1	False
Q8L6Y1	-0.13	0.223166967	0.284016794	UBP14	MEM	Ubiquitin carboxyl-terminal hydrolase 14 OS=Arabidopsis thaliana OX=3702 GN=UBP14 PE=1 SV=1	False
Q8L6Z4	-0.07	0.199544403	0.306620029	RPS9M	SOL	30S ribosomal protein S9, mitochondrial OS=Arabidopsis thaliana OX=3702 GN=RPS9M PE=1 SV=1	False
Q8L706	0.01	0.930396999	0.940927121	SYT5	MEM	Synaptotagmin-5 OS=Arabidopsis thaliana OX=3702 GN=SYT5 PE=2 SV=1	False
Q8L716	-1.0	0.008597136	0.02801304	U2AF65B	MEM	Splicing factor U2af large subunit B OS=Arabidopsis thaliana OX=3702 GN=U2AF65B PE=1 SV=2	True
Q8L719	-0.17	0.060356493	0.147773161	ALY2	SOL	THO complex subunit 4B OS=Arabidopsis thaliana OX=3702 GN=ALY2 PE=1 SV=1	False
Q8L733	-0.39	0.148608266	0.253049502	At4g12130	SOL	Putative transferase At4g12130, mitochondrial OS=Arabidopsis thaliana OX=3702 GN=At4g12130 PE=1 SV=1	False
Q8L735	0.12	0.387837042	0.4910576	ISA2	SOL	Isoamylase 2, chloroplastic OS=Arabidopsis thaliana OX=3702 GN=ISA2 PE=1 SV=2	False
Q8L742	-0.28	0.055596572	0.141293504	At4g12290	SOL	Amine oxidase OS=Arabidopsis thaliana OX=3702 GN=At4g12290 PE=1 SV=1	False
Q8L745	-0.37	0.056763094	0.094011661	At5g42220	MEM	AT5g42220/K5J14_2 OS=Arabidopsis thaliana OX=3702 GN=At5g42220 PE=1 SV=1	False
Q8L773	0.29	0.114730156	0.216001973	ALY1	SOL	THO complex subunit 4A OS=Arabidopsis thaliana OX=3702 GN=ALY1 PE=1 SV=1	False
Q8L785	-0.84	0.000942866	0.009448905	EDD1	MEM	Glycine--tRNA ligase, chloroplastic/mitochondrial 2 OS=Arabidopsis thaliana OX=3702 GN=EDD1 PE=1 SV=1	True
Q8L794	-0.27	0.008011281	0.026905976	XK1	MEM	D-ribulose kinase OS=Arabidopsis thaliana OX=3702 GN=XK1 PE=1 SV=1	True
Q8L798	0.29	0.071542882	0.112800815	At1g19110	MEM	Inter-alpha-trypsin inhibitor heavy chain-like protein OS=Arabidopsis thaliana OX=3702 GN=At1g19110 PE=1 SV=1	False
Q8L7A9	-0.62	0.008028232	0.02694343	At1g31730	MEM	AP-4 complex subunit epsilon OS=Arabidopsis thaliana OX=3702 GN=At1g31730 PE=1 SV=1	True
Q8L7B2	0.86	0.007502823	0.054606736	SCPL20	SOL	Serine carboxypeptidase-like 20 OS=Arabidopsis thaliana OX=3702 GN=SCPL20 PE=2 SV=2	False
Q8L7C9	-1.59	0.003259185	0.016245178	GSTU20	MEM	Glutathione S-transferase U20 OS=Arabidopsis thaliana OX=3702 GN=GSTU20 PE=1 SV=1	True
Q8L7E3	0.01	0.632442421	0.683882641	VSR7	MEM	Vacuolar-sorting receptor 7 OS=Arabidopsis thaliana OX=3702 GN=VSR7 PE=2 SV=2	False
Q8L7I4	-0.28	0.048133552	0.083266027	At1g78200	MEM	Probable protein phosphatase 2C 17 OS=Arabidopsis thaliana OX=3702 GN=At1g78200 PE=2 SV=1	False
Q8L7K1	-0.08	0.556049536	0.640322966	At4g32605	SOL	AT4G32605 protein OS=Arabidopsis thaliana OX=3702 GN=At4g32605 PE=1 SV=1	False
Q8L7K9	-0.17	0.00127513	0.03106043	NAD-ME2	SOL	NAD-dependent malic enzyme 2, mitochondrial OS=Arabidopsis thaliana OX=3702 GN=NAD-ME2 PE=1 SV=1	True
Q8L7L0	-0.5	0.017549713	0.041382766	OBGL	MEM	GTP-binding protein OBGC, chloroplastic OS=Arabidopsis thaliana OX=3702 GN=OBGL PE=2 SV=1	True
Q8L7L1	-0.49	0.03568936	0.067192307	SPHK1	MEM	Sphingosine kinase 1 OS=Arabidopsis thaliana OX=3702 GN=SPHK1 PE=1 SV=1	False
Q8L7N0	-0.49	0.006340907	0.023760505	CCT6B	MEM	T-complex protein 1 subunit zeta 2 OS=Arabidopsis thaliana OX=3702 GN=CCT6B PE=1 SV=1	True
Q8L7R2	-0.18	0.001989838	0.036641203	HSK	SOL	Homoserine kinase OS=Arabidopsis thaliana OX=3702 GN=HSK PE=1 SV=1	True
Q8L7R3	-0.76	0.014986383	0.037660382	LPEAT1	MEM	Lysophospholipid acyltransferase LPEAT1 OS=Arabidopsis thaliana OX=3702 GN=LPEAT1 PE=1 SV=1	True
Q8L7S0	-0.84	0.008633906	0.02806397	ULP2B	MEM	Probable ubiquitin-like-specific protease 2B OS=Arabidopsis thaliana OX=3702 GN=ULP2B PE=1 SV=3	True
Q8L7S1	-0.12	0.003123689	0.015853873	TLL1	MEM	At1g45200 OS=Arabidopsis thaliana OX=3702 GN=TLL1 PE=1 SV=1	True
Q8L7S6	-0.32	0.103505321	0.151190655	HEXO3	MEM	Beta-hexosaminidase 3 OS=Arabidopsis thaliana OX=3702 GN=HEXO3 PE=1 SV=1	False
Q8L7S7	0.59	0.032505068	0.062541383	At4g14350	MEM	AGC (cAMP-dependent, cGMP-dependent and protein kinase C) kinase family protein OS=Arabidopsis thaliana OX=3702 GN=At4g14350 PE=1 SV=1	False
Q8L7S8	-0.19	0.005529931	0.021970777	RH3	MEM	DEAD-box ATP-dependent RNA helicase 3, chloroplastic OS=Arabidopsis thaliana OX=3702 GN=RH3 PE=1 SV=2	True
Q8L7S9	0.33	0.313259922	0.421251264	At1g43560	SOL	Thioredoxin Y2, chloroplastic OS=Arabidopsis thaliana OX=3702 GN=At1g43560 PE=2 SV=1	False
Q8L7T4	0.37	0.01766786	0.04159803	At3g13990	MEM	AT3g13990/MDC16_11 OS=Arabidopsis thaliana OX=3702 GN=At3g13990 PE=1 SV=1	True
Q8L7T5	-0.13	0.198120866	0.256783433	At1g07990	MEM	At1g07990/T6D22_5 OS=Arabidopsis thaliana OX=3702 GN=At1g07990 PE=1 SV=1	False
Q8L7U5	-0.28	0.039715566	0.072699299	BSL1	MEM	Serine/threonine-protein phosphatase BSL1 OS=Arabidopsis thaliana OX=3702 GN=BSL1 PE=1 SV=2	False
Q8L7V3	-1.28	0.000582662	0.007768551	At5g64030	MEM	Probable methyltransferase PMT26 OS=Arabidopsis thaliana OX=3702 GN=At5g64030 PE=2 SV=1	True
Q8L7W0	0.32	0.107595762	0.156207979	SH3P3	MEM	SH3 domain-containing protein 3 OS=Arabidopsis thaliana OX=3702 GN=SH3P3 PE=1 SV=1	False
Q8L7W3	-1.01	0.002477216	0.014197783	At2g29210	MEM	At2g29210/F16P2.41 OS=Arabidopsis thaliana OX=3702 GN=At2g29210 PE=1 SV=1	True
Q8L7W8	-0.1	0.523254584	0.581095226	FUC95A	MEM	Alpha-L-fucosidase 2 OS=Arabidopsis thaliana OX=3702 GN=FUC95A PE=1 SV=1	False
Q8L7Z3	-0.38	0.014625558	0.074034416	At5g18400	SOL	Anamorsin homolog OS=Arabidopsis thaliana OX=3702 GN=At5g18400 PE=1 SV=1	False
Q8L828	-0.49	0.00469024	0.019820495	At3g15980	MEM	Coatomer subunit beta'-3 OS=Arabidopsis thaliana OX=3702 GN=At3g15980 PE=2 SV=1	True
Q8L831	0.0	0.692642675	0.75694862	NUDT3	SOL	Nudix hydrolase 3 OS=Arabidopsis thaliana OX=3702 GN=NUDT3 PE=1 SV=1	False
Q8L835	0.18	0.087146997	0.131689043	At1g18070	MEM	ERF-3 OS=Arabidopsis thaliana OX=3702 GN=At1g18070 PE=1 SV=1	False
Q8L838	-0.73	0.017954088	0.042075299	COG4	MEM	Conserved oligomeric Golgi complex subunit 4 OS=Arabidopsis thaliana OX=3702 GN=COG4 PE=1 SV=1	True
Q8L844	-0.64	0.000622793	0.007896889	CRP1	MEM	Pentatricopeptide repeat-containing protein At5g42310, chloroplastic OS=Arabidopsis thaliana OX=3702 GN=CRP1 PE=1 SV=1	True
Q8L860	0.87	0.001097576	0.00976055	TOL9	MEM	TOM1-like protein 9 OS=Arabidopsis thaliana OX=3702 GN=TOL9 PE=1 SV=1	True
Q8L866	0.76	0.000365348	0.006459751	MHK10.21	MEM	Amine oxidase OS=Arabidopsis thaliana OX=3702 GN=MHK10.21 PE=1 SV=1	True
Q8L8S0	0.11	0.294504306	0.357737561	MTI20.11	MEM	At5g57860 OS=Arabidopsis thaliana OX=3702 GN=MTI20.11 PE=1 SV=1	False
Q8L8T2	0.82	0.001944681	0.012627328	GRXC1	MEM	Glutaredoxin-C1 OS=Arabidopsis thaliana OX=3702 GN=GRXC1 PE=2 SV=2	True
Q8L940	0.44	0.002195731	0.013424292	PDX13	MEM	Pyridoxal 5'-phosphate synthase subunit PDX1.3 OS=Arabidopsis thaliana OX=3702 GN=PDX13 PE=1 SV=2	True
Q8L953	-0.43	0.004748027	0.019947292	RPS27D	MEM	40S ribosomal protein S27-3 OS=Arabidopsis thaliana OX=3702 GN=RPS27D PE=2 SV=2	True
Q8L9A0	-0.06	0.199326705	0.306412235	RPL21M	SOL	50S ribosomal protein L21, mitochondrial OS=Arabidopsis thaliana OX=3702 GN=RPL21M PE=1 SV=1	False
Q8L9A9	0.27	0.267169447	0.376295709	XTH8	SOL	Probable xyloglucan endotransglucosylase/hydrolase protein 8 OS=Arabidopsis thaliana OX=3702 GN=XTH8 PE=2 SV=2	False
Q8L9C4	0.23	0.329910403	0.393462188	KCR1	MEM	Very-long-chain 3-oxoacyl-CoA reductase 1 OS=Arabidopsis thaliana OX=3702 GN=KCR1 PE=1 SV=1	False
Q8L9E3	0.15	0.0552307	0.09214702	MAF19.16	MEM	At5g61220 OS=Arabidopsis thaliana OX=3702 GN=MAF19.16 PE=1 SV=1	False
Q8L9J9	0.55	0.138244975	0.242364714	At4g34215	SOL	Probable carbohydrate esterase At4g34215 OS=Arabidopsis thaliana OX=3702 GN=At4g34215 PE=1 SV=2	False
Q8L9M8	-0.6	0.00398578	0.018021646	At1g33810	MEM	Uncharacterized protein At1g33810 OS=Arabidopsis thaliana OX=3702 GN=At1g33810 PE=1 SV=1	True
Q8L9X1	0.19	0.151916853	0.206458514	At5g20060	MEM	Alpha/beta-Hydrolases superfamily protein OS=Arabidopsis thaliana OX=3702 GN=At5g20060 PE=1 SV=1	False
Q8L9X2	-0.71	0.008491019	0.027793955	RBCX2	MEM	Chaperonin-like RbcX protein 2, chloroplastic OS=Arabidopsis thaliana OX=3702 GN=RBCX2 PE=1 SV=1	True
Q8L9Y0	0.38	0.004626613	0.045351432	SCPL25	SOL	Serine carboxypeptidase-like 25 OS=Arabidopsis thaliana OX=3702 GN=SCPL25 PE=2 SV=2	True
Q8LA13	-0.11	0.015980761	0.077160178	RH11	SOL	DEAD-box ATP-dependent RNA helicase 11 OS=Arabidopsis thaliana OX=3702 GN=RH11 PE=1 SV=1	False
Q8LA16	-0.25	0.036456233	0.114210496	AL7	SOL	PHD finger protein ALFIN-LIKE 7 OS=Arabidopsis thaliana OX=3702 GN=AL7 PE=1 SV=1	False
Q8LA96	-0.37	0.090467375	0.185828372	At4g17720	SOL	Putative RRM-containing protein OS=Arabidopsis thaliana OX=3702 GN=At4g17720 PE=1 SV=1	False
Q8LAA6	0.42	0.006864639	0.024977716	PIP1-5	MEM	Probable aquaporin PIP1-5 OS=Arabidopsis thaliana OX=3702 GN=PIP1-5 PE=1 SV=2	True
Q8LAA8	-0.48	0.1188838	0.219932095	At4g38225	SOL	Glycerol kinase OS=Arabidopsis thaliana OX=3702 GN=At4g38225 PE=1 SV=1	False
Q8LAC4	0.05	0.539337323	0.626069875	URH2	SOL	Probable uridine nucleosidase 2 OS=Arabidopsis thaliana OX=3702 GN=URH2 PE=2 SV=1	False
Q8LAD0	0.04	0.211431085	0.318808438	PDX2	SOL	Probable pyridoxal 5'-phosphate synthase subunit PDX2 OS=Arabidopsis thaliana OX=3702 GN=PDX2 PE=1 SV=1	False
Q8LAD2	0.12	0.202174981	0.309128042	At5g23250	SOL	Succinate--CoA ligase [ADP-forming] subunit alpha-2, mitochondrial OS=Arabidopsis thaliana OX=3702 GN=At5g23250 PE=1 SV=2	False
Q8LAH7	0.46	0.001961646	0.012636501	OPR1	MEM	12-oxophytodienoate reductase 1 OS=Arabidopsis thaliana OX=3702 GN=OPR1 PE=1 SV=2	True
Q8LAJ9	0.78	0.064510984	0.104079961	At1g22520	MEM	At1g22520 OS=Arabidopsis thaliana OX=3702 GN=At1g22520 PE=1 SV=1	False
Q8LAM2	-0.21	0.125440903	0.176437462	At4g14930	MEM	At4g14930 OS=Arabidopsis thaliana OX=3702 GN=At4g14930 PE=1 SV=1	False
Q8LAN3	-0.5	0.011238042	0.032095705	P4H4	MEM	Probable prolyl 4-hydroxylase 4 OS=Arabidopsis thaliana OX=3702 GN=P4H4 PE=2 SV=1	True
Q8LAP6	-0.81	0.002330122	0.013773985	PAP12	MEM	Probable plastid-lipid-associated protein 12, chloroplastic OS=Arabidopsis thaliana OX=3702 GN=PAP12 PE=1 SV=1	True
Q8LAS8	0.8	0.013588216	0.035838067	SFGH	MEM	S-formylglutathione hydrolase OS=Arabidopsis thaliana OX=3702 GN=SFGH PE=1 SV=2	True
Q8LAZ7	-0.46	0.02883553	0.057697234	CSN5A	MEM	COP9 signalosome complex subunit 5a OS=Arabidopsis thaliana OX=3702 GN=CSN5A PE=1 SV=2	False
Q8LB01	-0.11	0.174237245	0.278622115	DAPB2	SOL	4-hydroxy-tetrahydrodipicolinate reductase 2, chloroplastic OS=Arabidopsis thaliana OX=3702 GN=DAPB2 PE=1 SV=1	False
Q8LB02	-0.38	0.001311066	0.010458911	SDH2-2	MEM	Succinate dehydrogenase [ubiquinone] iron-sulfur subunit 2, mitochondrial OS=Arabidopsis thaliana OX=3702 GN=SDH2-2 PE=1 SV=2	True
Q8LB10	-0.12	0.097717186	0.194779079	CLPR4	SOL	ATP-dependent Clp protease proteolytic subunit-related protein 4, chloroplastic OS=Arabidopsis thaliana OX=3702 GN=CLPR4 PE=1 SV=1	False
Q8LB47	-0.07	0.238576845	0.347144024	Mge2	SOL	GrpE protein homolog 2, mitochondrial OS=Arabidopsis thaliana OX=3702 GN=Mge2 PE=1 SV=1	False
Q8LBB2	0.2	0.072520652	0.1140715	KING1	MEM	SNF1-related protein kinase regulatory subunit gamma-1 OS=Arabidopsis thaliana OX=3702 GN=KING1 PE=1 SV=2	False
Q8LBH2	-0.33	0.007533255	0.054667598	At2g01600	SOL	Putative clathrin assembly protein At2g01600 OS=Arabidopsis thaliana OX=3702 GN=At2g01600 PE=2 SV=2	False
Q8LBI1	-0.21	0.215245393	0.27511611	RPL5A	MEM	60S ribosomal protein L5-1 OS=Arabidopsis thaliana OX=3702 GN=RPL5A PE=1 SV=2	False
Q8LBK6	0.2	0.051718375	0.135469488	GRXS15	SOL	Monothiol glutaredoxin-S15, mitochondrial OS=Arabidopsis thaliana OX=3702 GN=GRXS15 PE=1 SV=2	False
Q8LBL5	-0.76	0.00532005	0.021439387	PRT1	MEM	E3 ubiquitin-protein ligase PRT1 OS=Arabidopsis thaliana OX=3702 GN=PRT1 PE=2 SV=2	True
Q8LBN7	0.47	0.151043554	0.255556615	At4g33640	SOL	Costars family protein At4g33640 OS=Arabidopsis thaliana OX=3702 GN=At4g33640 PE=1 SV=1	False
Q8LBP6	0.41	0.133893276	0.186295885	FTRA2	MEM	At5g08410 OS=Arabidopsis thaliana OX=3702 GN=FTRA2 PE=1 SV=1	False
Q8LBS4	-0.4	0.001659582	0.034165091	GRXS12	SOL	Monothiol glutaredoxin-S12, chloroplastic OS=Arabidopsis thaliana OX=3702 GN=GRXS12 PE=1 SV=2	True
Q8LBU2	0.7	0.003026293	0.015598083	GPX8	MEM	Probable glutathione peroxidase 8 OS=Arabidopsis thaliana OX=3702 GN=GPX8 PE=2 SV=1	True
Q8LBX7	-0.69	0.028325805	0.057001235	TED6	MEM	Protein TRACHEARY ELEMENT DIFFERENTIATION-RELATED 6 OS=Arabidopsis thaliana OX=3702 GN=TED6 PE=1 SV=1	False
Q8LBY9	0.12	0.843661037	0.879770582	At5g05960	SOL	At5g05960 OS=Arabidopsis thaliana OX=3702 GN=At5g05960 PE=1 SV=1	False
Q8LC12	0.29	0.008631859	0.02806397	At4g01897	MEM	At4g01897 OS=Arabidopsis thaliana OX=3702 GN=At4g01897 PE=1 SV=1	True
Q8LC68	0.05	0.911872949	0.932965425	NRP2	SOL	NAP1-related protein 2 OS=Arabidopsis thaliana OX=3702 GN=NRP2 PE=1 SV=2	False
Q8LC83	0.15	0.557307538	0.641473407	RPS24B	SOL	40S ribosomal protein S24-2 OS=Arabidopsis thaliana OX=3702 GN=RPS24B PE=2 SV=2	False
Q8LC95	0.06	0.387603526	0.490988859	At5g25090	SOL	Early nodulin-like protein 3 OS=Arabidopsis thaliana OX=3702 GN=At5g25090 PE=2 SV=2	False
Q8LCA1	0.89	0.055396038	0.092281965	CURT1B	MEM	Protein CURVATURE THYLAKOID 1B, chloroplastic OS=Arabidopsis thaliana OX=3702 GN=CURT1B PE=1 SV=2	False
Q8LCE1	0.95	0.000190527	0.004864183	GLN1-2	MEM	Glutamine synthetase cytosolic isozyme 1-2 OS=Arabidopsis thaliana OX=3702 GN=GLN1-2 PE=1 SV=2	True
Q8LCL3	0.36	0.000378486	0.006511285	RPL27B	MEM	60S ribosomal protein L27-2 OS=Arabidopsis thaliana OX=3702 GN=RPL27B PE=2 SV=2	True
Q8LCP6	0.01	0.93659538	0.945446543	At1g75680	MEM	Endoglucanase 10 OS=Arabidopsis thaliana OX=3702 GN=At1g75680 PE=2 SV=2	False
Q8LCT2	-0.07	0.433608603	0.531996671	At3g55605	SOL	At3g55605 OS=Arabidopsis thaliana OX=3702 GN=At3g55605 PE=1 SV=1	False
Q8LCU7	-0.13	0.150736362	0.255269349	At3g45770	SOL	Enoyl-[acyl-carrier-protein] reductase, mitochondrial OS=Arabidopsis thaliana OX=3702 GN=At3g45770 PE=1 SV=1	False
Q8LCV1	-0.09	0.038082315	0.116971932	PLP3B	SOL	Thioredoxin domain-containing protein PLP3B OS=Arabidopsis thaliana OX=3702 GN=PLP3B PE=2 SV=1	False
Q8LCW9	1.48	4.26876e-05	0.003642269	RPP1A	MEM	60S acidic ribosomal protein P1-1 OS=Arabidopsis thaliana OX=3702 GN=RPP1A PE=3 SV=2	True
Q8LD03	-0.19	0.02681558	0.055172461	RPS7C	MEM	40S ribosomal protein S7-3 OS=Arabidopsis thaliana OX=3702 GN=RPS7C PE=1 SV=2	False
Q8LD27	0.16	0.24853386	0.31014169	PBA1	MEM	Proteasome subunit beta type-6 OS=Arabidopsis thaliana OX=3702 GN=PBA1 PE=1 SV=2	False
Q8LD49	-0.15	0.161704996	0.264792821	ATHX	SOL	Thioredoxin X, chloroplastic OS=Arabidopsis thaliana OX=3702 GN=ATHX PE=2 SV=2	False
Q8LD98	0.12	0.246768417	0.308228346	NHL6	MEM	NDR1/HIN1-like protein 6 OS=Arabidopsis thaliana OX=3702 GN=NHL6 PE=1 SV=1	False
Q8LDB7	0.52	0.013913862	0.036289345	At1g52540	MEM	Protein kinase superfamily protein OS=Arabidopsis thaliana OX=3702 GN=At1g52540 PE=1 SV=1	True
Q8LDC9	0.44	0.000724026	0.025005634	At1g23100	SOL	GroES-like family protein OS=Arabidopsis thaliana OX=3702 GN=At1g23100 PE=1 SV=1	True
Q8LDF2	0.63	0.075072224	0.166891529	MSJ1.9	SOL	2-nitropropane dioxygenase-like protein OS=Arabidopsis thaliana OX=3702 GN=MSJ1.9 PE=1 SV=1	False
Q8LDI5	-0.24	0.05928018	0.097382131	CXXS1	MEM	Thioredoxin-like protein CXXS1 OS=Arabidopsis thaliana OX=3702 GN=CXXS1 PE=2 SV=2	False
Q8LDL0	-0.09	0.303119497	0.366639267	HHL1	MEM	Protein HHL1, chloroplastic OS=Arabidopsis thaliana OX=3702 GN=HHL1 PE=1 SV=1	False
Q8LDL9	0.52	0.151407686	0.255823218	At1g29040	SOL	50S ribosomal protein L34 OS=Arabidopsis thaliana OX=3702 GN=At1g29040 PE=1 SV=1	False
Q8LDN2	-0.21	0.006329957	0.050732954	At3g09890	SOL	Ankyrin repeat family protein OS=Arabidopsis thaliana OX=3702 GN=At3g09890 PE=1 SV=1	False
Q8LDN8	0.32	0.015148908	0.075361272	UGE3	SOL	Bifunctional UDP-glucose 4-epimerase and UDP-xylose 4-epimerase 3 OS=Arabidopsis thaliana OX=3702 GN=UGE3 PE=1 SV=1	False
Q8LDP4	0.18	0.015879047	0.077021668	CYP19-4	SOL	Peptidyl-prolyl cis-trans isomerase CYP19-4 OS=Arabidopsis thaliana OX=3702 GN=CYP19-4 PE=1 SV=2	False
Q8LDQ4	0.35	0.088353742	0.132900211	TAP46	MEM	PP2A regulatory subunit TAP46 OS=Arabidopsis thaliana OX=3702 GN=TAP46 PE=1 SV=2	False
Q8LDQ8	0.15	0.855104001	0.888089145	At5g24165	SOL	At5g24165 OS=Arabidopsis thaliana OX=3702 GN=At5g24165 PE=1 SV=1	False
Q8LDU1	-0.3	0.042388603	0.122946803	At3g03890	SOL	AT3G03890 protein OS=Arabidopsis thaliana OX=3702 GN=At3g03890 PE=1 SV=1	False
Q8LDU4	-0.34	0.008522324	0.02787679	RCCR	MEM	Red chlorophyll catabolite reductase, chloroplastic OS=Arabidopsis thaliana OX=3702 GN=RCCR PE=1 SV=2	True
Q8LDV3	-0.46	0.010046669	0.030380022	At4g13200	MEM	Uncharacterized protein At4g13200, chloroplastic OS=Arabidopsis thaliana OX=3702 GN=At4g13200 PE=1 SV=2	True
Q8LDW8	-0.41	0.146277661	0.25017015	GLX2-4	SOL	Probable hydroxyacylglutathione hydrolase 2, chloroplastic OS=Arabidopsis thaliana OX=3702 GN=GLX2-4 PE=2 SV=1	False
Q8LE47	0.1	0.510558928	0.56926535	PPR336	MEM	Pentatricopeptide repeat-containing protein At1g61870, mitochondrial OS=Arabidopsis thaliana OX=3702 GN=PPR336 PE=2 SV=2	False
Q8LE52	-0.24	0.000436983	0.023403654	DHAR3	SOL	Glutathione S-transferase DHAR3, chloroplastic OS=Arabidopsis thaliana OX=3702 GN=DHAR3 PE=1 SV=1	True
Q8LE58	-0.04	0.690310865	0.754833941	CHMP1A	SOL	ESCRT-related protein CHMP1A OS=Arabidopsis thaliana OX=3702 GN=CHMP1A PE=1 SV=1	False
Q8LE63	-0.54	0.012628757	0.069155707	At4g11860	SOL	FAM63A-like protein (DUF544) OS=Arabidopsis thaliana OX=3702 GN=At4g11860 PE=1 SV=1	False
Q8LEG3	-0.16	0.042716838	0.123471164	MAP65-2	SOL	65-kDa microtubule-associated protein 2 OS=Arabidopsis thaliana OX=3702 GN=MAP65-2 PE=1 SV=1	False
Q8LEK2	-0.2	0.126698111	0.178178806	ECH	MEM	Golgi apparatus membrane protein-like protein ECHIDNA OS=Arabidopsis thaliana OX=3702 GN=ECH PE=1 SV=1	False
Q8LEM7	-0.11	0.16292706	0.217978861	CBL3	MEM	Calcineurin B-like protein 3 OS=Arabidopsis thaliana OX=3702 GN=CBL3 PE=1 SV=2	False
Q8LEQ0	3.79	4.59282e-05	0.003642269	RPP1C	MEM	60S acidic ribosomal protein P1-3 OS=Arabidopsis thaliana OX=3702 GN=RPP1C PE=1 SV=2	True
Q8LER3	0.43	0.013027103	0.070249929	XTH7	SOL	Probable xyloglucan endotransglucosylase/hydrolase protein 7 OS=Arabidopsis thaliana OX=3702 GN=XTH7 PE=2 SV=2	False
Q8LEU3	0.96	0.007968119	0.026855264	NOL	MEM	Chlorophyll(ide) b reductase NOL, chloroplastic OS=Arabidopsis thaliana OX=3702 GN=NOL PE=1 SV=1	True
Q8LEU9	0.11	0.223617581	0.284551305	At5g14105	MEM	At5g14105 OS=Arabidopsis thaliana OX=3702 GN=At5g14105 PE=1 SV=1	False
Q8LEV7	-1.14	0.00281122	0.014971155	PGL5	MEM	Probable 6-phosphogluconolactonase 5 OS=Arabidopsis thaliana OX=3702 GN=PGL5 PE=2 SV=2	True
Q8LEZ4	-0.74	4.75107e-05	0.003642269	NFD5	MEM	Protein NUCLEAR FUSION DEFECTIVE 5, mitochondrial OS=Arabidopsis thaliana OX=3702 GN=NFD5 PE=2 SV=1	True
Q8LEZ8	0.71	0.03656009	0.068466374	AAP19-1	MEM	AP-1 complex subunit sigma-1 OS=Arabidopsis thaliana OX=3702 GN=AAP19-1 PE=1 SV=1	False
Q8LF20	1.39	0.005996912	0.022957378	At2g25430	MEM	Putative clathrin assembly protein At2g25430 OS=Arabidopsis thaliana OX=3702 GN=At2g25430 PE=1 SV=2	True
Q8LF21	0.87	0.002486841	0.014221672	DRP1C	MEM	Phragmoplastin DRP1C OS=Arabidopsis thaliana OX=3702 GN=DRP1C PE=1 SV=2	True
Q8LF28	-0.26	0.015344409	0.075512785	At1g28680	SOL	Anthranilate N-hydroxycinnamoyl/benzoyltransferase, putative OS=Arabidopsis thaliana OX=3702 GN=At1g28680 PE=1 SV=1	False
Q8LF48	-0.15	0.201128394	0.2597757	KAT1	MEM	3-ketoacyl-CoA thiolase 1, peroxisomal OS=Arabidopsis thaliana OX=3702 GN=KAT1 PE=1 SV=2	False
Q8LF80	0.24	0.094924872	0.140759029	CDKB2-1	MEM	Cyclin-dependent kinase B2-1 OS=Arabidopsis thaliana OX=3702 GN=CDKB2-1 PE=1 SV=2	False
Q8LF99	-0.21	0.380238359	0.484158883	XTH6	SOL	Probable xyloglucan endotransglucosylase/hydrolase protein 6 OS=Arabidopsis thaliana OX=3702 GN=XTH6 PE=2 SV=2	False
Q8LFC0	0.14	0.078627472	0.171192718	IDH1	SOL	Isocitrate dehydrogenase [NAD] regulatory subunit 1, mitochondrial OS=Arabidopsis thaliana OX=3702 GN=IDH1 PE=1 SV=2	False
Q8LFJ5	0.05	0.115866578	0.16588324	TRM112A	MEM	Multifunctional methyltransferase subunit TRM112 homolog A OS=Arabidopsis thaliana OX=3702 GN=TRM112A PE=1 SV=1	False
Q8LFL5	-1.02	6.28457e-05	0.003683656	At1g49975	MEM	At1g49975 OS=Arabidopsis thaliana OX=3702 GN=At1g49975 PE=1 SV=1	True
Q8LFQ6	0.46	0.116666107	0.218044729	GRXC4	SOL	Glutaredoxin-C4 OS=Arabidopsis thaliana OX=3702 GN=GRXC4 PE=2 SV=2	False
Q8LFS6	0.56	0.029577247	0.058756168	BRN1	MEM	RNA-binding protein BRN1 OS=Arabidopsis thaliana OX=3702 GN=BRN1 PE=2 SV=1	False
Q8LG05	0.28	0.045714501	0.080307156	STKL1	MEM	Transcription factor STKL1 OS=Arabidopsis thaliana OX=3702 GN=STKL1 PE=1 SV=1	False
Q8LG50	-0.04	0.78653436	0.820922743	LPAT2	MEM	1-acyl-sn-glycerol-3-phosphate acyltransferase 2 OS=Arabidopsis thaliana OX=3702 GN=LPAT2 PE=1 SV=2	False
Q8LG70	-0.35	0.014569701	0.037093551	PGL2	MEM	Probable 6-phosphogluconolactonase 2 OS=Arabidopsis thaliana OX=3702 GN=PGL2 PE=2 SV=2	True
Q8LG77	1.49	0.000108806	0.004282644	IDH6	MEM	Isocitrate dehydrogenase [NAD] catalytic subunit 6, mitochondrial OS=Arabidopsis thaliana OX=3702 GN=IDH6 PE=1 SV=2	True
Q8LG89	0.42	0.123706013	0.225712863	ARPN	SOL	Basic blue protein OS=Arabidopsis thaliana OX=3702 GN=ARPN PE=2 SV=2	False
Q8LGC6	-0.15	0.064839785	0.155126994	At1g33040	SOL	Nascent polypeptide-associated complex subunit alpha-like protein 5 OS=Arabidopsis thaliana OX=3702 GN=At1g33040 PE=2 SV=2	False
Q8LGE7	-0.85	0.010599141	0.0310054	At5g18800	MEM	NADH dehydrogenase [ubiquinone] 1 alpha subcomplex subunit 8-B OS=Arabidopsis thaliana OX=3702 GN=At5g18800 PE=1 SV=1	True
Q8LGG0	0.93	0.001054153	0.00976055	FKBP12	MEM	Peptidyl-prolyl cis-trans isomerase FKBP12 OS=Arabidopsis thaliana OX=3702 GN=FKBP12 PE=1 SV=2	True
Q8LGG8	0.2	0.052054743	0.136012235	At3g01520	SOL	Universal stress protein A-like protein OS=Arabidopsis thaliana OX=3702 GN=At3g01520 PE=1 SV=2	False
Q8LGH4	-0.62	0.006345435	0.023767888	CUL4	MEM	Cullin-4 OS=Arabidopsis thaliana OX=3702 GN=CUL4 PE=1 SV=1	True
Q8LGI2	0.23	0.083027932	0.126805337	At5g39410	MEM	Probable mitochondrial saccharopine dehydrogenase-like oxidoreductase At5g39410 OS=Arabidopsis thaliana OX=3702 GN=At5g39410 PE=1 SV=2	False
Q8LKS5	0.87	0.005218042	0.021129093	LACS7	MEM	Long chain acyl-CoA synthetase 7, peroxisomal OS=Arabidopsis thaliana OX=3702 GN=LACS7 PE=1 SV=2	True
Q8LLD4	-0.13	0.013718838	0.072271062	REP	SOL	Rab escort protein 1 OS=Arabidopsis thaliana OX=3702 GN=REP PE=1 SV=2	False
Q8LPJ3	0.46	0.02408421	0.05120443	At5g13980	MEM	Probable alpha-mannosidase At5g13980 OS=Arabidopsis thaliana OX=3702 GN=At5g13980 PE=2 SV=1	False
Q8LPJ4	0.17	0.005406087	0.047251628	ABCE2	SOL	ABC transporter E family member 2 OS=Arabidopsis thaliana OX=3702 GN=ABCE2 PE=2 SV=1	True
Q8LPJ5	0.99	0.013582734	0.035838067	At5g14590	MEM	Isocitrate dehydrogenase [NADP], chloroplastic/mitochondrial OS=Arabidopsis thaliana OX=3702 GN=At5g14590 PE=1 SV=1	True
Q8LPJ7	0.46	0.068218338	0.158763066	RPS26B	SOL	40S ribosomal protein S26-2 OS=Arabidopsis thaliana OX=3702 GN=RPS26B PE=2 SV=2	False
Q8LPK2	-0.33	0.075243307	0.117223144	ABCB2	MEM	ABC transporter B family member 2 OS=Arabidopsis thaliana OX=3702 GN=ABCB2 PE=1 SV=3	False
Q8LPK4	-0.73	0.036424902	0.114208205	ALPHAC-AD	SOL	AP-2 complex subunit alpha-2 OS=Arabidopsis thaliana OX=3702 GN=ALPHAC-AD PE=1 SV=1	False
Q8LPL3	-0.47	0.024309031	0.09297519	AAO	SOL	L-ascorbate oxidase OS=Arabidopsis thaliana OX=3702 GN=AAO PE=1 SV=1	False
Q8LPL6	0.0	0.783759544	0.818276311	ALPHA-ADR	MEM	AP-2 complex subunit alpha-1 OS=Arabidopsis thaliana OX=3702 GN=ALPHA-ADR PE=1 SV=1	False
Q8LPR8	0.3	0.216520964	0.276622498	TIC100	MEM	Protein TIC 100 OS=Arabidopsis thaliana OX=3702 GN=TIC100 PE=1 SV=1	False
Q8LPR9	-0.62	0.003315248	0.041336998	TIC110	SOL	Protein TIC110, chloroplastic OS=Arabidopsis thaliana OX=3702 GN=TIC110 PE=1 SV=1	True
Q8LPS1	-0.07	0.212406745	0.318957262	LACS6	SOL	Long chain acyl-CoA synthetase 6, peroxisomal OS=Arabidopsis thaliana OX=3702 GN=LACS6 PE=1 SV=1	False
Q8LPS6	-0.18	0.017943248	0.042075299	At1g02150	MEM	Pentatricopeptide repeat-containing protein At1g02150 OS=Arabidopsis thaliana OX=3702 GN=At1g02150 PE=2 SV=2	True
Q8LPS9	0.43	0.140534188	0.244616359	sks17	SOL	AT5g66920/MUD21_18 OS=Arabidopsis thaliana OX=3702 GN=sks17 PE=1 SV=1	False
Q8RU07	-0.03	0.252374077	0.360951431	EMB3147	SOL	[Acyl-carrier-protein] S-malonyltransferase OS=Arabidopsis thaliana OX=3702 GN=EMB3147 PE=1 SV=1	False
Q8RUC6	0.37	0.432638087	0.53111238	RUB2	SOL	Ubiquitin-NEDD8-like protein RUB2 OS=Arabidopsis thaliana OX=3702 GN=RUB2 PE=1 SV=3	False
Q8RUD6	0.2	0.451003646	0.511868208	HAC1	MEM	Protein HIGH ARSENIC CONTENT 1, mitochondrial OS=Arabidopsis thaliana OX=3702 GN=HAC1 PE=1 SV=1	False
Q8RUF8	0.19	0.138013627	0.242221813	NLP3	SOL	Omega-amidase, chloroplastic OS=Arabidopsis thaliana OX=3702 GN=NLP3 PE=1 SV=1	False
Q8RUX8	0.02	0.535958706	0.62356492	At2g44525	SOL	NADH dehydrogenase [ubiquinone] 1 alpha subcomplex assembly factor 3 OS=Arabidopsis thaliana OX=3702 GN=At2g44525 PE=1 SV=1	False
Q8RV79	0.4	0.034579124	0.065633945	SOT11	MEM	Cytosolic sulfotransferase 11 OS=Arabidopsis thaliana OX=3702 GN=SOT11 PE=2 SV=1	False
Q8RW90	0.39	0.145303243	0.24936044	FAH	SOL	Fumarylacetoacetase OS=Arabidopsis thaliana OX=3702 GN=FAH PE=1 SV=1	False
Q8RW97	-0.13	0.133074961	0.185518394	SAC5	MEM	Phosphoinositide phosphatase SAC5 OS=Arabidopsis thaliana OX=3702 GN=SAC5 PE=2 SV=1	False
Q8RWC3	-0.33	0.015477674	0.038561402	At3g19340	MEM	Aminopeptidase (DUF3754) OS=Arabidopsis thaliana OX=3702 GN=At3g19340 PE=1 SV=1	True
Q8RWF2	-0.92	0.117915565	0.168246483	At4g17540	MEM	Dynamin OS=Arabidopsis thaliana OX=3702 GN=At4g17540 PE=1 SV=1	False
Q8RWG3	-0.95	0.005878451	0.022733434	RER6	MEM	Protein RETICULATA-RELATED 6, chloroplastic OS=Arabidopsis thaliana OX=3702 GN=RER6 PE=2 SV=1	True
Q8RWG8	0.23	0.007308298	0.02571602	RANBP1B	MEM	Ran-binding protein 1 homolog b OS=Arabidopsis thaliana OX=3702 GN=RANBP1B PE=1 SV=2	True
Q8RWH3	-0.86	0.003167449	0.016058432	YAK1	MEM	Dual specificity protein kinase YAK1 homolog OS=Arabidopsis thaliana OX=3702 GN=YAK1 PE=1 SV=1	True
Q8RWI0	0.14	0.21652341	0.276622498	At1g54520	MEM	Myelin-associated oligodendrocyte basic protein OS=Arabidopsis thaliana OX=3702 GN=At1g54520 PE=1 SV=1	False
Q8RWI2	0.1	0.550365444	0.606491885	At5g07910	MEM	Leucine-rich repeat (LRR) family protein OS=Arabidopsis thaliana OX=3702 GN=At5g07910 PE=1 SV=1	False
Q8RWJ5	-0.14	0.524913439	0.582519774	At1g29310	MEM	SecY protein transport family protein OS=Arabidopsis thaliana OX=3702 GN=At1g29310 PE=2 SV=1	False
Q8RWK6	0.17	0.096500949	0.193285708	At3g06770	SOL	Pectin lyase-like superfamily protein OS=Arabidopsis thaliana OX=3702 GN=At3g06770 PE=1 SV=1	False
Q8RWL2	-0.01	0.953332003	0.959631098	CPK29	MEM	Calcium-dependent protein kinase 29 OS=Arabidopsis thaliana OX=3702 GN=CPK29 PE=2 SV=2	False
Q8RWL6	-0.56	0.018140414	0.042268728	STY17	MEM	Serine/threonine-protein kinase STY17 OS=Arabidopsis thaliana OX=3702 GN=STY17 PE=1 SV=1	True
Q8RWN4	-0.75	0.054531778	0.13963668	At1g75210	SOL	Cytosolic IMP-GMP specific 5-nucleotidase, putative OS=Arabidopsis thaliana OX=3702 GN=At1g75210 PE=1 SV=1	False
Q8RWN5	0.35	0.045199341	0.079552551	RZ1C	MEM	Glycine-rich RNA-binding protein RZ1C OS=Arabidopsis thaliana OX=3702 GN=RZ1C PE=1 SV=1	False
Q8RWN9	-0.1	0.244841748	0.353011065	At3g13930	SOL	Dihydrolipoyllysine-residue acetyltransferase component 2 of pyruvate dehydrogenase complex, mitochondrial OS=Arabidopsis thaliana OX=3702 GN=At3g13930 PE=1 SV=2	False
Q8RWP0	-0.11	0.059020894	0.145854427	At3g20790	SOL	NAD(P)-binding Rossmann-fold superfamily protein OS=Arabidopsis thaliana OX=3702 GN=At3g20790 PE=1 SV=1	False
Q8RWQ1	-0.16	0.132214826	0.236391686	At2g44710	SOL	At2g44720/F16B22.21 OS=Arabidopsis thaliana OX=3702 GN=At2g44710 PE=1 SV=1	False
Q8RWR9	-0.07	0.392117263	0.49417321	MJC20.18	SOL	Uncharacterized protein At5g42070 OS=Arabidopsis thaliana OX=3702 GN=MJC20.18 PE=1 SV=1	False
Q8RWT8	-0.12	0.035537995	0.112761272	OVA7	SOL	Serine--tRNA ligase, chloroplastic/mitochondrial OS=Arabidopsis thaliana OX=3702 GN=OVA7 PE=2 SV=1	False
Q8RWU1	-0.03	0.795811939	0.840913522	At2g23370	SOL	Cyclin delta-3 OS=Arabidopsis thaliana OX=3702 GN=At2g23370 PE=1 SV=1	False
Q8RWU7	0.71	0.008752361	0.028283932	PUX4	MEM	Plant UBX domain-containing protein 4 OS=Arabidopsis thaliana OX=3702 GN=PUX4 PE=1 SV=1	True
Q8RWU9	-0.19	0.427329053	0.488518747	At4g24100	MEM	Protein kinase superfamily protein OS=Arabidopsis thaliana OX=3702 GN=At4g24100 PE=1 SV=1	False
Q8RWV9	-0.66	0.001424727	0.010906084	HDC1	MEM	Uncharacterized protein At5g08450 OS=Arabidopsis thaliana OX=3702 GN=HDC1 PE=1 SV=1	True
Q8RWX4	-0.57	0.022338557	0.048334462	At4g32250	MEM	AT4g32250/F10M6_110 OS=Arabidopsis thaliana OX=3702 GN=At4g32250 PE=1 SV=1	True
Q8RWY3	-0.6	0.043051693	0.076614205	CHR11	MEM	ISWI chromatin-remodeling complex ATPase CHR11 OS=Arabidopsis thaliana OX=3702 GN=CHR11 PE=1 SV=4	False
Q8RWY6	-0.56	0.023743778	0.091657149	CLASP	SOL	CLIP-associated protein OS=Arabidopsis thaliana OX=3702 GN=CLASP PE=1 SV=1	False
Q8RWY7	-1.29	0.001253191	0.010275314	CYP95	MEM	Peptidyl-prolyl cis-trans isomerase CYP95 OS=Arabidopsis thaliana OX=3702 GN=CYP95 PE=1 SV=2	True
Q8RWZ3	-0.07	0.040240912	0.119707853	IBR3	SOL	Probable acyl-CoA dehydrogenase IBR3 OS=Arabidopsis thaliana OX=3702 GN=IBR3 PE=1 SV=1	False
Q8RWZ5	-0.84	0.00058716	0.007794269	SD25	MEM	G-type lectin S-receptor-like serine/threonine-protein kinase SD2-5 OS=Arabidopsis thaliana OX=3702 GN=SD25 PE=1 SV=1	True
Q8RWZ7	-1.19	0.002833775	0.015022403	VHA-a1	MEM	V-type proton ATPase subunit a1 OS=Arabidopsis thaliana OX=3702 GN=VHA-a1 PE=2 SV=1	True
Q8RX28	-0.26	0.09201454	0.187708423	HDA5	SOL	Histone deacetylase 5 OS=Arabidopsis thaliana OX=3702 GN=HDA5 PE=1 SV=1	False
Q8RX56	0.01	0.776877933	0.812186594	PATROL1	MEM	Protein unc-13 homolog OS=Arabidopsis thaliana OX=3702 GN=PATROL1 PE=2 SV=1	False
Q8RX60	0.48	0.002193616	0.036963183	At1g79720	SOL	At1g79720 OS=Arabidopsis thaliana OX=3702 GN=At1g79720 PE=1 SV=1	True
Q8RX69	-0.39	0.018364371	0.042611761	At1g15060	MEM	Alpha/beta hydrolase family protein OS=Arabidopsis thaliana OX=3702 GN=At1g15060 PE=1 SV=1	True
Q8RX72	0.75	0.023147949	0.090876528	LAP3	SOL	Leucine aminopeptidase 3, chloroplastic OS=Arabidopsis thaliana OX=3702 GN=LAP3 PE=2 SV=1	False
Q8RX79	-0.36	0.006410072	0.050732954	APG3	SOL	Peptide chain release factor APG3, chloroplastic OS=Arabidopsis thaliana OX=3702 GN=APG3 PE=2 SV=1	False
Q8RX86	0.17	0.298667156	0.407602504	AGAL2	SOL	Alpha-galactosidase 2 OS=Arabidopsis thaliana OX=3702 GN=AGAL2 PE=1 SV=1	False
Q8RX87	0.32	0.001035951	0.00976055	RFS6	MEM	Probable galactinol--sucrose galactosyltransferase 6 OS=Arabidopsis thaliana OX=3702 GN=RFS6 PE=2 SV=2	True
Q8RX89	0.25	0.36186561	0.424383785	At5g23390	MEM	AT5g23390/T32G24_2 OS=Arabidopsis thaliana OX=3702 GN=At5g23390 PE=1 SV=1	False
Q8RXD5	-1.07	0.03019545	0.059499232	KTI4	MEM	Kunitz trypsin inhibitor 4 OS=Arabidopsis thaliana OX=3702 GN=KTI4 PE=2 SV=1	False
Q8RXD9	-0.34	0.031556706	0.061231929	DPE2	MEM	4-alpha-glucanotransferase DPE2 OS=Arabidopsis thaliana OX=3702 GN=DPE2 PE=1 SV=1	False
Q8RXE9	-0.24	0.256555959	0.318654709	OVA4	MEM	Tryptophan--tRNA ligase, chloroplastic/mitochondrial OS=Arabidopsis thaliana OX=3702 GN=OVA4 PE=1 SV=1	False
Q8RXF8	-0.05	0.399812108	0.463215798	MIRO1	MEM	Mitochondrial Rho GTPase 1 OS=Arabidopsis thaliana OX=3702 GN=MIRO1 PE=1 SV=1	False
Q8RXG3	-0.73	0.007838832	0.026673411	MKK5	MEM	Mitogen-activated protein kinase kinase 5 OS=Arabidopsis thaliana OX=3702 GN=MKK5 PE=1 SV=2	True
Q8RXH2	-0.76	0.028831644	0.057697234	NUP85	MEM	Nuclear pore complex protein NUP85 OS=Arabidopsis thaliana OX=3702 GN=NUP85 PE=1 SV=1	False
Q8RXI0	-0.8	0.007543859	0.026148855	At5g16930	MEM	AAA-type ATPase family protein OS=Arabidopsis thaliana OX=3702 GN=At5g16930 PE=1 SV=1	True
Q8RXK6	-0.61	0.150718728	0.255269349	RH8	SOL	DEAD-box ATP-dependent RNA helicase 8 OS=Arabidopsis thaliana OX=3702 GN=RH8 PE=2 SV=1	False
Q8RXK8	-0.47	0.006819515	0.024846421	OVA2	MEM	Isoleucine--tRNA ligase, chloroplastic/mitochondrial OS=Arabidopsis thaliana OX=3702 GN=OVA2 PE=2 SV=1	True
Q8RXM5	-0.32	0.053050849	0.089392845	MQL5.28	MEM	Altered inheritance of mitochondria protein 24, mitochondrial OS=Arabidopsis thaliana OX=3702 GN=MQL5.28 PE=1 SV=1	False
Q8RXN0	-0.35	0.028192984	0.05681432	ABCG11	MEM	ABC transporter G family member 11 OS=Arabidopsis thaliana OX=3702 GN=ABCG11 PE=1 SV=1	False
Q8RXN1	-0.47	0.000835404	0.009043043	TPR3	MEM	Tetratricopeptide repeat (TPR)-like superfamily protein OS=Arabidopsis thaliana OX=3702 GN=TPR3 PE=1 SV=1	True
Q8RXN6	-0.38	0.039303166	0.072154153	PRP31	MEM	U4/U6 small nuclear ribonucleoprotein Prp31 homolog OS=Arabidopsis thaliana OX=3702 GN=PRP31 PE=1 SV=1	False
Q8RXN7	-1.09	0.001716887	0.011996267	At2g39420	MEM	Alpha/beta-Hydrolases superfamily protein OS=Arabidopsis thaliana OX=3702 GN=At2g39420 PE=1 SV=1	True
Q8RXP6	-0.53	0.022369353	0.048388827	WAV2	MEM	Alpha/beta hydrolase domain-containing protein WAV2 OS=Arabidopsis thaliana OX=3702 GN=WAV2 PE=2 SV=1	True
Q8RXQ4	-0.18	0.22321511	0.329763715	At1g71840	SOL	Transducin family protein / WD-40 repeat family protein OS=Arabidopsis thaliana OX=3702 GN=At1g71840 PE=1 SV=1	False
Q8RXU5	0.25	0.108654218	0.157474056	RPL37AC	MEM	60S ribosomal protein L37a-2 OS=Arabidopsis thaliana OX=3702 GN=RPL37AC PE=3 SV=1	False
Q8RXZ8	0.21	0.063585749	0.102872974	ACIP1	MEM	RAB6-interacting golgin OS=Arabidopsis thaliana OX=3702 GN=ACIP1 PE=1 SV=1	False
Q8RY08	-0.71	0.020912043	0.086577248	MNC17.12	SOL	AT5g59210/mnc17_100 OS=Arabidopsis thaliana OX=3702 GN=MNC17.12 PE=1 SV=1	False
Q8RY09	-0.19	0.143140579	0.2469854	At3g08780	SOL	AT3g08780/F17O14_25 OS=Arabidopsis thaliana OX=3702 GN=At3g08780 PE=1 SV=1	False
Q8RY11	-0.53	0.008679478	0.028123567	APP2	MEM	Aminopeptidase P2 OS=Arabidopsis thaliana OX=3702 GN=APP2 PE=2 SV=1	True
Q8RY23	0.24	0.063772167	0.153555712	NSH3	SOL	AT5g18860/F17K4_110 OS=Arabidopsis thaliana OX=3702 GN=NSH3 PE=1 SV=1	False
Q8RY25	0.27	0.219701767	0.280067013	NUP98A	MEM	Nuclear pore complex protein NUP98A OS=Arabidopsis thaliana OX=3702 GN=NUP98A PE=1 SV=1	False
Q8RY46	-0.92	0.012956001	0.034817847	ABCB26	MEM	ABC transporter B family member 26, chloroplastic OS=Arabidopsis thaliana OX=3702 GN=ABCB26 PE=1 SV=1	True
Q8RY73	-0.34	0.690331243	0.754833941	DXO1	SOL	NAD-capped RNA hydrolase DXO1 OS=Arabidopsis thaliana OX=3702 GN=DXO1 PE=1 SV=1	False
Q8RY94	-0.85	0.000125295	0.016928807	At4g18440	SOL	Adenylosuccinate lyase OS=Arabidopsis thaliana OX=3702 GN=At4g18440 PE=1 SV=1	True
Q8RYC3	-0.03	0.617905162	0.694269684	At2g33845	SOL	Expressed protein OS=Arabidopsis thaliana OX=3702 GN=At2g33845 PE=1 SV=1	False
Q8RYE9	-0.16	0.03792955	0.116937417	At2g33255	SOL	Haloacid dehalogenase-like hydrolase domain-containing protein At2g33255 OS=Arabidopsis thaliana OX=3702 GN=At2g33255 PE=1 SV=1	False
Q8S2T0	-0.05	0.242367662	0.350532132	GRIP	SOL	Protein GRIP OS=Arabidopsis thaliana OX=3702 GN=GRIP PE=1 SV=2	False
Q8S3U9	-0.18	0.275846392	0.339348758	SEC5A	MEM	Exocyst complex component SEC5A OS=Arabidopsis thaliana OX=3702 GN=SEC5A PE=1 SV=1	False
Q8S4F6	-0.38	0.030820423	0.060246991	SQD2	MEM	Sulfoquinovosyl transferase SQD2 OS=Arabidopsis thaliana OX=3702 GN=SQD2 PE=1 SV=1	False
Q8S4Y1	0.93	0.00049238	0.007286124	AAT1	MEM	Acetyl-CoA acetyltransferase, cytosolic 1 OS=Arabidopsis thaliana OX=3702 GN=AAT1 PE=1 SV=1	True
Q8S528	0.34	7.62525e-05	0.016285805	ALDH2B7	SOL	Aldehyde dehydrogenase family 2 member B7, mitochondrial OS=Arabidopsis thaliana OX=3702 GN=ALDH2B7 PE=1 SV=2	True
Q8S8F8	0.28	0.039499962	0.072458182	GEM	MEM	GLABRA2 expression modulator OS=Arabidopsis thaliana OX=3702 GN=GEM PE=1 SV=1	False
Q8S8K0	-1.19	0.00178912	0.012200709	At2g17972	MEM	Expressed protein OS=Arabidopsis thaliana OX=3702 GN=At2g17972 PE=1 SV=1	True
Q8S8N9	-0.16	0.12108562	0.171526423	GC1	MEM	Golgin candidate 1 OS=Arabidopsis thaliana OX=3702 GN=GC1 PE=2 SV=2	False
Q8S8Q6	0.1	0.204903153	0.263917533	TET8	MEM	Tetraspanin-8 OS=Arabidopsis thaliana OX=3702 GN=TET8 PE=2 SV=1	False
Q8S8R1	1.66	0.019034289	0.083349324	At2g23120	SOL	Expressed protein OS=Arabidopsis thaliana OX=3702 GN=At2g23120 PE=1 SV=1	False
Q8S8T4	0.0	0.702311163	0.746321056	UXS4	MEM	UDP-glucuronic acid decarboxylase 4 OS=Arabidopsis thaliana OX=3702 GN=UXS4 PE=2 SV=1	False
Q8S926	-0.11	0.332754384	0.43795569	ATG8E	SOL	Autophagy-related protein 8e OS=Arabidopsis thaliana OX=3702 GN=ATG8E PE=1 SV=2	False
Q8S944	-0.51	0.008453204	0.027743699	DRP3A	MEM	Dynamin-related protein 3A OS=Arabidopsis thaliana OX=3702 GN=DRP3A PE=1 SV=2	True
Q8S9J2	-0.15	0.0962638	0.193125351	At2g33840	SOL	Tyrosine--tRNA ligase 1, cytoplasmic OS=Arabidopsis thaliana OX=3702 GN=At2g33840 PE=2 SV=1	False
Q8S9J8	-0.59	0.055821768	0.092849775	At4g32285	MEM	Probable clathrin assembly protein At4g32285 OS=Arabidopsis thaliana OX=3702 GN=At4g32285 PE=1 SV=2	False
Q8S9K3	-0.28	0.21261105	0.272148001	VAR3	MEM	Zinc finger protein VAR3, chloroplastic OS=Arabidopsis thaliana OX=3702 GN=VAR3 PE=1 SV=2	False
Q8S9K4	0.49	0.028560414	0.057349163	At5g11850	MEM	AT5g11850/F14F18_20 OS=Arabidopsis thaliana OX=3702 GN=At5g11850 PE=1 SV=1	False
Q8S9K8	0.21	0.095527067	0.141497537	MES10	MEM	Methylesterase 10 OS=Arabidopsis thaliana OX=3702 GN=MES10 PE=2 SV=1	False
Q8S9L5	-0.23	0.003375569	0.041411565	TIG	SOL	Trigger factor-like protein TIG, Chloroplastic OS=Arabidopsis thaliana OX=3702 GN=TIG PE=1 SV=1	True
Q8S9M1	-0.37	0.15194239	0.25614426	PAP13	SOL	Probable plastid-lipid-associated protein 13, chloroplastic OS=Arabidopsis thaliana OX=3702 GN=PAP13 PE=1 SV=2	False
Q8SAB7	0.17	0.396464981	0.460198485	SPK1	MEM	Guanine nucleotide exchange factor SPIKE 1 OS=Arabidopsis thaliana OX=3702 GN=SPK1 PE=1 SV=1	False
Q8VWF6	-0.39	0.033170758	0.063544805	SSL3	MEM	Protein STRICTOSIDINE SYNTHASE-LIKE 3 OS=Arabidopsis thaliana OX=3702 GN=SSL3 PE=2 SV=1	False
Q8VWG7	-0.02	0.651928733	0.721981434	TDX	SOL	TPR repeat-containing thioredoxin TDX OS=Arabidopsis thaliana OX=3702 GN=TDX PE=1 SV=1	False
Q8VX13	0.68	0.000305394	0.006036747	PDIL1-3	MEM	Protein disulfide isomerase-like 1-3 OS=Arabidopsis thaliana OX=3702 GN=PDIL1-3 PE=2 SV=1	True
Q8VXV0	-0.01	0.512706976	0.605038199	At3g52570	SOL	AT3g52570/F22O6_50 OS=Arabidopsis thaliana OX=3702 GN=At3g52570 PE=1 SV=1	False
Q8VXX4	-0.23	0.082230897	0.125810294	RFC3	MEM	Replication factor C subunit 3 OS=Arabidopsis thaliana OX=3702 GN=RFC3 PE=2 SV=1	False
Q8VXY0	-0.72	0.00122636	0.010275314	At2g36145	MEM	Expressed protein OS=Arabidopsis thaliana OX=3702 GN=At2g36145 PE=1 SV=1	True
Q8VXY9	-0.16	0.00234544	0.013830059	UAH	MEM	Ureidoglycolate hydrolase OS=Arabidopsis thaliana OX=3702 GN=UAH PE=1 SV=1	True
Q8VXZ0	-0.28	0.11307827	0.214139813	NUDT20	SOL	Nudix hydrolase 20, chloroplastic OS=Arabidopsis thaliana OX=3702 GN=NUDT20 PE=2 SV=1	False
Q8VXZ5	-0.77	0.015729547	0.038824617	XEG113	MEM	Arabinosyltransferase XEG113 OS=Arabidopsis thaliana OX=3702 GN=XEG113 PE=2 SV=1	True
Q8VXZ7	0.61	0.081284011	0.12458722	AGAL3	MEM	Alpha-galactosidase 3 OS=Arabidopsis thaliana OX=3702 GN=AGAL3 PE=1 SV=1	False
Q8VY01	-0.27	0.000647416	0.024468046	SCPL46	SOL	Serine carboxypeptidase-like 46 OS=Arabidopsis thaliana OX=3702 GN=SCPL46 PE=2 SV=1	True
Q8VY05	-1.25	0.000390907	0.006592928	SWI3D	MEM	SWI/SNF complex subunit SWI3D OS=Arabidopsis thaliana OX=3702 GN=SWI3D PE=1 SV=3	True
Q8VY06	-0.43	0.02193305	0.04773237	PREP2	MEM	Presequence protease 2, chloroplastic/mitochondrial OS=Arabidopsis thaliana OX=3702 GN=PREP2 PE=1 SV=1	True
Q8VY07	0.58	0.012852528	0.069984194	EPSIN1	SOL	Clathrin interactor EPSIN 1 OS=Arabidopsis thaliana OX=3702 GN=EPSIN1 PE=1 SV=1	False
Q8VY12	0.1	0.373020078	0.477422012	MJB21.9	SOL	Glucan endo-1,3-beta-D-glucosidase OS=Arabidopsis thaliana OX=3702 GN=MJB21.9 PE=1 SV=1	False
Q8VY22	0.45	0.00131265	0.031465493	TBL38	SOL	Protein trichome birefringence-like 38 OS=Arabidopsis thaliana OX=3702 GN=TBL38 PE=2 SV=1	True
Q8VY49	-1.43	0.001605421	0.011526611	LCV1	MEM	Protein LIKE COV 1 OS=Arabidopsis thaliana OX=3702 GN=LCV1 PE=2 SV=1	True
Q8VY52	-0.04	0.955300721	0.96416945	PPD2	SOL	PsbP domain-containing protein 2, chloroplastic OS=Arabidopsis thaliana OX=3702 GN=PPD2 PE=1 SV=1	False
Q8VY57	-0.43	0.172642805	0.276667821	ARL8A	SOL	ADP-ribosylation factor-like protein 8a OS=Arabidopsis thaliana OX=3702 GN=ARL8A PE=2 SV=1	False
Q8VY58	-0.29	0.045071384	0.127606206	At5g17070	SOL	Serine/threonine-protein phosphatase 4 regulatory subunit-like protein OS=Arabidopsis thaliana OX=3702 GN=At5g17070 PE=1 SV=1	False
Q8VY70	-0.46	0.002743285	0.03962696	At1g62780	SOL	Dimethylallyl, adenosine tRNA methylthiotransferase OS=Arabidopsis thaliana OX=3702 GN=At1g62780 PE=1 SV=1	True
Q8VY78	0.03	0.614277289	0.690992209	SAE1A	SOL	SUMO-activating enzyme subunit 1A OS=Arabidopsis thaliana OX=3702 GN=SAE1A PE=1 SV=1	False
Q8VY84	-0.24	0.150934187	0.255487915	UMK1	SOL	Probable UMP-CMP kinase 1 OS=Arabidopsis thaliana OX=3702 GN=UMK1 PE=2 SV=1	False
Q8VY88	-0.19	0.423337486	0.523223821	LTD	SOL	Protein LHCP TRANSLOCATION DEFECT OS=Arabidopsis thaliana OX=3702 GN=LTD PE=1 SV=1	False
Q8VY92	-1.35	0.015196739	0.038075841	At1g69460	MEM	Transmembrane emp24 domain-containing protein p24delta10 OS=Arabidopsis thaliana OX=3702 GN=At1g69460 PE=1 SV=1	True
Q8VYA5	-0.96	0.000487668	0.007282537	RS2Z33	MEM	Serine/arginine-rich splicing factor RS2Z33 OS=Arabidopsis thaliana OX=3702 GN=RS2Z33 PE=1 SV=1	True
Q8VYB7	-0.19	0.093166811	0.138483554	RGTA1	MEM	Geranylgeranyl transferase type-2 subunit alpha 1 OS=Arabidopsis thaliana OX=3702 GN=RGTA1 PE=1 SV=1	False
Q8VYC9	0.35	0.127098861	0.178688307	At1g16210	MEM	Coiled-coil protein OS=Arabidopsis thaliana OX=3702 GN=At1g16210 PE=1 SV=1	False
Q8VYE2	-0.08	0.367712226	0.430479934	TIM50	MEM	Mitochondrial import inner membrane translocase subunit TIM50 OS=Arabidopsis thaliana OX=3702 GN=TIM50 PE=1 SV=1	False
Q8VYF1	0.69	0.041939123	0.075428735	RPL15B	MEM	60S ribosomal protein L15-2 OS=Arabidopsis thaliana OX=3702 GN=RPL15B PE=2 SV=1	False
Q8VYF2	0.29	0.002395325	0.013903657	At4g15790	MEM	Uncharacterized protein At4g15790 OS=Arabidopsis thaliana OX=3702 GN=At4g15790 PE=1 SV=1	True
Q8VYG2	-0.36	0.160997894	0.264100519	GALAK	SOL	Galacturonokinase OS=Arabidopsis thaliana OX=3702 GN=GALAK PE=1 SV=1	False
Q8VYG9	1.37	0.000224848	0.005170089	PIRL9	MEM	Plant intracellular Ras-group-related LRR protein 9 OS=Arabidopsis thaliana OX=3702 GN=PIRL9 PE=2 SV=1	True
Q8VYI0	0.51	0.011361511	0.065749293	LSM8	SOL	Sm-like protein LSM8 OS=Arabidopsis thaliana OX=3702 GN=LSM8 PE=1 SV=1	False
Q8VYI3	-0.11	0.271935852	0.38098705	ECH2	SOL	Enoyl-CoA hydratase 2, peroxisomal OS=Arabidopsis thaliana OX=3702 GN=ECH2 PE=1 SV=1	False
Q8VYI4	0.36	0.019393259	0.08385338	At1g14810	SOL	Aspartate-semialdehyde dehydrogenase OS=Arabidopsis thaliana OX=3702 GN=At1g14810 PE=1 SV=1	False
Q8VYI9	1.16	0.002759945	0.039669541	LTPG31	SOL	Non-specific lipid transfer protein GPI-anchored 31 OS=Arabidopsis thaliana OX=3702 GN=LTPG31 PE=2 SV=1	True
Q8VYJ4	-0.48	0.008188487	0.056610687	At3g25150	SOL	AT3g25150/MJL12_9 OS=Arabidopsis thaliana OX=3702 GN=At3g25150 PE=1 SV=1	False
Q8VYJ6	-0.01	0.780423436	0.815342888	SWAP70	MEM	At2g30880/F7F1.9 OS=Arabidopsis thaliana OX=3702 GN=SWAP70 PE=1 SV=1	False
Q8VYJ7	0.08	0.281354296	0.344573731	CLPB4	MEM	Chaperone protein ClpB4, mitochondrial OS=Arabidopsis thaliana OX=3702 GN=CLPB4 PE=2 SV=1	False
Q8VYK6	-0.36	0.001013553	0.00971972	RPS4D	MEM	40S ribosomal protein S4-3 OS=Arabidopsis thaliana OX=3702 GN=RPS4D PE=2 SV=2	True
Q8VYK7	-0.02	0.501041294	0.594400544	ATG8F	SOL	Autophagy-related protein 8f OS=Arabidopsis thaliana OX=3702 GN=ATG8F PE=1 SV=1	False
Q8VYL1	-0.6	0.074528093	0.166211961	At5g35170	SOL	Adenylate kinase 5, chloroplastic OS=Arabidopsis thaliana OX=3702 GN=At5g35170 PE=1 SV=1	False
Q8VYM4	0.32	0.288882896	0.352169586	PSRP2	MEM	30S ribosomal protein 2, chloroplastic OS=Arabidopsis thaliana OX=3702 GN=PSRP2 PE=2 SV=1	False
Q8VYN2	-0.34	0.040967476	0.074140362	PVA42	MEM	Vesicle-associated protein 4-2 OS=Arabidopsis thaliana OX=3702 GN=PVA42 PE=1 SV=1	False
Q8VYN6	-0.26	0.078353191	0.170848927	PFK5	SOL	ATP-dependent 6-phosphofructokinase 5, chloroplastic OS=Arabidopsis thaliana OX=3702 GN=PFK5 PE=1 SV=1	False
Q8VYP0	-0.87	0.000444114	0.006971546	HCC1	MEM	Protein SCO1 homolog 1, mitochondrial OS=Arabidopsis thaliana OX=3702 GN=HCC1 PE=1 SV=1	True
Q8VYR5	0.06	0.184438723	0.242602839	At4g35850	MEM	Pentatricopeptide repeat-containing protein At4g35850, mitochondrial OS=Arabidopsis thaliana OX=3702 GN=At4g35850 PE=1 SV=1	False
Q8VYT2	-0.08	0.403470432	0.466291596	At4g25940	MEM	Putative clathrin assembly protein At4g25940 OS=Arabidopsis thaliana OX=3702 GN=At4g25940 PE=2 SV=1	False
Q8VYV0	-0.57	0.000511264	0.023597535	At1g43690	SOL	At1g43690/F2J6_4 OS=Arabidopsis thaliana OX=3702 GN=At1g43690 PE=1 SV=1	True
Q8VYV7	0.21	0.070112434	0.111111148	DHQS	MEM	3-dehydroquinate synthase, chloroplastic OS=Arabidopsis thaliana OX=3702 GN=DHQS PE=1 SV=1	False
Q8VYW6	-0.43	0.056972331	0.14266813	GGT1	SOL	Glutathione hydrolase 1 OS=Arabidopsis thaliana OX=3702 GN=GGT1 PE=2 SV=1	False
Q8VYY8	-0.03	0.9221562	0.935341362	At2g43630	MEM	Nucleusenvelope protein OS=Arabidopsis thaliana OX=3702 GN=At2g43630 PE=1 SV=1	False
Q8VYZ8	-0.05	0.838110607	0.865973078	At1g64430	MEM	Pentatricopeptide repeat (PPR) superfamily protein OS=Arabidopsis thaliana OX=3702 GN=At1g64430 PE=1 SV=1	False
Q8VZ10	-0.67	0.005886284	0.022742683	SOQ1	MEM	Protein SUPPRESSOR OF QUENCHING 1, chloroplastic OS=Arabidopsis thaliana OX=3702 GN=SOQ1 PE=1 SV=1	True
Q8VZ18	-0.34	0.006986759	0.025166236	At3g44150	MEM	Expp1 protein OS=Arabidopsis thaliana OX=3702 GN=At3g44150 PE=1 SV=1	True
Q8VZ19	-0.19	0.046866072	0.12953718	RPL30B	SOL	60S ribosomal protein L30-2 OS=Arabidopsis thaliana OX=3702 GN=RPL30B PE=3 SV=1	False
Q8VZ23	-0.65	0.079678586	0.122917181	At1g04420	MEM	NAD(P)-linked oxidoreductase superfamily protein OS=Arabidopsis thaliana OX=3702 GN=At1g04420 PE=1 SV=1	False
Q8VZ31	-0.71	0.012936288	0.070143061	TPR4	SOL	Tetratricopeptide repeat (TPR)-like superfamily protein OS=Arabidopsis thaliana OX=3702 GN=TPR4 PE=1 SV=1	False
Q8VZ49	-0.24	0.04396758	0.07796045	At1g64710	MEM	Alcohol dehydrogenase-like 4 OS=Arabidopsis thaliana OX=3702 GN=At1g64710 PE=2 SV=1	False
Q8VZ50	0.31	0.077325039	0.119863484	CML14	MEM	Probable calcium-binding protein CML14 OS=Arabidopsis thaliana OX=3702 GN=CML14 PE=2 SV=1	False
Q8VZ57	-0.33	0.012564931	0.034032616	At1g52510	MEM	Alpha/beta-Hydrolases superfamily protein OS=Arabidopsis thaliana OX=3702 GN=At1g52510 PE=1 SV=1	True
Q8VZ68	0.31	0.002482232	0.038076975	At1g52670	SOL	Is a member of the PF|00364 Biotin-requiring enzymes family OS=Arabidopsis thaliana OX=3702 GN=At1g52670 PE=1 SV=1	True
Q8VZ74	-0.63	0.002018852	0.012885434	At5g66470	MEM	GTPase ERA-like, chloroplastic OS=Arabidopsis thaliana OX=3702 GN=At5g66470 PE=2 SV=1	True
Q8VZ93	0.33	0.038114128	0.116971932	F24G16.11	SOL	Allyl alcohol dehydrogenase-like protein OS=Arabidopsis thaliana OX=3702 GN=F24G16.11 PE=1 SV=1	False
Q8VZ95	-0.04	0.213847681	0.273504885	PVA11	MEM	Vesicle-associated protein 1-1 OS=Arabidopsis thaliana OX=3702 GN=PVA11 PE=1 SV=1	False
Q8VZB1	0.83	0.014678697	0.037229567	EMB2799	MEM	NAD(P)-binding Rossmann-fold superfamily protein OS=Arabidopsis thaliana OX=3702 GN=EMB2799 PE=1 SV=1	True
Q8VZB5	-0.52	0.016618456	0.078203446	At5g14260	SOL	Rubisco methyltransferase family protein OS=Arabidopsis thaliana OX=3702 GN=At5g14260 PE=1 SV=1	False
Q8VZB9	1.32	3.91572e-06	0.002757313	RPL10AA	MEM	60S ribosomal protein L10a-1 OS=Arabidopsis thaliana OX=3702 GN=RPL10AA PE=1 SV=1	True
Q8VZC3	-0.02	0.319279478	0.42717581	ALDH12A1	SOL	Delta-1-pyrroline-5-carboxylate dehydrogenase 12A1, mitochondrial OS=Arabidopsis thaliana OX=3702 GN=ALDH12A1 PE=2 SV=1	False
Q8VZC7	-0.21	0.158716656	0.214009559	At5g45510	MEM	Probable disease resistance protein At5g45510 OS=Arabidopsis thaliana OX=3702 GN=At5g45510 PE=1 SV=2	False
Q8VZC9	-0.19	0.039043934	0.117903776	VPS25	SOL	Vacuolar protein sorting-associated protein 25 OS=Arabidopsis thaliana OX=3702 GN=VPS25 PE=1 SV=1	False
Q8VZE9	0.49	0.098645984	0.196156892	UGT73B1	SOL	UDP-glycosyltransferase 73B1 OS=Arabidopsis thaliana OX=3702 GN=UGT73B1 PE=2 SV=1	False
Q8VZF1	-0.37	0.00030986	0.021124485	AAE7	SOL	Acetate/butyrate--CoA ligase AAE7, peroxisomal OS=Arabidopsis thaliana OX=3702 GN=AAE7 PE=1 SV=1	True
Q8VZF3	-0.23	0.118097563	0.168454437	GEP	MEM	Probable glutamyl endopeptidase, chloroplastic OS=Arabidopsis thaliana OX=3702 GN=GEP PE=2 SV=2	False
Q8VZG1	-0.7	0.000426231	0.006831782	DGK3	MEM	Diacylglycerol kinase 3 OS=Arabidopsis thaliana OX=3702 GN=DGK3 PE=1 SV=1	True
Q8VZG7	-0.33	0.000117916	0.016850672	TSN1	SOL	Ribonuclease TUDOR 1 OS=Arabidopsis thaliana OX=3702 GN=TSN1 PE=1 SV=1	True
Q8VZG8	0.88	0.009300661	0.029120973	MIK2	MEM	MDIS1-interacting receptor like kinase 2 OS=Arabidopsis thaliana OX=3702 GN=MIK2 PE=1 SV=3	True
Q8VZH1	-0.61	0.000700079	0.008298263	At3g23530	MEM	AT3g23510/MEE5_5 OS=Arabidopsis thaliana OX=3702 GN=At3g23530 PE=1 SV=1	True
Q8VZH2	0.06	0.096677816	0.193537945	APM1	SOL	Aminopeptidase M1 OS=Arabidopsis thaliana OX=3702 GN=APM1 PE=1 SV=1	False
Q8VZI2	-0.13	0.592230938	0.645659562	CBSDUF6	MEM	DUF21 domain-containing protein At4g33700 OS=Arabidopsis thaliana OX=3702 GN=CBSDUF6 PE=1 SV=1	False
Q8VZJ5	-0.38	0.001554695	0.011409741	At5g23575	MEM	AT5g08500/MAH20_6 OS=Arabidopsis thaliana OX=3702 GN=At5g23575 PE=1 SV=1	True
Q8VZK2	0.38	0.017843062	0.041968003	At5g11900	MEM	Translation machinery-associated protein 22 OS=Arabidopsis thaliana OX=3702 GN=At5g11900 PE=1 SV=1	True
Q8VZK9	-0.33	0.015878646	0.039078458	CSLE1	MEM	Cellulose synthase-like protein E1 OS=Arabidopsis thaliana OX=3702 GN=CSLE1 PE=2 SV=1	True
Q8VZL4	0.17	0.470011139	0.530138793	MSL1	MEM	Mechanosensitive ion channel protein 1, mitochondrial OS=Arabidopsis thaliana OX=3702 GN=MSL1 PE=1 SV=1	False
Q8VZM1	0.24	0.046234017	0.080837764	NAA15	MEM	N-terminal acetyltransferase A complex auxiliary subunit NAA15 OS=Arabidopsis thaliana OX=3702 GN=NAA15 PE=1 SV=1	False
Q8VZN9	-0.17	0.188512194	0.294540393	At1g43900	SOL	Probable protein phosphatase 2C 11 OS=Arabidopsis thaliana OX=3702 GN=At1g43900 PE=2 SV=1	False
Q8VZP1	1.14	0.004611714	0.019641	GPP2	MEM	(DL)-glycerol-3-phosphatase 2 OS=Arabidopsis thaliana OX=3702 GN=GPP2 PE=1 SV=1	True
Q8VZS8	-0.02	0.866733953	0.898034022	PYL1	SOL	Abscisic acid receptor PYL1 OS=Arabidopsis thaliana OX=3702 GN=PYL1 PE=1 SV=1	False
Q8VZT0	0.24	0.008513029	0.027856188	At3g03920	MEM	Putative H/ACA ribonucleoprotein complex subunit 1-like protein 1 OS=Arabidopsis thaliana OX=3702 GN=At3g03920 PE=2 SV=1	True
Q8VZT4	0.65	0.00208324	0.013064687	At1g29370	MEM	RNA polymerase II degradation factor-like protein (DUF1296) OS=Arabidopsis thaliana OX=3702 GN=At1g29370 PE=1 SV=1	True
Q8VZT6	-0.59	0.073419831	0.165028059	WCRKC2	SOL	Thioredoxin-like 3-2, chloroplastic OS=Arabidopsis thaliana OX=3702 GN=WCRKC2 PE=2 SV=1	False
Q8VZU2	0.32	0.050399069	0.086000467	SYP132	MEM	Syntaxin-132 OS=Arabidopsis thaliana OX=3702 GN=SYP132 PE=1 SV=1	False
Q8VZW3	-0.03	0.551645765	0.636632968	CHI3	SOL	Probable chalcone--flavanone isomerase 3 OS=Arabidopsis thaliana OX=3702 GN=CHI3 PE=1 SV=1	False
Q8VZW6	-0.22	0.232007766	0.292901531	At3g08740	MEM	Elongation factor P (EF-P) family protein OS=Arabidopsis thaliana OX=3702 GN=At3g08740 PE=1 SV=1	False
Q8W033	-0.52	0.003459894	0.016582151	ALDH3I1	MEM	Aldehyde dehydrogenase family 3 member I1, chloroplastic OS=Arabidopsis thaliana OX=3702 GN=ALDH3I1 PE=1 SV=2	True
Q8W034	-0.25	0.105350443	0.204363961	RNP1	SOL	Heterogeneous nuclear ribonucleoprotein 1 OS=Arabidopsis thaliana OX=3702 GN=RNP1 PE=1 SV=1	False
Q8W0Y8	-0.21	0.073497805	0.165103442	PSB28	SOL	Photosystem II reaction center PSB28 protein, chloroplastic OS=Arabidopsis thaliana OX=3702 GN=PSB28 PE=2 SV=1	False
Q8W0Z7	0.26	0.288900948	0.398002029	At3g05190	SOL	Branched-chain-amino-acid aminotransferase-like protein 1 OS=Arabidopsis thaliana OX=3702 GN=At3g05190 PE=2 SV=1	False
Q8W0Z9	-0.35	0.00170659	0.034565294	CCR4-1	SOL	Carbon catabolite repressor protein 4 homolog 1 OS=Arabidopsis thaliana OX=3702 GN=CCR4-1 PE=2 SV=1	True
Q8W112	0.75	0.015673054	0.038777873	At5g20950	MEM	Beta-D-glucan exohydrolase-like protein OS=Arabidopsis thaliana OX=3702 GN=At5g20950 PE=1 SV=1	True
Q8W1B3	-0.18	0.744253552	0.79886583	PRIP	SOL	At4g21445 OS=Arabidopsis thaliana OX=3702 GN=PRIP PE=1 SV=1	False
Q8W1X2	0.07	0.31260991	0.420634745	PK	SOL	Pyridoxal kinase OS=Arabidopsis thaliana OX=3702 GN=PK PE=1 SV=2	False
Q8W207	0.2	0.58839279	0.642454964	CSN2	MEM	COP9 signalosome complex subunit 2 OS=Arabidopsis thaliana OX=3702 GN=CSN2 PE=1 SV=1	False
Q8W456	0.46	0.020133667	0.084896021	T20H2.2	SOL	Thioredoxin superfamily protein OS=Arabidopsis thaliana OX=3702 GN=T20H2.2 PE=1 SV=1	False
Q8W463	0.3	0.225144461	0.285750817	At4g17560	MEM	50S ribosomal protein L19-1, chloroplastic OS=Arabidopsis thaliana OX=3702 GN=At4g17560 PE=2 SV=1	False
Q8W471	-0.71	0.007915095	0.026786227	AAE15	MEM	Long-chain-fatty-acid--[acyl-carrier-protein] ligase AEE15, chloroplastic OS=Arabidopsis thaliana OX=3702 GN=AAE15 PE=1 SV=1	True
Q8W482	0.37	0.257958741	0.320183061	MLP3.2	MEM	Fanconi anemia group D2 protein OS=Arabidopsis thaliana OX=3702 GN=MLP3.2 PE=1 SV=1	False
Q8W486	-1.07	0.007549741	0.026159066	OFUT1	MEM	O-fucosyltransferase 1 OS=Arabidopsis thaliana OX=3702 GN=OFUT1 PE=2 SV=1	True
Q8W493	-0.52	0.011776929	0.033089283	LFNR2	MEM	Ferredoxin--NADP reductase, leaf isozyme 2, chloroplastic OS=Arabidopsis thaliana OX=3702 GN=LFNR2 PE=1 SV=1	True
Q8W496	-0.93	0.011537924	0.032639857	PTC52	MEM	Protochlorophyllide-dependent translocon component 52, chloroplastic OS=Arabidopsis thaliana OX=3702 GN=PTC52 PE=2 SV=1	True
Q8W497	-0.26	0.066116724	0.15633505	At2g19870	SOL	Uncharacterized protein At2g19870; F6F22.10 OS=Arabidopsis thaliana OX=3702 GN=At2g19870 PE=1 SV=1	False
Q8W498	-0.23	0.163706516	0.267245853	At4g27640	SOL	ARM repeat superfamily protein OS=Arabidopsis thaliana OX=3702 GN=At4g27640 PE=1 SV=1	False
Q8W4A0	-0.38	0.007773051	0.055063433	F14P3.15	SOL	Eukaryotic translation initiation factor 3 subunit M OS=Arabidopsis thaliana OX=3702 GN=F14P3.15 PE=1 SV=1	False
Q8W4C1	-0.13	0.223575736	0.330165202	At4g12790	SOL	AT4G12790 protein OS=Arabidopsis thaliana OX=3702 GN=At4g12790 PE=1 SV=1	False
Q8W4C5	-0.16	0.397825243	0.500040491	At1g77480	SOL	Eukaryotic aspartyl protease family protein OS=Arabidopsis thaliana OX=3702 GN=At1g77480 PE=1 SV=1	False
Q8W4D0	-0.51	0.002955623	0.015378837	CYP71	MEM	Peptidyl-prolyl cis-trans isomerase CYP71 OS=Arabidopsis thaliana OX=3702 GN=CYP71 PE=1 SV=1	True
Q8W4D4	-0.33	0.08289008	0.126672836	BAGP1	MEM	BAG-associated GRAM protein 1 OS=Arabidopsis thaliana OX=3702 GN=BAGP1 PE=1 SV=1	False
Q8W4D6	-0.38	0.003832268	0.017499051	HCF173	MEM	Protein HIGH CHLOROPHYLL FLUORESCENCE PHENOTYPE 173, chloroplastic OS=Arabidopsis thaliana OX=3702 GN=HCF173 PE=1 SV=1	True
Q8W4D7	-0.71	0.011504206	0.032585078	T1B9.16	MEM	GPI transamidase component PIG-S-like protein OS=Arabidopsis thaliana OX=3702 GN=T1B9.16 PE=1 SV=1	True
Q8W4E1	-0.04	0.550585372	0.635705392	RH47	SOL	DEAD-box ATP-dependent RNA helicase 47, mitochondrial OS=Arabidopsis thaliana OX=3702 GN=RH47 PE=1 SV=2	False
Q8W4E2	0.25	0.008810496	0.028392432	VHA-B3	MEM	V-type proton ATPase subunit B3 OS=Arabidopsis thaliana OX=3702 GN=VHA-B3 PE=2 SV=1	True
Q8W4E6	-1.04	0.003969687	0.017977732	HPAT1	MEM	Hydroxyproline O-arabinosyltransferase 1 OS=Arabidopsis thaliana OX=3702 GN=HPAT1 PE=1 SV=1	True
Q8W4F1	-0.56	0.006874763	0.02499498	PAP10	MEM	Probable plastid-lipid-associated protein 10, chloroplastic OS=Arabidopsis thaliana OX=3702 GN=PAP10 PE=1 SV=1	True
Q8W4F3	-0.29	0.023693701	0.091542081	OVA9	SOL	Glutamine--tRNA ligase, cytoplasmic OS=Arabidopsis thaliana OX=3702 GN=OVA9 PE=2 SV=1	False
Q8W4H8	0.55	0.005324301	0.021447215	GLL23	MEM	Inactive GDSL esterase/lipase-like protein 23 OS=Arabidopsis thaliana OX=3702 GN=GLL23 PE=1 SV=1	True
Q8W4I6	-0.2	0.125041514	0.22707319	BPG2	SOL	GTP-binding protein BRASSINAZOLE INSENSITIVE PALE GREEN 2, chloroplastic OS=Arabidopsis thaliana OX=3702 GN=BPG2 PE=1 SV=1	False
Q8W4J9	-0.36	0.018592299	0.042935613	RPP8	MEM	Disease resistance protein RPP8 OS=Arabidopsis thaliana OX=3702 GN=RPP8 PE=1 SV=2	True
Q8W4K6	-0.59	0.166228543	0.26952745	NIG	SOL	At4g13350 OS=Arabidopsis thaliana OX=3702 GN=NIG PE=1 SV=1	False
Q8W4L3	1.03	0.012293055	0.033698925	BSK3	MEM	Serine/threonine-protein kinase BSK3 OS=Arabidopsis thaliana OX=3702 GN=BSK3 PE=1 SV=1	True
Q8W4M5	0.22	0.00090247	0.009328871	PFP-BETA1	MEM	Pyrophosphate--fructose 6-phosphate 1-phosphotransferase subunit beta 1 OS=Arabidopsis thaliana OX=3702 GN=PFP-BETA1 PE=1 SV=1	True
Q8W4P1	-1.0	0.000687187	0.008282784	CDKC-2	MEM	Cyclin-dependent kinase C-2 OS=Arabidopsis thaliana OX=3702 GN=CDKC-2 PE=1 SV=2	True
Q8W4Q1	-0.33	0.088260914	0.132848829	At4g35360	MEM	At4g35360/F23E12_80 OS=Arabidopsis thaliana OX=3702 GN=At4g35360 PE=1 SV=1	False
Q8W4Q4	-0.16	0.08606895	0.13041558	MRF3	MEM	MA3 DOMAIN-CONTAINING TRANSLATION REGULATORY FACTOR 3 OS=Arabidopsis thaliana OX=3702 GN=MRF3 PE=1 SV=1	False
Q8W4S4	0.1	0.634983588	0.685824535	VHA-a3	MEM	V-type proton ATPase subunit a3 OS=Arabidopsis thaliana OX=3702 GN=VHA-a3 PE=1 SV=1	False
Q8W575	-0.65	0.023113474	0.090876528	CSN3	SOL	COP9 signalosome complex subunit 3 OS=Arabidopsis thaliana OX=3702 GN=CSN3 PE=1 SV=2	False
Q8W585	-0.28	0.130594985	0.182636448	FTSH8	MEM	ATP-dependent zinc metalloprotease FTSH 8, chloroplastic OS=Arabidopsis thaliana OX=3702 GN=FTSH8 PE=1 SV=1	False
Q8W586	0.14	0.155070583	0.258677131	QQT2	SOL	GPN-loop GTPase QQT2 OS=Arabidopsis thaliana OX=3702 GN=QQT2 PE=1 SV=1	False
Q8W593	0.29	0.066028923	0.15633505	At1g67280	SOL	Probable lactoylglutathione lyase, chloroplastic OS=Arabidopsis thaliana OX=3702 GN=At1g67280 PE=1 SV=1	False
Q93V62	-0.1	0.891272717	0.917575277	At4g27450	SOL	AT4g27450/F27G19_50 OS=Arabidopsis thaliana OX=3702 GN=At4g27450 PE=1 SV=1	False
Q93V66	0.13	0.91273055	0.926995082	FAX1	MEM	Protein FATTY ACID EXPORT 1, chloroplastic OS=Arabidopsis thaliana OX=3702 GN=FAX1 PE=1 SV=1	False
Q93V74	0.09	0.112340802	0.213556318	CYCLASE1	SOL	Cyclase-like protein 1 OS=Arabidopsis thaliana OX=3702 GN=CYCLASE1 PE=1 SV=1	False
Q93V88	-0.36	0.001672492	0.03423771	At4g33500	SOL	Probable protein phosphatase 2C 62 OS=Arabidopsis thaliana OX=3702 GN=At4g33500 PE=2 SV=1	True
Q93V93	1.17	0.020293673	0.085199031	PER44	SOL	Peroxidase 44 OS=Arabidopsis thaliana OX=3702 GN=PER44 PE=2 SV=1	False
Q93VA8	-0.31	0.084680546	0.179034023	At1g76010	SOL	Alba DNA/RNA-binding protein OS=Arabidopsis thaliana OX=3702 GN=At1g76010 PE=1 SV=1	False
Q93VB0	0.34	0.004687715	0.019820495	At2g40660	MEM	Nucleic acid-binding, OB-fold-like protein OS=Arabidopsis thaliana OX=3702 GN=At2g40660 PE=1 SV=1	True
Q93VB8	0.55	0.005662971	0.022299147	RPS2B	MEM	40S ribosomal protein S2-2 OS=Arabidopsis thaliana OX=3702 GN=RPS2B PE=2 SV=1	True
Q93VC7	-0.54	0.003059472	0.015708105	RPS1	MEM	30S ribosomal protein S1, chloroplastic OS=Arabidopsis thaliana OX=3702 GN=RPS1 PE=1 SV=1	True
Q93VC9	0.32	0.131919122	0.236214698	CATHB2	SOL	Cathepsin B-like protease 2 OS=Arabidopsis thaliana OX=3702 GN=CATHB2 PE=2 SV=1	False
Q93VG5	0.22	0.008454768	0.027743699	RPS8A	MEM	40S ribosomal protein S8-1 OS=Arabidopsis thaliana OX=3702 GN=RPS8A PE=1 SV=1	True
Q93VH5	-0.11	0.223031638	0.329558183	MAJ23.90	SOL	AT5g10730/MAJ23_90 OS=Arabidopsis thaliana OX=3702 GN=MAJ23.90 PE=1 SV=1	False
Q93VI3	-0.45	0.002107753	0.013163543	RPL17A	MEM	60S ribosomal protein L17-1 OS=Arabidopsis thaliana OX=3702 GN=RPL17A PE=2 SV=1	True
Q93VI4	-0.02	0.312269587	0.420634745	PABN1	SOL	Polyadenylate-binding protein 1 OS=Arabidopsis thaliana OX=3702 GN=PABN1 PE=1 SV=1	False
Q93VK5	-0.47	0.023210286	0.049721804	CYP97A3	MEM	Protein LUTEIN DEFICIENT 5, chloroplastic OS=Arabidopsis thaliana OX=3702 GN=CYP97A3 PE=1 SV=1	True
Q93VP3	1.67	0.000629071	0.007921046	ELF5A-2	MEM	Eukaryotic translation initiation factor 5A-2 OS=Arabidopsis thaliana OX=3702 GN=ELF5A-2 PE=1 SV=1	True
Q93VP9	-0.38	0.027167059	0.055586815	AtSLP1	MEM	SPFH/Band 7/PHB domain-containing membrane-associated protein family OS=Arabidopsis thaliana OX=3702 GN=AtSLP1 PE=1 SV=1	False
Q93VQ0	-0.59	0.007763711	0.055063433	VCL1	SOL	Protein VACUOLELESS1 OS=Arabidopsis thaliana OX=3702 GN=VCL1 PE=1 SV=1	False
Q93VR3	0.51	0.042109774	0.075635871	At5g28840	MEM	GDP-mannose 3,5-epimerase OS=Arabidopsis thaliana OX=3702 GN=At5g28840 PE=1 SV=1	False
Q93VR4	-0.5	0.003777892	0.017406025	MLP423	MEM	MLP-like protein 423 OS=Arabidopsis thaliana OX=3702 GN=MLP423 PE=2 SV=1	True
Q93VS5	-0.21	0.099445035	0.197165436	At4g18905	SOL	AT4g18900/F13C5_70 OS=Arabidopsis thaliana OX=3702 GN=At4g18905 PE=1 SV=1	False
Q93VS8	-0.3	0.007060349	0.052942806	emb2734	SOL	ARM repeat superfamily protein OS=Arabidopsis thaliana OX=3702 GN=emb2734 PE=1 SV=1	False
Q93VT6	-0.61	0.012134208	0.033441042	MAH20.10	MEM	Ribosomal RNA small subunit methyltransferase J OS=Arabidopsis thaliana OX=3702 GN=MAH20.10 PE=1 SV=1	True
Q93VT9	-0.21	0.045216347	0.079553993	RPL10A	MEM	60S ribosomal protein L10-1 OS=Arabidopsis thaliana OX=3702 GN=RPL10A PE=1 SV=1	False
Q93W02	-0.16	0.12401171	0.174797637	MXC17.8	MEM	AT5g24690/MXC17_8 OS=Arabidopsis thaliana OX=3702 GN=MXC17.8 PE=1 SV=1	False
Q93W05	-0.07	0.184841196	0.242960287	At1g10590	MEM	At1g10590/F20B24_1 OS=Arabidopsis thaliana OX=3702 GN=At1g10590 PE=1 SV=1	False
Q93W22	0.28	0.158655748	0.214009559	RPL10C	MEM	60S ribosomal protein L10-3 OS=Arabidopsis thaliana OX=3702 GN=RPL10C PE=2 SV=1	False
Q93W28	1.47	0.000433282	0.006894667	At4g15545	MEM	Uncharacterized protein At4g15545 OS=Arabidopsis thaliana OX=3702 GN=At4g15545 PE=1 SV=1	True
Q93W30	0.08	0.521627053	0.612645904	At2g35605	SOL	Expressed protein OS=Arabidopsis thaliana OX=3702 GN=At2g35605 PE=1 SV=1	False
Q93W34	-0.23	0.080675834	0.173085867	RBP45C	SOL	Polyadenylate-binding protein RBP45C OS=Arabidopsis thaliana OX=3702 GN=RBP45C PE=2 SV=1	False
Q93W77	-0.22	0.036096748	0.067753399	NIFU1	MEM	NifU-like protein 1, chloroplastic OS=Arabidopsis thaliana OX=3702 GN=NIFU1 PE=1 SV=1	False
Q93WC8	1.08	0.01747888	0.041274008	At3g04830	MEM	ER membrane protein complex subunit 2 OS=Arabidopsis thaliana OX=3702 GN=At3g04830 PE=1 SV=1	True
Q93WD7	-0.46	0.103607699	0.202387099	TRM82	SOL	tRNA (guanine-N(7)-)-methyltransferase non-catalytic subunit OS=Arabidopsis thaliana OX=3702 GN=TRM82 PE=1 SV=1	False
Q93WF1	0.67	0.007552828	0.026159066	At5g48900	MEM	Probable pectate lyase 20 OS=Arabidopsis thaliana OX=3702 GN=At5g48900 PE=2 SV=1	True
Q93WG3	-0.32	0.035296344	0.066600796	CJD1	MEM	Chloroplast J-like domain 1 OS=Arabidopsis thaliana OX=3702 GN=CJD1 PE=1 SV=1	False
Q93WI0	-0.15	0.038244394	0.116971932	At5g19370	SOL	Rhodanese-like/PpiC domain-containing protein 12, chloroplastic OS=Arabidopsis thaliana OX=3702 GN=At5g19370 PE=1 SV=1	False
Q93WJ8	0.18	0.02288149	0.049281676	MDAR2	MEM	Monodehydroascorbate reductase 2 OS=Arabidopsis thaliana OX=3702 GN=MDAR2 PE=1 SV=1	True
Q93WK6	-0.15	0.338769492	0.402632675	At1g19530	MEM	DNA polymerase epsilon catalytic subunit A OS=Arabidopsis thaliana OX=3702 GN=At1g19530 PE=1 SV=1	False
Q93WL3	-1.33	0.039049402	0.071830185	CLPT1	MEM	ATP-dependent Clp protease ATP-binding subunit CLPT1, chloroplastic OS=Arabidopsis thaliana OX=3702 GN=CLPT1 PE=1 SV=1	False
Q93WN0	-1.07	7.38058e-05	0.016285805	SBP2	SOL	Selenium-binding protein 2 OS=Arabidopsis thaliana OX=3702 GN=SBP2 PE=1 SV=1	True
Q93WX6	-0.45	0.007691202	0.02641328	NFS2	MEM	Cysteine desulfurase 1, chloroplastic OS=Arabidopsis thaliana OX=3702 GN=NFS2 PE=1 SV=1	True
Q93XM7	-0.39	0.0317822	0.061570145	BOU	MEM	Mitochondrial carnitine/acylcarnitine carrier-like protein OS=Arabidopsis thaliana OX=3702 GN=BOU PE=1 SV=1	False
Q93XN8	-0.44	0.030241103	0.059527763	SPP3B	MEM	Probable sucrose-phosphatase 3b OS=Arabidopsis thaliana OX=3702 GN=SPP3B PE=2 SV=1	False
Q93XW5	0.55	0.002477447	0.014197783	NSP5	MEM	Nitrile-specifier protein 5 OS=Arabidopsis thaliana OX=3702 GN=NSP5 PE=2 SV=1	True
Q93XX4	-0.66	0.008245231	0.027422645	NTMC2T6.1	MEM	C2 domain-containing protein At1g53590 OS=Arabidopsis thaliana OX=3702 GN=NTMC2T6.1 PE=1 SV=2	True
Q93XX5	-0.19	0.112790318	0.162455119	At5g67130	MEM	PI-PLC X domain-containing protein At5g67130 OS=Arabidopsis thaliana OX=3702 GN=At5g67130 PE=1 SV=1	False
Q93XY1	0.48	0.017171665	0.040908537	MNC6.16	MEM	At5g53620 OS=Arabidopsis thaliana OX=3702 GN=MNC6.16 PE=1 SV=1	True
Q93XY5	0.34	0.049217629	0.084543333	TOM2AH2	MEM	Tetraspanin-18 OS=Arabidopsis thaliana OX=3702 GN=TOM2AH2 PE=1 SV=1	False
Q93XY7	0.18	0.575100927	0.658587608	M3E9.200	SOL	Antitermination NusB domain-containing protein OS=Arabidopsis thaliana OX=3702 GN=M3E9.200 PE=1 SV=1	False
Q93XZ7	0.99	0.001456256	0.010995648	At5g42570	MEM	Endoplasmic reticulum transmembrane protein OS=Arabidopsis thaliana OX=3702 GN=At5g42570 PE=1 SV=1	True
Q93Y07	-0.27	0.00348679	0.01663385	SFR2	MEM	Galactolipid galactosyltransferase SFR2, chloroplastic OS=Arabidopsis thaliana OX=3702 GN=SFR2 PE=1 SV=1	True
Q93Y08	-0.53	0.008926231	0.028582519	ABC1K8	MEM	Protein ACTIVITY OF BC1 COMPLEX KINASE 8, chloroplastic OS=Arabidopsis thaliana OX=3702 GN=ABC1K8 PE=2 SV=1	True
Q93Y09	-0.13	0.140406618	0.244518767	SCPL45	SOL	Serine carboxypeptidase-like 45 OS=Arabidopsis thaliana OX=3702 GN=SCPL45 PE=2 SV=1	False
Q93Y12	-0.46	0.007587538	0.026191048	MDB19.14	MEM	Alpha glucosidase-like protein OS=Arabidopsis thaliana OX=3702 GN=MDB19.14 PE=1 SV=1	True
Q93Y22	1.07	0.002359897	0.013870358	At5g05010	MEM	Coatomer subunit delta OS=Arabidopsis thaliana OX=3702 GN=At5g05010 PE=1 SV=2	True
Q93Y31	0.43	0.00572601	0.022427316	ARL8B	MEM	ADP-ribosylation factor-like protein 8b OS=Arabidopsis thaliana OX=3702 GN=ARL8B PE=2 SV=1	True
Q93Y35	-0.2	0.047030418	0.129650917	RPN7	SOL	26S proteasome non-ATPase regulatory subunit 6 homolog OS=Arabidopsis thaliana OX=3702 GN=RPN7 PE=1 SV=1	False
Q93Y38	-1.28	0.001039931	0.00976055	At5g36290	MEM	GDT1-like protein 3 OS=Arabidopsis thaliana OX=3702 GN=At5g36290 PE=2 SV=1	True
Q93Y40	-0.36	0.00846747	0.027767096	ORP3C	MEM	Oxysterol-binding protein-related protein 3C OS=Arabidopsis thaliana OX=3702 GN=ORP3C PE=2 SV=1	True
Q93YN1	-0.32	0.050217641	0.085864312	CRPK1	MEM	Cold-responsive protein kinase 1 OS=Arabidopsis thaliana OX=3702 GN=CRPK1 PE=1 SV=1	False
Q93YQ3	-0.34	0.023446484	0.091220327	PURU1	SOL	Formyltetrahydrofolate deformylase 1, mitochondrial OS=Arabidopsis thaliana OX=3702 GN=PURU1 PE=1 SV=1	False
Q93YR3	0.35	0.010348623	0.030745039	At4g22670	MEM	FAM10 family protein At4g22670 OS=Arabidopsis thaliana OX=3702 GN=At4g22670 PE=1 SV=1	True
Q93YS4	-0.75	0.021284219	0.046975135	ABCG22	MEM	ABC transporter G family member 22 OS=Arabidopsis thaliana OX=3702 GN=ABCG22 PE=1 SV=1	True
Q93YU5	-0.7	0.013098355	0.07040975	SEC8	SOL	Exocyst complex component SEC8 OS=Arabidopsis thaliana OX=3702 GN=SEC8 PE=1 SV=1	False
Q93YU6	-0.22	0.065044864	0.104850289	At3g56120	MEM	tRNA (guanine(37)-N1)-methyltransferase 1 OS=Arabidopsis thaliana OX=3702 GN=At3g56120 PE=2 SV=1	False
Q93YV7	-0.47	0.005863098	0.022692949	At4g14360	MEM	Probable methyltransferase PMT3 OS=Arabidopsis thaliana OX=3702 GN=At4g14360 PE=2 SV=1	True
Q93YW8	0.52	0.166000485	0.269477966	At4g18970	SOL	GDSL esterase/lipase At4g18970 OS=Arabidopsis thaliana OX=3702 GN=At4g18970 PE=2 SV=1	False
Q93YZ7	0.48	0.000599941	0.007851149	At2g31810	MEM	Acetolactate synthase small subunit 2, chloroplastic OS=Arabidopsis thaliana OX=3702 GN=At2g31810 PE=1 SV=1	True
Q93Z08	0.24	0.047870445	0.131017203	At5g58090	SOL	Glucan endo-1,3-beta-glucosidase 6 OS=Arabidopsis thaliana OX=3702 GN=At5g58090 PE=2 SV=2	False
Q93Z10	-0.24	0.01447718	0.037093551	At5g11580	MEM	AT5g11580/F15N18_170 OS=Arabidopsis thaliana OX=3702 GN=At5g11580 PE=1 SV=1	True
Q93Z11	-0.35	0.052627333	0.08887258	MNJ8.18	MEM	AT5g37360/MNJ8_150 OS=Arabidopsis thaliana OX=3702 GN=MNJ8.18 PE=1 SV=1	False
Q93Z16	0.11	0.121677546	0.172074302	RPN2	MEM	Dolichyl-diphosphooligosaccharide--protein glycosyltransferase subunit 2 OS=Arabidopsis thaliana OX=3702 GN=RPN2 PE=1 SV=1	False
Q93Z18	0.1	0.190894131	0.297262005	CKL3	SOL	Casein kinase 1-like protein 3 OS=Arabidopsis thaliana OX=3702 GN=CKL3 PE=1 SV=1	False
Q93Z25	-0.17	0.196301303	0.303078118	At5g63180	SOL	Probable pectate lyase 22 OS=Arabidopsis thaliana OX=3702 GN=At5g63180 PE=2 SV=1	False
Q93Z30	-0.28	0.003470248	0.041930753	At4g18950	SOL	AT4g18950/F13C5_120 OS=Arabidopsis thaliana OX=3702 GN=At4g18950 PE=1 SV=1	True
Q93Z34	-0.61	0.001795213	0.035479322	At2g24280	SOL	Alpha/beta-Hydrolases superfamily protein OS=Arabidopsis thaliana OX=3702 GN=At2g24280 PE=1 SV=1	True
Q93Z53	-0.35	0.127692184	0.17930545	PKP3	MEM	Plastidial pyruvate kinase 3, chloroplastic OS=Arabidopsis thaliana OX=3702 GN=PKP3 PE=1 SV=1	False
Q93Z70	-0.18	0.014911868	0.037558509	At2g19940	MEM	Probable N-acetyl-gamma-glutamyl-phosphate reductase, chloroplastic OS=Arabidopsis thaliana OX=3702 GN=At2g19940 PE=1 SV=2	True
Q93Z72	-0.05	0.630026802	0.703807752	At5g17000	SOL	AT5g16970/F2K13_120 OS=Arabidopsis thaliana OX=3702 GN=At5g17000 PE=1 SV=1	False
Q93Z83	0.58	1.08502e-06	0.002016619	At5g26280	MEM	AT5g26280/T19G15_130 OS=Arabidopsis thaliana OX=3702 GN=At5g26280 PE=1 SV=1	True
Q93ZA3	0.42	0.066371487	0.156354104	At1g30760	SOL	Berberine bridge enzyme-like 13 OS=Arabidopsis thaliana OX=3702 GN=At1g30760 PE=1 SV=1	False
Q93ZB6	-0.23	0.031008532	0.105747776	HEME1	SOL	Uroporphyrinogen decarboxylase 1, chloroplastic OS=Arabidopsis thaliana OX=3702 GN=HEME1 PE=2 SV=2	False
Q93ZC2	-0.42	0.019937774	0.045014999	At5g36230	MEM	ARM repeat superfamily protein OS=Arabidopsis thaliana OX=3702 GN=At5g36230 PE=1 SV=1	True
Q93ZC5	-0.66	0.086570059	0.130990709	AOC4	MEM	Allene oxide cyclase 4, chloroplastic OS=Arabidopsis thaliana OX=3702 GN=AOC4 PE=2 SV=1	False
Q93ZD6	-0.17	0.294817694	0.403089289	At4g24880	SOL	Snurportin-1 OS=Arabidopsis thaliana OX=3702 GN=At4g24880 PE=1 SV=1	False
Q93ZE3	-0.4	0.007258551	0.053616592	At1g26761	SOL	Arabinanase/levansucrase/invertase OS=Arabidopsis thaliana OX=3702 GN=At1g26761 PE=1 SV=1	False
Q93ZE5	0.71	0.118190212	0.219512988	FAHD1	SOL	Probable acylpyruvase FAHD1, mitochondrial OS=Arabidopsis thaliana OX=3702 GN=FAHD1 PE=1 SV=1	False
Q93ZG7	0.04	0.210391429	0.269752697	RH38	MEM	DEAD-box ATP-dependent RNA helicase 38 OS=Arabidopsis thaliana OX=3702 GN=RH38 PE=1 SV=2	False
Q93ZG9	-0.16	0.125389332	0.227426928	FKBP53	SOL	Peptidyl-prolyl cis-trans isomerase FKBP53 OS=Arabidopsis thaliana OX=3702 GN=FKBP53 PE=1 SV=1	False
Q93ZH0	0.13	0.241510619	0.34976913	LYM1	SOL	LysM domain-containing GPI-anchored protein 1 OS=Arabidopsis thaliana OX=3702 GN=LYM1 PE=1 SV=1	False
Q93ZH7	-0.04	0.582041942	0.636268176	IQD2	MEM	Protein IQ-DOMAIN 2 OS=Arabidopsis thaliana OX=3702 GN=IQD2 PE=1 SV=1	False
Q93ZI7	-0.53	0.004784002	0.045351432	MOK9.1	SOL	AT5g35440/MOK9_2 OS=Arabidopsis thaliana OX=3702 GN=MOK9.1 PE=1 SV=1	True
Q93ZK1	-0.42	0.000135732	0.004436412	At3g56060	MEM	AT3g56060/F18O21_20 OS=Arabidopsis thaliana OX=3702 GN=At3g56060 PE=1 SV=1	True
Q93ZM7	-0.2	8.63582e-05	0.016285805	At3g13860	SOL	Chaperonin CPN60-like 2, mitochondrial OS=Arabidopsis thaliana OX=3702 GN=At3g13860 PE=1 SV=2	True
Q93ZN2	0.4	0.032574701	0.108158909	At1g60710	SOL	Probable aldo-keto reductase 4 OS=Arabidopsis thaliana OX=3702 GN=At1g60710 PE=2 SV=1	False
Q93ZN4	-0.42	0.049506482	0.084898273	At4g12830	MEM	AT4g12830/T20K18_180 OS=Arabidopsis thaliana OX=3702 GN=At4g12830 PE=1 SV=1	False
Q93ZN9	-0.02	0.459432696	0.556395757	DAP	SOL	LL-diaminopimelate aminotransferase, chloroplastic OS=Arabidopsis thaliana OX=3702 GN=DAP PE=1 SV=1	False
Q93ZR3	-0.73	0.003783867	0.017416284	PRP39	MEM	Tetratricopeptide repeat (TPR)-like superfamily protein OS=Arabidopsis thaliana OX=3702 GN=PRP39 PE=1 SV=1	True
Q93ZT6	1.04	0.000296926	0.005985544	EIF(ISO)4G1	MEM	Eukaryotic translation initiation factor isoform 4G-1 OS=Arabidopsis thaliana OX=3702 GN=EIF(ISO)4G1 PE=1 SV=1	True
Q93ZV7	-0.11	0.073180609	0.164839377	LA1	SOL	La protein 1 OS=Arabidopsis thaliana OX=3702 GN=LA1 PE=1 SV=1	False
Q93ZV8	-0.12	0.254354636	0.316343366	emb2004	MEM	RNI-like superfamily protein OS=Arabidopsis thaliana OX=3702 GN=emb2004 PE=1 SV=1	False
Q93ZW4	-0.16	0.14912264	0.203910245	At1g33230	MEM	TMPIT-like protein OS=Arabidopsis thaliana OX=3702 GN=At1g33230 PE=1 SV=1	False
Q93ZY3	-0.42	0.021670847	0.047519391	STT3A	MEM	Dolichyl-diphosphooligosaccharide--protein glycosyltransferase subunit STT3A OS=Arabidopsis thaliana OX=3702 GN=STT3A PE=2 SV=1	True
Q940B0	-0.26	0.061909734	0.100667283	RPL18C	MEM	60S ribosomal protein L18-3 OS=Arabidopsis thaliana OX=3702 GN=RPL18C PE=2 SV=1	False
Q940B8	-0.53	0.009250418	0.029113169	KIN13A	MEM	Kinesin-like protein KIN-13A OS=Arabidopsis thaliana OX=3702 GN=KIN13A PE=1 SV=1	True
Q940B9	-0.25	0.119096539	0.169697047	At1g10850	MEM	Leucine-rich repeat protein kinase family protein OS=Arabidopsis thaliana OX=3702 GN=At1g10850 PE=1 SV=1	False
Q940G0	-1.63	0.000305339	0.006036747	TMN1	MEM	Transmembrane 9 superfamily member 1 OS=Arabidopsis thaliana OX=3702 GN=TMN1 PE=1 SV=1	True
Q940G5	-0.14	0.205733406	0.264762216	At4g25900	MEM	Glucose-6-phosphate 1-epimerase OS=Arabidopsis thaliana OX=3702 GN=At4g25900 PE=1 SV=1	False
Q940I2	0.01	0.832335856	0.861251209	MED24.18	MEM	Thioredoxin family protein OS=Arabidopsis thaliana OX=3702 GN=MED24.18 PE=1 SV=1	False
Q940J8	0.16	0.278613315	0.341847576	PAE7	MEM	Pectin acetylesterase 7 OS=Arabidopsis thaliana OX=3702 GN=PAE7 PE=2 SV=1	False
Q940J9	-0.93	0.000877825	0.009238533	At1g04430	MEM	Probable methyltransferase PMT8 OS=Arabidopsis thaliana OX=3702 GN=At1g04430 PE=2 SV=1	True
Q940K0	0.1	0.093492831	0.138901499	UNI	MEM	Disease resistance protein UNI OS=Arabidopsis thaliana OX=3702 GN=UNI PE=1 SV=2	False
Q940N7	-0.01	0.419997074	0.519819829	At4g05150	SOL	AT4g05150/C17L7_70 OS=Arabidopsis thaliana OX=3702 GN=At4g05150 PE=1 SV=1	False
Q940P8	0.38	0.003922772	0.017799963	CCT2	MEM	T-complex protein 1 subunit beta OS=Arabidopsis thaliana OX=3702 GN=CCT2 PE=1 SV=1	True
Q940Q1	-0.26	0.819856474	0.861597152	At1g04680	SOL	Probable pectate lyase 1 OS=Arabidopsis thaliana OX=3702 GN=At1g04680 PE=2 SV=2	False
Q940S0	-0.16	0.163269125	0.218405064	TMN2	MEM	Transmembrane 9 superfamily member 2 OS=Arabidopsis thaliana OX=3702 GN=TMN2 PE=2 SV=1	False
Q940S9	-0.41	0.059199682	0.145956481	At3g57890	SOL	TBCC domain-containing protein 1 OS=Arabidopsis thaliana OX=3702 GN=At3g57890 PE=1 SV=1	False
Q940V1	-0.47	0.002032224	0.036641203	DJA5	SOL	AT4g39960/T5J17_130 OS=Arabidopsis thaliana OX=3702 GN=DJA5 PE=1 SV=1	True
Q940Y3	-0.57	0.007950771	0.026848297	ARID3	MEM	AT-rich interactive domain-containing protein 3 OS=Arabidopsis thaliana OX=3702 GN=ARID3 PE=1 SV=1	True
Q940Y8	-0.17	0.098129618	0.195443901	KIN13B	SOL	Kinesin-like protein KIN-13B OS=Arabidopsis thaliana OX=3702 GN=KIN13B PE=1 SV=1	False
Q940Y9	-0.44	0.000991527	0.009642458	At5g43745	MEM	Putative ion channel POLLUX-like 2 OS=Arabidopsis thaliana OX=3702 GN=At5g43745 PE=2 SV=1	True
Q940Z5	0.82	0.010348701	0.030745039	PMAT1	MEM	Phenolic glucoside malonyltransferase 1 OS=Arabidopsis thaliana OX=3702 GN=PMAT1 PE=1 SV=1	True
Q941A4	1.31	0.00077658	0.008720946	OBAP2A	MEM	Oil body-associated protein 2A OS=Arabidopsis thaliana OX=3702 GN=OBAP2A PE=2 SV=1	True
Q941B2	-0.11	0.120776726	0.171303131	At1g09870	MEM	At1g09870/F21M12_26 OS=Arabidopsis thaliana OX=3702 GN=At1g09870 PE=1 SV=1	False
Q941D3	-0.37	0.0625126	0.101507879	PAP8	MEM	Probable plastid-lipid-associated protein 8, chloroplastic OS=Arabidopsis thaliana OX=3702 GN=PAP8 PE=1 SV=1	False
Q941L0	-0.66	0.033864961	0.064489155	CESA3	MEM	Cellulose synthase A catalytic subunit 3 [UDP-forming] OS=Arabidopsis thaliana OX=3702 GN=CESA3 PE=1 SV=2	False
Q941L3	0.23	0.205055483	0.264040544	BON1	MEM	Protein BONZAI 1 OS=Arabidopsis thaliana OX=3702 GN=BON1 PE=1 SV=2	False
Q943Z4	0.72	0.143964108	0.247802908	At3g50560	SOL	AT3g50560/T20E23_160 OS=Arabidopsis thaliana OX=3702 GN=At3g50560 PE=1 SV=1	False
Q943Z6	-0.3	0.018608783	0.082115122	SRP19	SOL	Signal recognition particle 19 kDa protein OS=Arabidopsis thaliana OX=3702 GN=SRP19 PE=1 SV=1	False
Q944A2	-0.22	0.115246182	0.21653461	At1g20220	SOL	Alba DNA/RNA-binding protein OS=Arabidopsis thaliana OX=3702 GN=At1g20220 PE=1 SV=1	False
Q944A3	0.06	0.530786718	0.61919562	At2g47010	SOL	At2g47010/F14M4.16 OS=Arabidopsis thaliana OX=3702 GN=At2g47010 PE=1 SV=1	False
Q944A6	-0.27	0.015955322	0.039173792	SNF4	MEM	Sucrose nonfermenting 4-like protein OS=Arabidopsis thaliana OX=3702 GN=SNF4 PE=1 SV=1	True
Q944A7	0.56	0.008355864	0.027625744	BSK1	MEM	Serine/threonine-protein kinase BSK1 OS=Arabidopsis thaliana OX=3702 GN=BSK1 PE=1 SV=1	True
Q944A9	1.14	0.007857187	0.026693865	NPSN11	MEM	Novel plant SNARE 11 OS=Arabidopsis thaliana OX=3702 GN=NPSN11 PE=1 SV=2	True
Q944G5	-0.45	0.041004888	0.074193618	NPF2.10	MEM	Protein NRT1/ PTR FAMILY 2.10 OS=Arabidopsis thaliana OX=3702 GN=NPF2.10 PE=1 SV=3	False
Q944G6	-0.16	0.54746842	0.632991727	At4g03150	SOL	AT4g03150/F4C21_7 OS=Arabidopsis thaliana OX=3702 GN=At4g03150 PE=1 SV=1	False
Q944G9	-0.34	0.00045554	0.023403654	FBA2	SOL	Fructose-bisphosphate aldolase 2, chloroplastic OS=Arabidopsis thaliana OX=3702 GN=FBA2 PE=1 SV=2	True
Q944H0	-0.36	0.006028871	0.023037129	NMT2	MEM	Phosphomethylethanolamine N-methyltransferase OS=Arabidopsis thaliana OX=3702 GN=NMT2 PE=1 SV=2	True
Q944J2	-0.19	0.003529687	0.041966565	At4g28706	SOL	At4g29227 OS=Arabidopsis thaliana OX=3702 GN=At4g28706 PE=1 SV=1	True
Q944K2	-0.29	0.023740911	0.05053236	OST48	MEM	Dolichyl-diphosphooligosaccharide--protein glycosyltransferase 48 kDa subunit OS=Arabidopsis thaliana OX=3702 GN=OST48 PE=2 SV=1	False
Q944K3	-0.4	0.079247856	0.122496727	HDA2	MEM	Histone deacetylase 2 OS=Arabidopsis thaliana OX=3702 GN=HDA2 PE=2 SV=2	False
Q944L8	0.34	0.146049927	0.249895696	At1g11930	SOL	Pyridoxal phosphate homeostasis protein OS=Arabidopsis thaliana OX=3702 GN=At1g11930 PE=1 SV=1	False
Q944P7	0.66	0.030514352	0.059855394	LAP2	MEM	Leucine aminopeptidase 2, chloroplastic OS=Arabidopsis thaliana OX=3702 GN=LAP2 PE=2 SV=2	False
Q945K7	0.43	0.00493388	0.020478136	IDH5	MEM	Isocitrate dehydrogenase [NAD] catalytic subunit 5, mitochondrial OS=Arabidopsis thaliana OX=3702 GN=IDH5 PE=1 SV=1	True
Q945K9	-0.67	0.043344101	0.124841091	At4g34150	SOL	AT4g34150/F28A23_90 OS=Arabidopsis thaliana OX=3702 GN=At4g34150 PE=1 SV=1	False
Q945M1	-0.18	0.045012986	0.127571129	CIB22	SOL	NADH dehydrogenase [ubiquinone] 1 beta subcomplex subunit 9 OS=Arabidopsis thaliana OX=3702 GN=CIB22 PE=1 SV=1	False
Q945P1	0.19	0.015683107	0.076420632	EULS3	SOL	Ricin B-like lectin EULS3 OS=Arabidopsis thaliana OX=3702 GN=EULS3 PE=1 SV=1	False
Q945Q1	0.25	0.095010713	0.191854513	CYS1	SOL	Cysteine proteinase inhibitor 1 OS=Arabidopsis thaliana OX=3702 GN=CYS1 PE=1 SV=2	False
Q945Q5	0.02	0.623609156	0.698423457	At2g30695	SOL	At2g30700/T11J7.9 OS=Arabidopsis thaliana OX=3702 GN=At2g30695 PE=1 SV=1	False
Q948K8	-0.05	0.226038941	0.286768585	RABG3A	MEM	Ras-related protein RABG3a OS=Arabidopsis thaliana OX=3702 GN=RABG3A PE=2 SV=1	False
Q948R9	-0.81	0.002116318	0.013170959	RFC3	MEM	AT3g17170/K14A17_29 OS=Arabidopsis thaliana OX=3702 GN=RFC3 PE=1 SV=1	True
Q949M9	-0.25	0.02035543	0.04568985	GET3A	MEM	ATPase GET3A OS=Arabidopsis thaliana OX=3702 GN=GET3A PE=1 SV=1	True
Q949P2	0.09	0.079457828	0.17209301	CYOP	SOL	Probable cytosolic oligopeptidase A OS=Arabidopsis thaliana OX=3702 GN=CYOP PE=1 SV=1	False
Q949P3	-0.18	0.014284035	0.036893146	At2g17340	MEM	Damage-control phosphatase At2g17340 OS=Arabidopsis thaliana OX=3702 GN=At2g17340 PE=1 SV=1	True
Q949Q7	0.36	0.019006695	0.043526176	SCPL29	MEM	Serine carboxypeptidase-like 29 OS=Arabidopsis thaliana OX=3702 GN=SCPL29 PE=2 SV=1	True
Q949R4	-0.26	0.005998763	0.022957378	LIGB	MEM	Extradiol ring-cleavage dioxygenase OS=Arabidopsis thaliana OX=3702 GN=LIGB PE=2 SV=1	True
Q949R9	-0.1	0.184000432	0.242163435	MPC1	MEM	Mitochondrial pyruvate carrier 1 OS=Arabidopsis thaliana OX=3702 GN=MPC1 PE=3 SV=1	False
Q949S6	-0.75	0.0249719	0.052337364	At1g14345	MEM	NAD(P)-linked oxidoreductase superfamily protein OS=Arabidopsis thaliana OX=3702 GN=At1g14345 PE=1 SV=1	False
Q949S9	-0.47	0.018830236	0.082944567	MOS4	SOL	Pre-mRNA-splicing factor SPF27 homolog OS=Arabidopsis thaliana OX=3702 GN=MOS4 PE=1 SV=1	False
Q949U1	-3.84	3.62455e-06	0.002757313	CYP79F1	MEM	Dihomomethionine N-hydroxylase OS=Arabidopsis thaliana OX=3702 GN=CYP79F1 PE=1 SV=1	True
Q949U7	1.03	0.036590613	0.068500517	PRXIIE	MEM	Peroxiredoxin-2E, chloroplastic OS=Arabidopsis thaliana OX=3702 GN=PRXIIE PE=1 SV=2	False
Q949W8	0.22	0.029602939	0.058778372	XK2	MEM	Xylulose kinase 2 OS=Arabidopsis thaliana OX=3702 GN=XK2 PE=1 SV=1	False
Q949X7	0.07	0.614024207	0.690812094	LYSA1	SOL	Diaminopimelate decarboxylase 1, chloroplastic OS=Arabidopsis thaliana OX=3702 GN=LYSA1 PE=1 SV=1	False
Q949X9	0.24	0.020936525	0.086577248	LPR2	SOL	Multicopper oxidase LPR2 OS=Arabidopsis thaliana OX=3702 GN=LPR2 PE=2 SV=1	False
Q949Y0	-0.18	0.143726181	0.198137872	UBP6	MEM	Ubiquitin carboxyl-terminal hydrolase 6 OS=Arabidopsis thaliana OX=3702 GN=UBP6 PE=1 SV=1	False
Q949Y3	0.76	0.011201911	0.032030573	PAP26	MEM	Bifunctional purple acid phosphatase 26 OS=Arabidopsis thaliana OX=3702 GN=PAP26 PE=1 SV=1	True
Q949Y5	-0.59	0.034344203	0.065254688	EGY1	MEM	Probable zinc metalloprotease EGY1, chloroplastic OS=Arabidopsis thaliana OX=3702 GN=EGY1 PE=2 SV=1	False
Q94A08	-0.02	0.672923278	0.721610434	RFS2	MEM	Probable galactinol--sucrose galactosyltransferase 2 OS=Arabidopsis thaliana OX=3702 GN=RFS2 PE=2 SV=2	False
Q94A09	0.04	0.201735134	0.260447524	TRM9	MEM	tRNA (carboxymethyluridine(34)-5-O)-methyltransferase OS=Arabidopsis thaliana OX=3702 GN=TRM9 PE=1 SV=1	False
Q94A18	-0.15	0.310199697	0.373646894	ABCG29	MEM	ABC transporter G family member 29 OS=Arabidopsis thaliana OX=3702 GN=ABCG29 PE=2 SV=2	False
Q94A28	-0.1	0.03630674	0.114208205	ACO2	SOL	Aconitate hydratase 2, mitochondrial OS=Arabidopsis thaliana OX=3702 GN=ACO2 PE=1 SV=3	False
Q94A32	-0.7	0.00341812	0.016582151	FAX2	MEM	Protein FATTY ACID EXPORT 2, chloroplastic OS=Arabidopsis thaliana OX=3702 GN=FAX2 PE=2 SV=1	True
Q94A40	-0.53	0.008743024	0.05806024	At1g62020	SOL	Coatomer subunit alpha-1 OS=Arabidopsis thaliana OX=3702 GN=At1g62020 PE=2 SV=2	False
Q94A41	-0.19	0.003248916	0.040850582	AMY3	SOL	Alpha-amylase 3, chloroplastic OS=Arabidopsis thaliana OX=3702 GN=AMY3 PE=1 SV=1	True
Q94A52	-0.37	0.040559808	0.073646404	EIF4A3	MEM	Eukaryotic initiation factor 4A-III homolog OS=Arabidopsis thaliana OX=3702 GN=EIF4A3 PE=1 SV=2	False
Q94A65	0.25	0.018091194	0.042220358	At4g27700	MEM	Rhodanese-like domain-containing protein 14, chloroplastic OS=Arabidopsis thaliana OX=3702 GN=At4g27700 PE=2 SV=1	True
Q94A68	-0.5	0.007681954	0.026401538	At1g06690	MEM	Uncharacterized oxidoreductase At1g06690, chloroplastic OS=Arabidopsis thaliana OX=3702 GN=At1g06690 PE=1 SV=1	True
Q94A78	-1.51	8.79037e-05	0.00412232	At1g03400	MEM	1-aminocyclopropane-1-carboxylate oxidase homolog 4 OS=Arabidopsis thaliana OX=3702 GN=At1g03400 PE=2 SV=1	True
Q94A94	-0.36	0.142966759	0.197178701	LYSA2	MEM	Diaminopimelate decarboxylase 2, chloroplastic OS=Arabidopsis thaliana OX=3702 GN=LYSA2 PE=1 SV=1	False
Q94A97	0.28	0.000232272	0.005244668	UBC35	MEM	Ubiquitin-conjugating enzyme E2 35 OS=Arabidopsis thaliana OX=3702 GN=UBC35 PE=1 SV=1	True
Q94A98	-0.43	0.017837751	0.080824591	At1g65900	SOL	At1g65900/F12P19_7 OS=Arabidopsis thaliana OX=3702 GN=At1g65900 PE=1 SV=1	False
Q94AA3	-0.45	0.093668335	0.190125485	PTAC13	SOL	AT3g09210/F3L24_8 OS=Arabidopsis thaliana OX=3702 GN=PTAC13 PE=1 SV=1	False
Q94AA4	-0.36	0.000772121	0.008686831	PFK3	MEM	ATP-dependent 6-phosphofructokinase 3 OS=Arabidopsis thaliana OX=3702 GN=PFK3 PE=1 SV=1	True
Q94AB8	-1.07	0.014327348	0.036963923	At1g05070	MEM	At1g05070/T7A14_6 OS=Arabidopsis thaliana OX=3702 GN=At1g05070 PE=1 SV=1	True
Q94AD1	0.19	0.086531179	0.181539581	At1g48610	SOL	Putative DNA-binding protein At1g48610 OS=Arabidopsis thaliana OX=3702 GN=At1g48610 PE=1 SV=1	False
Q94AF2	0.13	0.371515892	0.476070805	At5g19150	SOL	ATP-dependent (S)-NAD(P)H-hydrate dehydratase OS=Arabidopsis thaliana OX=3702 GN=At5g19150 PE=1 SV=1	False
Q94AF6	-0.02	0.927191023	0.938501925	At5g20160	MEM	Ribonucloprotein OS=Arabidopsis thaliana OX=3702 GN=At5g20160 PE=2 SV=1	False
Q94AF9	0.12	0.893881985	0.91023855	At3g05165	MEM	Sugar transporter ERD6-like 11 OS=Arabidopsis thaliana OX=3702 GN=At3g05165 PE=2 SV=2	False
Q94AG6	-0.62	0.00516841	0.021001782	SAMC1	MEM	S-adenosylmethionine carrier 1, chloroplastic/mitochondrial OS=Arabidopsis thaliana OX=3702 GN=SAMC1 PE=1 SV=1	True
Q94AH6	-0.24	0.141654278	0.246209216	CUL1	SOL	Cullin-1 OS=Arabidopsis thaliana OX=3702 GN=CUL1 PE=1 SV=1	False
Q94AH9	0.11	0.03039994	0.059713939	FIB2	MEM	rRNA 2'-O-methyltransferase fibrillarin 2 OS=Arabidopsis thaliana OX=3702 GN=FIB2 PE=1 SV=2	False
Q94AI6	0.07	0.791426937	0.824891266	SEC6	MEM	Exocyst complex component SEC6 OS=Arabidopsis thaliana OX=3702 GN=SEC6 PE=1 SV=1	False
Q94AI7	-0.65	0.000644783	0.007978655	TPL	MEM	Protein TOPLESS OS=Arabidopsis thaliana OX=3702 GN=TPL PE=1 SV=1	True
Q94AI8	0.03	0.924176189	0.936572446	At3g11800	MEM	Expp1 protein OS=Arabidopsis thaliana OX=3702 GN=At3g11800 PE=1 SV=1	False
Q94AJ9	-0.3	0.025283574	0.09455573	At1g12800	SOL	Nucleic acid-binding, OB-fold-like protein OS=Arabidopsis thaliana OX=3702 GN=At1g12800 PE=1 SV=1	False
Q94AM1	-0.24	0.108447678	0.208946281	OOP	SOL	Organellar oligopeptidase A, chloroplastic/mitochondrial OS=Arabidopsis thaliana OX=3702 GN=OOP PE=1 SV=1	False
Q94AQ8	-0.27	0.008714693	0.058027674	PNSB2	SOL	Photosynthetic NDH subunit of subcomplex B 2, chloroplastic OS=Arabidopsis thaliana OX=3702 GN=PNSB2 PE=2 SV=1	False
Q94AR8	0.12	0.038396211	0.070895289	IIL1	MEM	3-isopropylmalate dehydratase large subunit, chloroplastic OS=Arabidopsis thaliana OX=3702 GN=IIL1 PE=1 SV=1	False
Q94AT1	0.48	0.01491957	0.037563686	At5g53140	MEM	Probable protein phosphatase 2C 76 OS=Arabidopsis thaliana OX=3702 GN=At5g53140 PE=2 SV=1	True
Q94AU2	-0.24	0.081992191	0.125569121	SEC22	MEM	25.3 kDa vesicle transport protein OS=Arabidopsis thaliana OX=3702 GN=SEC22 PE=2 SV=1	False
Q94AU3	-0.22	0.009478413	0.060981894	At2g21385	SOL	Expressed protein OS=Arabidopsis thaliana OX=3702 GN=At2g21385 PE=1 SV=1	False
Q94AU7	-0.71	0.005565004	0.022046274	GAMMACA3	MEM	Gamma carbonic anhydrase 3, mitochondrial OS=Arabidopsis thaliana OX=3702 GN=GAMMACA3 PE=1 SV=1	True
Q94AU9	-0.47	0.074431519	0.166176028	RBCX1	SOL	Chaperonin-like RBCX protein 1, chloroplastic OS=Arabidopsis thaliana OX=3702 GN=RBCX1 PE=1 SV=1	False
Q94AX4	-0.88	6.42981e-05	0.003683656	DLD	MEM	D-lactate dehydrogenase [cytochrome], mitochondrial OS=Arabidopsis thaliana OX=3702 GN=DLD PE=1 SV=1	True
Q94AZ2	-0.17	0.191500514	0.249595271	STP13	MEM	Sugar transport protein 13 OS=Arabidopsis thaliana OX=3702 GN=STP13 PE=1 SV=2	False
Q94AZ4	0.1	0.044487896	0.127003287	CML13	SOL	Probable calcium-binding protein CML13 OS=Arabidopsis thaliana OX=3702 GN=CML13 PE=2 SV=1	False
Q94AZ5	-0.22	0.10969338	0.158831502	At2g45060	MEM	Alanine-tRNA ligase OS=Arabidopsis thaliana OX=3702 GN=At2g45060 PE=1 SV=1	False
Q94B08	0.64	0.014149146	0.036615989	GCP1	MEM	Germination-specific cysteine protease 1 OS=Arabidopsis thaliana OX=3702 GN=GCP1 PE=2 SV=2	True
Q94B35	-0.25	9.50747e-05	0.016285805	ISPH	SOL	4-hydroxy-3-methylbut-2-enyl diphosphate reductase, chloroplastic OS=Arabidopsis thaliana OX=3702 GN=ISPH PE=1 SV=1	True
Q94B52	-0.17	0.073275799	0.164880342	IF3-4	SOL	Translation initiation factor IF3-4, chloroplastic OS=Arabidopsis thaliana OX=3702 GN=IF3-4 PE=2 SV=1	False
Q94B54	-0.72	0.002401833	0.013924036	At1g20430	MEM	Uncharacterized protein OS=Arabidopsis thaliana OX=3702 GN=At1g20430 PE=1 SV=1	True
Q94B60	-0.18	0.403014934	0.465939013	CLPP4	MEM	ATP-dependent Clp protease proteolytic subunit 4, chloroplastic OS=Arabidopsis thaliana OX=3702 GN=CLPP4 PE=1 SV=1	False
Q94B78	-0.36	0.000578134	0.024419573	GLDP1	SOL	Glycine dehydrogenase (decarboxylating) 1, mitochondrial OS=Arabidopsis thaliana OX=3702 GN=GLDP1 PE=1 SV=2	True
Q94BR1	-0.49	0.008141804	0.056532652	MRF1	SOL	MA3 DOMAIN-CONTAINING TRANSLATION REGULATORY FACTOR 1 OS=Arabidopsis thaliana OX=3702 GN=MRF1 PE=1 SV=1	False
Q94BR2	0.1	0.363402517	0.467203962	AILP1	SOL	Aluminum induced protein with YGL and LRDR motifs OS=Arabidopsis thaliana OX=3702 GN=AILP1 PE=1 SV=1	False
Q94BS2	-0.35	0.00022598	0.018866518	MET1	SOL	Protein MET1, chloroplastic OS=Arabidopsis thaliana OX=3702 GN=MET1 PE=1 SV=1	True
Q94BT0	-0.8	0.005382007	0.021548899	SPS1	MEM	Sucrose-phosphate synthase 1 OS=Arabidopsis thaliana OX=3702 GN=SPS1 PE=1 SV=1	True
Q94BT9	0.74	8.58823e-05	0.00412232	ATX1	MEM	Copper transport protein ATX1 OS=Arabidopsis thaliana OX=3702 GN=ATX1 PE=1 SV=2	True
Q94BV4	0.11	0.054733564	0.091531224	RH6	MEM	DEAD-box ATP-dependent RNA helicase 6 OS=Arabidopsis thaliana OX=3702 GN=RH6 PE=2 SV=2	False
Q94BV5	-0.14	0.079914886	0.172881374	At1g62600	SOL	Flavin-containing monooxygenase FMO GS-OX-like 4 OS=Arabidopsis thaliana OX=3702 GN=At1g62600 PE=2 SV=1	False
Q94BY3	0.31	0.127629137	0.179244003	MUA22.2	MEM	Translocon-associated protein subunit beta OS=Arabidopsis thaliana OX=3702 GN=MUA22.2 PE=1 SV=1	False
Q94BY7	-0.11	0.296816503	0.360187485	DAC	MEM	AT3g17930/MEB5_15 OS=Arabidopsis thaliana OX=3702 GN=DAC PE=1 SV=1	False
Q94BZ0	-0.32	0.108112281	0.156764312	At1g50450	MEM	At1g50450/F11F12_20 OS=Arabidopsis thaliana OX=3702 GN=At1g50450 PE=1 SV=1	False
Q94BZ7	-0.15	0.803560774	0.847829066	GYRBM	SOL	DNA gyrase subunit B, mitochondrial OS=Arabidopsis thaliana OX=3702 GN=GYRBM PE=2 SV=1	False
Q94C48	0.24	0.406891699	0.469003653	WDL5	MEM	Protein WVD2-like 5 OS=Arabidopsis thaliana OX=3702 GN=WDL5 PE=1 SV=1	False
Q94C57	0.38	0.07089058	0.161635735	UGT73B2	SOL	UDP-glucosyl transferase 73B2 OS=Arabidopsis thaliana OX=3702 GN=UGT73B2 PE=1 SV=1	False
Q94C59	0.92	0.002867949	0.015110739	PATL4	MEM	Patellin-4 OS=Arabidopsis thaliana OX=3702 GN=PATL4 PE=1 SV=2	True
Q94C69	-0.4	0.018662593	0.043003093	CSP3	MEM	Cold shock domain-containing protein 3 OS=Arabidopsis thaliana OX=3702 GN=CSP3 PE=1 SV=1	True
Q94C74	-0.4	0.061968356	0.100694515	SHM2	MEM	Serine hydroxymethyltransferase 2, mitochondrial OS=Arabidopsis thaliana OX=3702 GN=SHM2 PE=1 SV=2	False
Q94C86	0.47	0.060328034	0.14775795	At3g16850	SOL	Pectin lyase-like superfamily protein OS=Arabidopsis thaliana OX=3702 GN=At3g16850 PE=1 SV=1	False
Q94CB1	0.38	0.005794699	0.022576361	PME25	MEM	Probable pectinesterase/pectinesterase inhibitor 25 OS=Arabidopsis thaliana OX=3702 GN=PME25 PE=2 SV=1	True
Q94CC0	-0.63	0.001408493	0.010820107	At5g49945	MEM	Uncharacterized protein At5g49945 OS=Arabidopsis thaliana OX=3702 GN=At5g49945 PE=2 SV=1	True
Q94CC6	0.19	0.008189542	0.056610687	At4g36195	SOL	Prolyl carboxypeptidase like protein OS=Arabidopsis thaliana OX=3702 GN=At4g36195 PE=1 SV=1	False
Q94CD8	1.45	0.003491443	0.016637057	At3g13560	MEM	Glucan endo-1,3-beta-glucosidase 4 OS=Arabidopsis thaliana OX=3702 GN=At3g13560 PE=2 SV=1	True
Q94CE3	-0.07	0.279282158	0.342442155	BCA5	MEM	Beta carbonic anhydrase 5, chloroplastic OS=Arabidopsis thaliana OX=3702 GN=BCA5 PE=2 SV=1	False
Q94CE4	-0.25	0.170853359	0.226917288	BCA4	MEM	Beta carbonic anhydrase 4 OS=Arabidopsis thaliana OX=3702 GN=BCA4 PE=1 SV=1	False
Q94CE5	0.12	0.543136786	0.629693013	POP2	SOL	Gamma-aminobutyrate transaminase POP2, mitochondrial OS=Arabidopsis thaliana OX=3702 GN=POP2 PE=1 SV=1	False
Q94CF0	0.29	0.024148421	0.051305734	EHD1	MEM	EH domain-containing protein 1 OS=Arabidopsis thaliana OX=3702 GN=EHD1 PE=1 SV=1	False
Q94CJ5	-1.06	0.008567426	0.027975085	RER4	MEM	Protein RETICULATA-RELATED 4, chloroplastic OS=Arabidopsis thaliana OX=3702 GN=RER4 PE=2 SV=1	True
Q94CK1	-0.39	0.000470173	0.007162812	At5g12410	MEM	At5g12410 OS=Arabidopsis thaliana OX=3702 GN=At5g12410 PE=1 SV=1	True
Q94EG6	0.78	0.036807494	0.114922894	At5g02240	SOL	Uncharacterized protein At5g02240 OS=Arabidopsis thaliana OX=3702 GN=At5g02240 PE=1 SV=1	False
Q94EH8	0.43	0.102529308	0.20145301	ALY3	SOL	THO complex subunit 4C OS=Arabidopsis thaliana OX=3702 GN=ALY3 PE=1 SV=1	False
Q94EJ6	-0.97	0.002195173	0.013424292	At4g18030	MEM	Probable methyltransferase PMT14 OS=Arabidopsis thaliana OX=3702 GN=At4g18030 PE=2 SV=1	True
Q94F00	-0.17	0.064048836	0.153840745	IMPL1	SOL	Phosphatase IMPL1, chloroplastic OS=Arabidopsis thaliana OX=3702 GN=IMPL1 PE=1 SV=2	False
Q94F08	-0.3	0.019138859	0.083626053	HIPL2	SOL	HIPL2 protein OS=Arabidopsis thaliana OX=3702 GN=HIPL2 PE=2 SV=2	False
Q94F09	-0.19	0.07123798	0.112415443	PDIL5-2	MEM	Protein disulfide-isomerase 5-2 OS=Arabidopsis thaliana OX=3702 GN=PDIL5-2 PE=1 SV=1	False
Q94F20	-0.24	0.407131579	0.508384266	DGR2	SOL	At5g25460 OS=Arabidopsis thaliana OX=3702 GN=DGR2 PE=1 SV=1	False
Q94F49	0.9	0.004933785	0.020478136	At5g27670	MEM	Probable histone H2A.5 OS=Arabidopsis thaliana OX=3702 GN=At5g27670 PE=1 SV=1	True
Q94FB9	-0.51	0.024520284	0.051764426	ABCD1	MEM	ABC transporter D family member 1 OS=Arabidopsis thaliana OX=3702 GN=ABCD1 PE=1 SV=1	False
Q94FN2	-0.24	0.096526133	0.142814417	MOR1	MEM	Protein MOR1 OS=Arabidopsis thaliana OX=3702 GN=MOR1 PE=1 SV=1	False
Q94FY7	0.81	0.001501657	0.011154994	VTE1	MEM	Tocopherol cyclase, chloroplastic OS=Arabidopsis thaliana OX=3702 GN=VTE1 PE=1 SV=1	True
Q94IB8	-0.37	0.009041655	0.028785234	LCB1	MEM	Long chain base biosynthesis protein 1 OS=Arabidopsis thaliana OX=3702 GN=LCB1 PE=1 SV=1	True
Q94II3	-0.81	0.000975309	0.009611398	ERD3	MEM	Probable methyltransferase PMT21 OS=Arabidopsis thaliana OX=3702 GN=ERD3 PE=2 SV=1	True
Q94II5	0.63	0.000487362	0.007282537	RD2	MEM	Adenine nucleotide alpha hydrolases-like superfamily protein OS=Arabidopsis thaliana OX=3702 GN=RD2 PE=1 SV=1	True
Q94JQ3	-0.11	0.105421372	0.204432728	SHM3	SOL	Serine hydroxymethyltransferase 3, chloroplastic OS=Arabidopsis thaliana OX=3702 GN=SHM3 PE=1 SV=2	False
Q94JQ4	-0.31	0.458806683	0.519772096	RIDA	MEM	Reactive Intermediate Deaminase A, chloroplastic OS=Arabidopsis thaliana OX=3702 GN=RIDA PE=1 SV=1	False
Q94JQ6	-0.83	7.97136e-06	0.002789082	CESA6	MEM	Cellulose synthase A catalytic subunit 6 [UDP-forming] OS=Arabidopsis thaliana OX=3702 GN=CESA6 PE=1 SV=2	True
Q94JS0	0.15	0.137199107	0.19021204	UCR1-1	MEM	Cytochrome b-c1 complex subunit Rieske-1, mitochondrial OS=Arabidopsis thaliana OX=3702 GN=UCR1-1 PE=1 SV=1	False
Q94JS1	-0.65	0.000116843	0.016850672	At4g26860	SOL	Pyridoxal phosphate homeostasis protein OS=Arabidopsis thaliana OX=3702 GN=At4g26860 PE=1 SV=1	True
Q94JS4	0.21	0.261084803	0.323285953	SMT3	MEM	24-methylenesterol C-methyltransferase 3 OS=Arabidopsis thaliana OX=3702 GN=SMT3 PE=2 SV=1	False
Q94JT5	-0.66	0.069452482	0.110253145	CYCLASE2	MEM	Cyclase-like protein 2 OS=Arabidopsis thaliana OX=3702 GN=CYCLASE2 PE=2 SV=1	False
Q94JU3	-0.28	0.099185052	0.146004544	CSN7	MEM	COP9 signalosome complex subunit 7 OS=Arabidopsis thaliana OX=3702 GN=CSN7 PE=1 SV=1	False
Q94JV1	1.08	0.000937873	0.009448905	At1g69340	MEM	Appr-1-p processing enzyme family protein OS=Arabidopsis thaliana OX=3702 GN=At1g69340 PE=1 SV=1	True
Q94JV2	-0.03	0.335321402	0.398891678	At3g27050	MEM	AT3g27050/MOJ10_14 OS=Arabidopsis thaliana OX=3702 GN=At3g27050 PE=1 SV=1	False
Q94JW0	-0.19	0.047803566	0.082857074	At3g58180	MEM	Deoxyhypusine hydroxylase OS=Arabidopsis thaliana OX=3702 GN=At3g58180 PE=1 SV=1	False
Q94JX5	0.05	0.968818907	0.973743684	WLIM1	MEM	LIM domain-containing protein WLIM1 OS=Arabidopsis thaliana OX=3702 GN=WLIM1 PE=1 SV=1	False
Q94JY3	-0.75	4.45085e-05	0.003642269	MDB19.5	MEM	Alpha/beta-Hydrolases superfamily protein OS=Arabidopsis thaliana OX=3702 GN=MDB19.5 PE=1 SV=1	True
Q94K05	0.47	0.000792445	0.008851191	CCT8	MEM	T-complex protein 1 subunit theta OS=Arabidopsis thaliana OX=3702 GN=CCT8 PE=1 SV=1	True
Q94K06	0.0	0.351066335	0.413545374	At1g22660	MEM	Polynucleotide adenylyltransferase family protein OS=Arabidopsis thaliana OX=3702 GN=At1g22660 PE=1 SV=1	False
Q94K07	0.96	0.001943589	0.012627328	NAP1;3	MEM	Nucleosome assembly protein 1;3 OS=Arabidopsis thaliana OX=3702 GN=NAP1;3 PE=1 SV=1	True
Q94K11	-0.8	0.005978038	0.022899386	AP22.96	MEM	Alpha/beta-Hydrolases superfamily protein OS=Arabidopsis thaliana OX=3702 GN=AP22.96 PE=1 SV=1	True
Q94K30	1.06	0.002424764	0.014035088	At1g01800	MEM	AT1G01800 protein OS=Arabidopsis thaliana OX=3702 GN=At1g01800 PE=1 SV=1	True
Q94K36	0.54	0.115995286	0.217552545	At3g24100	SOL	Uncharacterized protein AT3g24100 OS=Arabidopsis thaliana OX=3702 GN=At3g24100 PE=1 SV=1	False
Q94K48	0.69	0.000508629	0.007385446	At3g62530	MEM	ARM repeat superfamily protein OS=Arabidopsis thaliana OX=3702 GN=At3g62530 PE=1 SV=1	True
Q94K52	0.43	0.000989969	0.009642458	At1g02475	MEM	Polyketide cyclase/dehydrase and lipid transport superfamily protein OS=Arabidopsis thaliana OX=3702 GN=At1g02475 PE=1 SV=1	True
Q94K59	-0.71	0.000345874	0.022349454	At4g24350	SOL	Phosphorylase superfamily protein OS=Arabidopsis thaliana OX=3702 GN=At4g24350 PE=1 SV=1	True
Q94K71	-0.32	0.005155502	0.046419192	CBBY	SOL	CBBY-like protein OS=Arabidopsis thaliana OX=3702 GN=CBBY PE=1 SV=1	True
Q94K73	0.22	0.078893212	0.122026062	At3g58140	MEM	Phenylalanine--tRNA ligase, chloroplastic/mitochondrial OS=Arabidopsis thaliana OX=3702 GN=At3g58140 PE=1 SV=1	False
Q94K78	-0.67	0.001470975	0.011029903	UCRY	MEM	Cytochrome b-c1 complex subunit 10, mitochondrial OS=Arabidopsis thaliana OX=3702 GN=UCRY PE=1 SV=1	True
Q94K85	1.06	0.031133681	0.105834577	CATHB3	SOL	Cathepsin B-like protease 3 OS=Arabidopsis thaliana OX=3702 GN=CATHB3 PE=1 SV=1	False
Q94K88	-0.14	0.043999561	0.125996429	AP22.13	SOL	Tetratricopeptide repeat (TPR)-like superfamily protein OS=Arabidopsis thaliana OX=3702 GN=AP22.13 PE=1 SV=1	False
Q94K97	-0.39	0.435464089	0.496292345	At5g24490	MEM	30S ribosomal protein OS=Arabidopsis thaliana OX=3702 GN=At5g24490 PE=1 SV=1	False
Q94KD0	-0.76	0.001169304	0.010155463	TAF15B	MEM	Transcription initiation factor TFIID subunit 15b OS=Arabidopsis thaliana OX=3702 GN=TAF15B PE=1 SV=1	True
Q94KD3	-0.9	0.003727019	0.017277115	VPS52	MEM	Vacuolar protein sorting-associated protein 52 A OS=Arabidopsis thaliana OX=3702 GN=VPS52 PE=1 SV=1	True
Q94KD8	0.48	0.117046372	0.218590497	BXL2	SOL	Probable beta-D-xylosidase 2 OS=Arabidopsis thaliana OX=3702 GN=BXL2 PE=2 SV=1	False
Q94KE3	0.33	0.028324842	0.057001235	At3g52990	MEM	Pyruvate kinase OS=Arabidopsis thaliana OX=3702 GN=At3g52990 PE=1 SV=1	False
Q94KI8	-0.41	0.01078112	0.031348232	TPC1	MEM	Two pore calcium channel protein 1 OS=Arabidopsis thaliana OX=3702 GN=TPC1 PE=1 SV=1	True
Q94KT8	0.02	0.591453082	0.671518389	COB	SOL	Protein COBRA OS=Arabidopsis thaliana OX=3702 GN=COB PE=2 SV=1	False
Q96242	-0.67	0.000213915	0.018483773	CYP74A	SOL	Allene oxide synthase, chloroplastic OS=Arabidopsis thaliana OX=3702 GN=CYP74A PE=1 SV=3	True
Q96243	-0.59	0.020493027	0.045911693	PHT1-2	MEM	Probable inorganic phosphate transporter 1-2 OS=Arabidopsis thaliana OX=3702 GN=PHT1-2 PE=2 SV=2	True
Q96250	-0.26	0.026196358	0.054218876	ATPC	MEM	ATP synthase subunit gamma, mitochondrial OS=Arabidopsis thaliana OX=3702 GN=ATPC PE=1 SV=1	False
Q96251	-0.33	0.03238309	0.107668342	At5g13450	SOL	ATP synthase subunit O, mitochondrial OS=Arabidopsis thaliana OX=3702 GN=At5g13450 PE=1 SV=2	False
Q96252	0.6	3.57565e-05	0.003642269	At5g47030	MEM	ATP synthase subunit delta', mitochondrial OS=Arabidopsis thaliana OX=3702 GN=At5g47030 PE=1 SV=1	True
Q96254	0.36	0.047273887	0.082315203	GDI1	MEM	Guanosine nucleotide diphosphate dissociation inhibitor 1 OS=Arabidopsis thaliana OX=3702 GN=GDI1 PE=1 SV=1	False
Q96255	-0.24	0.036517825	0.114354808	PSAT1	SOL	Phosphoserine aminotransferase 1, chloroplastic OS=Arabidopsis thaliana OX=3702 GN=PSAT1 PE=1 SV=1	False
Q96262	0.6	0.000279384	0.005821332	PCAP1	MEM	Plasma membrane-associated cation-binding protein 1 OS=Arabidopsis thaliana OX=3702 GN=PCAP1 PE=1 SV=1	True
Q96266	0.38	0.008557653	0.027964776	GSTF8	MEM	Glutathione S-transferase F8, chloroplastic OS=Arabidopsis thaliana OX=3702 GN=GSTF8 PE=1 SV=3	True
Q96270	1.92	9.39345e-05	0.016285805	LEA7	SOL	Late embryogenesis abundant protein 7 OS=Arabidopsis thaliana OX=3702 GN=LEA7 PE=2 SV=1	True
Q96283	-0.14	0.089691551	0.134306088	RABA2C	MEM	Ras-related protein RABA2c OS=Arabidopsis thaliana OX=3702 GN=RABA2C PE=2 SV=4	False
Q96291	0.16	0.070624121	0.161231288	BAS1	SOL	2-Cys peroxiredoxin BAS1, chloroplastic OS=Arabidopsis thaliana OX=3702 GN=BAS1 PE=1 SV=2	False
Q96292	0.47	6.42931e-05	0.003683656	ACT2	MEM	Actin-2 OS=Arabidopsis thaliana OX=3702 GN=ACT2 PE=1 SV=1	True
Q96299	-0.13	0.114832087	0.216139119	GRF9	SOL	14-3-3-like protein GF14 mu OS=Arabidopsis thaliana OX=3702 GN=GRF9 PE=1 SV=2	False
Q96300	0.13	0.055862255	0.09290049	GRF7	MEM	14-3-3-like protein GF14 nu OS=Arabidopsis thaliana OX=3702 GN=GRF7 PE=1 SV=1	False
Q96318	0.84	0.019711223	0.04473172	CRC	MEM	12S seed storage protein CRC OS=Arabidopsis thaliana OX=3702 GN=CRC PE=1 SV=1	True
Q96321	0.74	0.001571918	0.011453261	IMPA1	MEM	Importin subunit alpha-1 OS=Arabidopsis thaliana OX=3702 GN=IMPA1 PE=1 SV=2	True
Q96323	-0.1	0.293977394	0.40260708	LDOX	SOL	Leucoanthocyanidin dioxygenase OS=Arabidopsis thaliana OX=3702 GN=LDOX PE=1 SV=1	False
Q96327	0.53	0.011718461	0.03300624	EBP1	MEM	ERBB-3 BINDING PROTEIN 1 OS=Arabidopsis thaliana OX=3702 GN=EBP1 PE=1 SV=1	True
Q96329	0.72	0.003317038	0.016332263	ACX4	MEM	Acyl-coenzyme A oxidase 4, peroxisomal OS=Arabidopsis thaliana OX=3702 GN=ACX4 PE=1 SV=1	True
Q96500	0.6	0.048351847	0.131686158	LIR1	SOL	Light-regulated protein 1, chloroplastic OS=Arabidopsis thaliana OX=3702 GN=LIR1 PE=1 SV=1	False
Q96511	1.58	2.05235e-05	0.003405807	PER69	MEM	Peroxidase 69 OS=Arabidopsis thaliana OX=3702 GN=PER69 PE=1 SV=1	True
Q96514	-0.53	0.001963499	0.012636501	CYP71B7	MEM	Cytochrome P450 71B7 OS=Arabidopsis thaliana OX=3702 GN=CYP71B7 PE=1 SV=1	True
Q96518	1.93	6.52759e-06	0.002757313	PER16	MEM	Peroxidase 16 OS=Arabidopsis thaliana OX=3702 GN=PER16 PE=1 SV=2	True
Q96520	0.14	0.145342766	0.24936044	PER12	SOL	Peroxidase 12 OS=Arabidopsis thaliana OX=3702 GN=PER12 PE=1 SV=1	False
Q96522	1.61	6.24942e-06	0.002757313	PER45	MEM	Peroxidase 45 OS=Arabidopsis thaliana OX=3702 GN=PER45 PE=1 SV=1	True
Q96528	-1.02	0.03214412	0.062064265	CAT1	MEM	Catalase-1 OS=Arabidopsis thaliana OX=3702 GN=CAT1 PE=1 SV=3	False
Q96529	0.47	0.036307215	0.068093431	PURA	MEM	Adenylosuccinate synthetase, chloroplastic OS=Arabidopsis thaliana OX=3702 GN=PURA PE=1 SV=1	False
Q96533	0.48	0.017357615	0.041082064	ADH2	MEM	Alcohol dehydrogenase class-3 OS=Arabidopsis thaliana OX=3702 GN=ADH2 PE=1 SV=2	True
Q9ASP6	-0.17	0.044615353	0.127025551	LIF2	SOL	Heterogeneous nuclear ribonucleoprotein Q OS=Arabidopsis thaliana OX=3702 GN=LIF2 PE=1 SV=1	False
Q9ASQ5	-0.71	0.003732017	0.017288952	CRCK3	MEM	Calmodulin-binding receptor-like cytoplasmic kinase 3 OS=Arabidopsis thaliana OX=3702 GN=CRCK3 PE=2 SV=1	True
Q9ASR1	0.38	0.001607499	0.011526611	LOS1	MEM	Elongation factor 2 OS=Arabidopsis thaliana OX=3702 GN=LOS1 PE=1 SV=1	True
Q9ASS2	-0.14	0.365369542	0.428006952	FREE1	MEM	Protein FREE1 OS=Arabidopsis thaliana OX=3702 GN=FREE1 PE=1 SV=1	False
Q9ASS4	0.03	0.901620811	0.916680937	At5g48380	MEM	Probably inactive leucine-rich repeat receptor-like protein kinase At5g48380 OS=Arabidopsis thaliana OX=3702 GN=At5g48380 PE=1 SV=1	False
Q9ASS6	-0.55	0.009853014	0.030027713	PNSL5	MEM	Photosynthetic NDH subunit of lumenal location 5, chloroplastic OS=Arabidopsis thaliana OX=3702 GN=PNSL5 PE=1 SV=1	True
Q9AST8	1.8	0.004792497	0.045351432	ROSY1	SOL	MD-2-related lipid-recognition protein ROSY1 OS=Arabidopsis thaliana OX=3702 GN=ROSY1 PE=1 SV=1	True
Q9AST9	-0.11	0.289589973	0.398729495	At1g73110	SOL	At1g73110/F3N23_39 OS=Arabidopsis thaliana OX=3702 GN=At1g73110 PE=1 SV=1	False
Q9ASV5	-0.17	0.170205639	0.226121659	At4g39690	MEM	AT4g39690/T19P19_80 OS=Arabidopsis thaliana OX=3702 GN=At4g39690 PE=1 SV=1	False
Q9ASV6	0.48	0.00876953	0.028316623	RPS20	MEM	30S ribosomal protein S20, chloroplastic OS=Arabidopsis thaliana OX=3702 GN=RPS20 PE=2 SV=1	True
Q9ASW5	-0.07	0.85988374	0.882484771	At2g18360	MEM	Alpha/beta-Hydrolases superfamily protein OS=Arabidopsis thaliana OX=3702 GN=At2g18360 PE=1 SV=1	False
Q9ASX5	-0.93	0.001957236	0.012636501	At5g05200	MEM	Uncharacterized aarF domain-containing protein kinase At5g05200, chloroplastic OS=Arabidopsis thaliana OX=3702 GN=At5g05200 PE=1 SV=1	True
Q9ASY9	-0.09	0.091958097	0.187708423	TENA_E	SOL	Bifunctional TENA-E protein OS=Arabidopsis thaliana OX=3702 GN=TENA_E PE=1 SV=3	False
Q9ASZ9	-0.12	0.191333789	0.297634789	At1g60730	SOL	Probable aldo-keto reductase 5 OS=Arabidopsis thaliana OX=3702 GN=At1g60730 PE=2 SV=1	False
Q9AV97	0.01	0.595073043	0.674700608	KDSA1	SOL	2-dehydro-3-deoxyphosphooctonate aldolase 1 OS=Arabidopsis thaliana OX=3702 GN=KDSA1 PE=1 SV=2	False
Q9C4Z6	-0.34	0.011147634	0.03198954	RACK1B	MEM	Receptor for activated C kinase 1B OS=Arabidopsis thaliana OX=3702 GN=RACK1B PE=1 SV=1	True
Q9C500	0.5	0.004804041	0.020118951	WPP2	MEM	WPP domain-containing protein 2 OS=Arabidopsis thaliana OX=3702 GN=WPP2 PE=1 SV=1	True
Q9C505	0.48	0.000619934	0.007891849	ELF5A-3	MEM	Eukaryotic translation initiation factor 5A-3 OS=Arabidopsis thaliana OX=3702 GN=ELF5A-3 PE=2 SV=1	True
Q9C508	0.93	0.020377821	0.045716399	PUP18	MEM	Probable purine permease 18 OS=Arabidopsis thaliana OX=3702 GN=PUP18 PE=1 SV=1	True
Q9C509	0.42	0.086526027	0.130980025	DPL1	MEM	Sphingosine-1-phosphate lyase OS=Arabidopsis thaliana OX=3702 GN=DPL1 PE=1 SV=1	False
Q9C512	-1.39	0.001649343	0.011709201	MNS1	MEM	Mannosyl-oligosaccharide 1,2-alpha-mannosidase MNS1 OS=Arabidopsis thaliana OX=3702 GN=MNS1 PE=1 SV=1	True
Q9C514	0.24	0.061618438	0.100354039	RPS7A	MEM	40S ribosomal protein S7-1 OS=Arabidopsis thaliana OX=3702 GN=RPS7A PE=2 SV=1	False
Q9C522	1.13	0.001606765	0.011526611	ACLB-1	MEM	ATP-citrate synthase beta chain protein 1 OS=Arabidopsis thaliana OX=3702 GN=ACLB-1 PE=2 SV=1	True
Q9C524	0.25	0.132028208	0.236288311	At1g66430	SOL	Probable fructokinase-6, chloroplastic OS=Arabidopsis thaliana OX=3702 GN=At1g66430 PE=2 SV=1	False
Q9C525	0.17	0.00107247	0.00976055	BGLU21	MEM	Beta-glucosidase 21 OS=Arabidopsis thaliana OX=3702 GN=BGLU21 PE=1 SV=1	True
Q9C535	-0.43	3.95324e-05	0.012627865	T3M22.5	SOL	Metallo-hydrolase/oxidoreductase superfamily protein OS=Arabidopsis thaliana OX=3702 GN=T3M22.5 PE=1 SV=1	True
Q9C550	-0.18	0.329606932	0.434968764	IPMS2	SOL	2-isopropylmalate synthase 2, chloroplastic OS=Arabidopsis thaliana OX=3702 GN=IPMS2 PE=1 SV=1	False
Q9C551	-0.18	0.097614747	0.194660463	RH5	SOL	DEAD-box ATP-dependent RNA helicase 5 OS=Arabidopsis thaliana OX=3702 GN=RH5 PE=1 SV=1	False
Q9C574	1.86	0.000777969	0.008720946	At5g22140	MEM	FAD/NAD(P)-binding oxidoreductase family protein OS=Arabidopsis thaliana OX=3702 GN=At5g22140 PE=1 SV=1	True
Q9C576	-0.02	0.90835814	0.930137706	At5g22120	SOL	At5g22100 OS=Arabidopsis thaliana OX=3702 GN=At5g22120 PE=1 SV=1	False
Q9C5A9	0.03	0.310127855	0.418326392	At5g08680	SOL	ATP synthase subunit beta-3, mitochondrial OS=Arabidopsis thaliana OX=3702 GN=At5g08680 PE=1 SV=1	False
Q9C5C2	-2.93	0.002089976	0.036651834	TGG2	SOL	Myrosinase 2 OS=Arabidopsis thaliana OX=3702 GN=TGG2 PE=1 SV=1	True
Q9C5C5	0.14	0.034738148	0.111459059	At1g07700	SOL	Thioredoxin-like 4, chloroplastic OS=Arabidopsis thaliana OX=3702 GN=At1g07700 PE=2 SV=1	False
Q9C5C7	-0.46	0.008653759	0.028090565	At3g24530	MEM	AAA-type ATPase family protein / ankyrin repeat family protein OS=Arabidopsis thaliana OX=3702 GN=At3g24530 PE=1 SV=1	True
Q9C5C8	-0.23	0.052698522	0.088946268	MSRB2	MEM	Peptide methionine sulfoxide reductase B2, chloroplastic OS=Arabidopsis thaliana OX=3702 GN=MSRB2 PE=1 SV=1	False
Q9C5D0	-0.55	0.161593334	0.216537397	CBSX2	MEM	CBS domain-containing protein CBSX2, chloroplastic OS=Arabidopsis thaliana OX=3702 GN=CBSX2 PE=1 SV=1	False
Q9C5E5	-0.46	0.044823251	0.12735655	DGK5	SOL	Diacylglycerol kinase 5 OS=Arabidopsis thaliana OX=3702 GN=DGK5 PE=2 SV=1	False
Q9C5E7	-0.3	0.033011493	0.06331802	APUM6	MEM	Pumilio homolog 6, chloroplastic OS=Arabidopsis thaliana OX=3702 GN=APUM6 PE=1 SV=1	False
Q9C5F4	0.43	0.018132109	0.081364552	At1g70570	SOL	Anthranilate phosphoribosyltransferase OS=Arabidopsis thaliana OX=3702 GN=At1g70570 PE=1 SV=1	False
Q9C5F6	-0.84	0.000811528	0.008946066	At4g38550	MEM	Phospholipase-like protein (PEARLI 4) family protein OS=Arabidopsis thaliana OX=3702 GN=At4g38550 PE=1 SV=1	True
Q9C5G5	-0.64	0.008594791	0.02801304	SAC7	MEM	Phosphoinositide phosphatase SAC7 OS=Arabidopsis thaliana OX=3702 GN=SAC7 PE=2 SV=1	True
Q9C5G6	0.24	0.000958519	0.026478646	At1g23430	SOL	Peptidase C15, pyroglutamyl peptidase I-like protein OS=Arabidopsis thaliana OX=3702 GN=At1g23430 PE=1 SV=1	True
Q9C5G7	-0.17	0.061562786	0.150170575	PUX13	SOL	Plant UBX domain-containing protein 13 OS=Arabidopsis thaliana OX=3702 GN=PUX13 PE=1 SV=1	False
Q9C5H4	0.37	0.089870427	0.184942438	MTV1	SOL	Protein MODIFIED TRANSPORT TO THE VACUOLE 1 OS=Arabidopsis thaliana OX=3702 GN=MTV1 PE=1 SV=1	False
Q9C5H9	-0.59	0.038263179	0.070677743	GCP2	MEM	Gamma-tubulin complex component 2 OS=Arabidopsis thaliana OX=3702 GN=GCP2 PE=1 SV=1	False
Q9C5I1	-0.49	0.003492833	0.016637057	USP	MEM	UDP-sugar pyrophosphorylase OS=Arabidopsis thaliana OX=3702 GN=USP PE=1 SV=1	True
Q9C5I9	0.23	0.095575503	0.192211518	At5g16120	SOL	Alpha/beta-Hydrolases superfamily protein OS=Arabidopsis thaliana OX=3702 GN=At5g16120 PE=1 SV=1	False
Q9C5J7	-0.2	0.007128206	0.053235877	PFK7	SOL	ATP-dependent 6-phosphofructokinase 7 OS=Arabidopsis thaliana OX=3702 GN=PFK7 PE=1 SV=1	False
Q9C5J8	-0.7	0.012204014	0.033546906	OEP80	MEM	Outer envelope protein 80, chloroplastic OS=Arabidopsis thaliana OX=3702 GN=OEP80 PE=2 SV=1	True
Q9C5M0	-0.41	0.009753768	0.029855653	DTC	MEM	Mitochondrial dicarboxylate/tricarboxylate transporter DTC OS=Arabidopsis thaliana OX=3702 GN=DTC PE=1 SV=1	True
Q9C5M8	-0.3	0.067016483	0.157594775	At4g24780	SOL	Probable pectate lyase 18 OS=Arabidopsis thaliana OX=3702 GN=At4g24780 PE=2 SV=2	False
Q9C5R8	0.11	0.052354218	0.136285772	At5g06290	SOL	2-Cys peroxiredoxin BAS1-like, chloroplastic OS=Arabidopsis thaliana OX=3702 GN=At5g06290 PE=2 SV=3	False
Q9C5U3	-0.17	0.038795973	0.071487446	RPT6A	MEM	26S proteasome regulatory subunit 8 homolog A OS=Arabidopsis thaliana OX=3702 GN=RPT6A PE=1 SV=1	False
Q9C5U8	0.0	0.543174837	0.629693013	HISN8	SOL	Histidinol dehydrogenase, chloroplastic OS=Arabidopsis thaliana OX=3702 GN=HISN8 PE=2 SV=1	False
Q9C5W3	-0.28	0.008303458	0.056974144	NADK2	SOL	NAD kinase 2, chloroplastic OS=Arabidopsis thaliana OX=3702 GN=NADK2 PE=1 SV=1	False
Q9C5X3	0.34	0.087436958	0.131972008	KEU	MEM	SNARE-interacting protein KEULE OS=Arabidopsis thaliana OX=3702 GN=KEU PE=1 SV=2	False
Q9C5Y0	0.14	0.265494594	0.328019466	PLDDELTA	MEM	Phospholipase D delta OS=Arabidopsis thaliana OX=3702 GN=PLDDELTA PE=1 SV=2	False
Q9C5Z2	-0.22	0.00855849	0.057407605	TIF3H1	SOL	Eukaryotic translation initiation factor 3 subunit H OS=Arabidopsis thaliana OX=3702 GN=TIF3H1 PE=1 SV=2	False
Q9C5Z3	-0.3	0.016590088	0.040100915	TIF3E1	MEM	Eukaryotic translation initiation factor 3 subunit E OS=Arabidopsis thaliana OX=3702 GN=TIF3E1 PE=1 SV=1	True
Q9C658	1.09	0.002169913	0.013335332	DCP5	MEM	Protein decapping 5 OS=Arabidopsis thaliana OX=3702 GN=DCP5 PE=1 SV=1	True
Q9C681	0.21	0.357564816	0.461696637	At1g51060	SOL	Probable histone H2A.1 OS=Arabidopsis thaliana OX=3702 GN=At1g51060 PE=1 SV=1	False
Q9C685	-0.14	0.242640716	0.350858759	CHLORORESPIRATORY	SOL	At1g51100 OS=Arabidopsis thaliana OX=3702 GN=CHLORORESPIRATORY REDUCTION 41 PE=1 SV=1	False
Q9C6B3	-0.74	0.022492197	0.048597997	GAMMACA2	MEM	Gamma carbonic anhydrase 2, mitochondrial OS=Arabidopsis thaliana OX=3702 GN=GAMMACA2 PE=1 SV=1	True
Q9C6B9	-2.75	0.007655157	0.055020961	NMT3	SOL	Phosphoethanolamine N-methyltransferase 3 OS=Arabidopsis thaliana OX=3702 GN=NMT3 PE=2 SV=2	False
Q9C6D2	-0.02	0.571983262	0.627116618	MTK	MEM	Methylthioribose kinase OS=Arabidopsis thaliana OX=3702 GN=MTK PE=1 SV=1	False
Q9C6I6	-0.14	0.445494973	0.542167236	ETFA	SOL	Electron transfer flavoprotein subunit alpha, mitochondrial OS=Arabidopsis thaliana OX=3702 GN=ETFA PE=1 SV=1	False
Q9C6U3	0.6	0.06034751	0.098726151	T8G24.2	MEM	Uncharacterized protein T8G24.2 (Fragment) OS=Arabidopsis thaliana OX=3702 GN=T8G24.2 PE=1 SV=1	False
Q9C6X2	-0.15	0.120192579	0.170604802	SCAMP4	MEM	Secretory carrier-associated membrane protein 4 OS=Arabidopsis thaliana OX=3702 GN=SCAMP4 PE=1 SV=1	False
Q9C713	-0.39	0.00344496	0.016582151	At1g66530	MEM	Arginine--tRNA ligase, cytoplasmic OS=Arabidopsis thaliana OX=3702 GN=At1g66530 PE=1 SV=1	True
Q9C718	-0.08	0.216618536	0.322777691	RH20	SOL	DEAD-box ATP-dependent RNA helicase 20 OS=Arabidopsis thaliana OX=3702 GN=RH20 PE=2 SV=1	False
Q9C723	0.15	0.001124584	0.009912142	At1g55090	MEM	Glutamine-dependent NAD(+) synthetase OS=Arabidopsis thaliana OX=3702 GN=At1g55090 PE=2 SV=1	True
Q9C744	-0.61	4.95752e-05	0.003642269	DELTA-ADR	MEM	AP-3 complex subunit delta OS=Arabidopsis thaliana OX=3702 GN=DELTA-ADR PE=1 SV=1	True
Q9C768	0.83	0.012325953	0.033749287	UGT76B1	MEM	UDP-glycosyltransferase 76B1 OS=Arabidopsis thaliana OX=3702 GN=UGT76B1 PE=2 SV=1	True
Q9C774	0.91	0.00018531	0.004850727	RPN8B	MEM	26S proteasome non-ATPase regulatory subunit 7 homolog B OS=Arabidopsis thaliana OX=3702 GN=RPN8B PE=1 SV=1	True
Q9C787	0.78	0.007269125	0.053641377	At1g69510	SOL	cAMP-regulated phosphoprotein 19-related protein OS=Arabidopsis thaliana OX=3702 GN=At1g69510 PE=1 SV=1	False
Q9C7F5	1.53	0.000491354	0.007282537	NTF2B	MEM	Nuclear transport factor 2B OS=Arabidopsis thaliana OX=3702 GN=NTF2B PE=1 SV=1	True
Q9C7F7	0.63	0.004242916	0.018784861	LTPG1	MEM	Non-specific lipid transfer protein GPI-anchored 1 OS=Arabidopsis thaliana OX=3702 GN=LTPG1 PE=2 SV=1	True
Q9C7N2	-0.6	0.004288837	0.018880033	CAD1	MEM	MACPF domain-containing protein CAD1 OS=Arabidopsis thaliana OX=3702 GN=CAD1 PE=2 SV=1	True
Q9C7N4	1.04	0.003820519	0.017498316	At1g29670	MEM	GDSL esterase/lipase At1g29670 OS=Arabidopsis thaliana OX=3702 GN=At1g29670 PE=2 SV=1	True
Q9C7N5	0.36	0.375065391	0.47904966	At1g29660	SOL	GDSL esterase/lipase At1g29660 OS=Arabidopsis thaliana OX=3702 GN=At1g29660 PE=1 SV=1	False
Q9C7S3	0.05	0.921508022	0.934887996	At1g42960	MEM	Inner membrane localized protein OS=Arabidopsis thaliana OX=3702 GN=At1g42960 PE=1 SV=1	False
Q9C7V7	-0.26	0.047986859	0.08304318	At1g64330	MEM	At1g64330 OS=Arabidopsis thaliana OX=3702 GN=At1g64330 PE=1 SV=1	False
Q9C7W1	0.21	0.276987518	0.38675202	At1g64370	SOL	Filaggrin-like protein OS=Arabidopsis thaliana OX=3702 GN=At1g64370 PE=1 SV=1	False
Q9C7W4	-0.7	0.011128523	0.031985348	LACS3	MEM	Long chain acyl-CoA synthetase 3 OS=Arabidopsis thaliana OX=3702 GN=LACS3 PE=2 SV=1	True
Q9C7W7	0.33	0.035889212	0.067486534	UGE4	MEM	UDP-glucose 4-epimerase 4 OS=Arabidopsis thaliana OX=3702 GN=UGE4 PE=1 SV=1	False
Q9C7X5	-0.33	0.05658911	0.09387408	NAS4	MEM	Probable nicotianamine synthase 4 OS=Arabidopsis thaliana OX=3702 GN=NAS4 PE=2 SV=1	False
Q9C7Y2	0.08	0.025609165	0.095246098	MORF5	SOL	Multiple organellar RNA editing factor 5, chloroplastic/mitochondrial OS=Arabidopsis thaliana OX=3702 GN=MORF5 PE=1 SV=1	False
Q9C7Y4	0.28	0.078367173	0.170848927	FDC2	SOL	Ferredoxin C 2, chloroplastic OS=Arabidopsis thaliana OX=3702 GN=FDC2 PE=2 SV=1	False
Q9C803	-0.61	0.00983855	0.030008423	At1g33490	MEM	E3 ubiquitin-protein ligase OS=Arabidopsis thaliana OX=3702 GN=At1g33490 PE=1 SV=1	True
Q9C820	0.64	0.008944148	0.028582519	RABG3D	MEM	Ras-related protein RABG3d OS=Arabidopsis thaliana OX=3702 GN=RABG3D PE=2 SV=1	True
Q9C824	0.48	0.065570249	0.105441135	At1g52320	MEM	BZIP protein, putative; 48652-45869 OS=Arabidopsis thaliana OX=3702 GN=At1g52320 PE=1 SV=1	False
Q9C829	-1.15	5.80773e-05	0.003659627	NUP50A	MEM	Nuclear pore complex protein NUP50A OS=Arabidopsis thaliana OX=3702 GN=NUP50A PE=1 SV=1	True
Q9C835	-1.35	0.001053637	0.00976055	CYP21-4	MEM	Peptidyl-prolyl cis-trans isomerase CYP21-4 OS=Arabidopsis thaliana OX=3702 GN=CYP21-4 PE=2 SV=1	True
Q9C865	-0.24	0.017953349	0.081051845	SH3P1	SOL	SH3 domain-containing protein 1 OS=Arabidopsis thaliana OX=3702 GN=SH3P1 PE=1 SV=1	False
Q9C891	-0.4	0.252429454	0.314285493	DIR20	MEM	Dirigent protein 20 OS=Arabidopsis thaliana OX=3702 GN=DIR20 PE=2 SV=1	False
Q9C8D3	-0.27	0.052483091	0.136555269	At1g66130	SOL	NAD(P)-binding Rossmann-fold superfamily protein OS=Arabidopsis thaliana OX=3702 GN=At1g66130 PE=1 SV=1	False
Q9C8D8	1.15	0.000714844	0.008366555	At1g66070	MEM	Eukaryotic translation initiation factor 3 subunit J OS=Arabidopsis thaliana OX=3702 GN=At1g66070 PE=1 SV=1	True
Q9C8E6	-0.15	0.003015065	0.040259894	PMI1	SOL	Protein PLASTID MOVEMENT IMPAIRED 1 OS=Arabidopsis thaliana OX=3702 GN=PMI1 PE=1 SV=1	True
Q9C8F1	0.4	0.011456472	0.032498471	At1g36730	MEM	Probable eukaryotic translation initiation factor 5-1 OS=Arabidopsis thaliana OX=3702 GN=At1g36730 PE=2 SV=1	True
Q9C8G5	0.32	0.010088704	0.030400235	ERD4	MEM	CSC1-like protein ERD4 OS=Arabidopsis thaliana OX=3702 GN=ERD4 PE=1 SV=1	True
Q9C8G9	-0.3	0.046118701	0.080757695	ABCC1	MEM	ABC transporter C family member 1 OS=Arabidopsis thaliana OX=3702 GN=ABCC1 PE=1 SV=1	False
Q9C8H3	-0.18	0.158220623	0.213526612	FTIP4	MEM	FT-interacting protein 4 OS=Arabidopsis thaliana OX=3702 GN=FTIP4 PE=1 SV=1	False
Q9C8I6	0.7	0.020547711	0.046012018	IOS1	MEM	LRR receptor-like serine/threonine-protein kinase IOS1 OS=Arabidopsis thaliana OX=3702 GN=IOS1 PE=1 SV=1	True
Q9C8K2	-0.43	0.037641074	0.0697922	ABCG12	MEM	ABC transporter G family member 12 OS=Arabidopsis thaliana OX=3702 GN=ABCG12 PE=1 SV=1	False
Q9C8K8	0.28	0.193060599	0.25110037	At1g51560	MEM	Pyridoxamine 5'-phosphate oxidase family protein OS=Arabidopsis thaliana OX=3702 GN=At1g51560 PE=1 SV=1	False
Q9C8L2	-0.03	0.650304642	0.721040554	FAP3	SOL	Fatty-acid-binding protein 3, chloroplastic OS=Arabidopsis thaliana OX=3702 GN=FAP3 PE=1 SV=1	False
Q9C8L4	0.54	0.011464328	0.065937632	GLY3	SOL	Persulfide dioxygenase ETHE1 homolog, mitochondrial OS=Arabidopsis thaliana OX=3702 GN=GLY3 PE=1 SV=3	False
Q9C8L9	-0.23	0.164119744	0.2194166	F22G10.8	MEM	At1g53640/F22G10.8 OS=Arabidopsis thaliana OX=3702 GN=F22G10.8 PE=1 SV=1	False
Q9C8N0	-0.51	0.010582919	0.0310054	F22G10.1	MEM	K+-H+ exchange-like protein OS=Arabidopsis thaliana OX=3702 GN=F22G10.1 PE=1 SV=1	True
Q9C8P0	1.62	0.000275417	0.005777543	EMB3003	MEM	Dihydrolipoyllysine-residue acetyltransferase component 5 of pyruvate dehydrogenase complex, chloroplastic OS=Arabidopsis thaliana OX=3702 GN=EMB3003 PE=2 SV=1	True
Q9C8P5	0.29	0.004183179	0.043876173	At1g35420	SOL	Alpha/beta-Hydrolases superfamily protein OS=Arabidopsis thaliana OX=3702 GN=At1g35420 PE=1 SV=1	True
Q9C8W7	0.63	0.01566775	0.076420632	At1g71950	SOL	At1g71950 OS=Arabidopsis thaliana OX=3702 GN=At1g71950 PE=1 SV=1	False
Q9C8X4	-0.2	0.466130393	0.526336542	At1g36390	MEM	GrpE protein homolog OS=Arabidopsis thaliana OX=3702 GN=At1g36390 PE=1 SV=1	False
Q9C8Y9	-0.34	0.027437118	0.098509147	BGLU22	SOL	Beta-glucosidase 22 OS=Arabidopsis thaliana OX=3702 GN=BGLU22 PE=1 SV=1	False
Q9C901	1.07	0.001207233	0.010221414	At3g06610	MEM	DNA-binding enhancer protein-like protein OS=Arabidopsis thaliana OX=3702 GN=At3g06610 PE=1 SV=1	True
Q9C907	0.64	0.00681738	0.052065728	GDPD5	SOL	Glycerophosphodiester phosphodiesterase GDPD5 OS=Arabidopsis thaliana OX=3702 GN=GDPD5 PE=2 SV=1	False
Q9C909	-0.58	0.03897608	0.071761013	RBG5	MEM	Glycine-rich RNA-binding protein 5, mitochondrial OS=Arabidopsis thaliana OX=3702 GN=RBG5 PE=1 SV=1	False
Q9C920	0.01	0.517241692	0.575380302	KDSB	MEM	3-deoxy-manno-octulosonate cytidylyltransferase, mitochondrial OS=Arabidopsis thaliana OX=3702 GN=KDSB PE=1 SV=1	False
Q9C923	-0.31	0.082722811	0.176337697	NUG2	SOL	Nuclear/nucleolar GTPase 2 OS=Arabidopsis thaliana OX=3702 GN=NUG2 PE=1 SV=1	False
Q9C942	0.3	0.033046122	0.063345218	CSE	MEM	Caffeoylshikimate esterase OS=Arabidopsis thaliana OX=3702 GN=CSE PE=1 SV=1	False
Q9C944	-3.14	4.26971e-05	0.003642269	At1g52740	MEM	Probable histone H2A variant 3 OS=Arabidopsis thaliana OX=3702 GN=At1g52740 PE=1 SV=1	True
Q9C952	-0.92	0.006964638	0.025164224	CPSF73-I	MEM	Cleavage and polyadenylation specificity factor subunit 3-I OS=Arabidopsis thaliana OX=3702 GN=CPSF73-I PE=1 SV=1	True
Q9C958	0.17	0.023301455	0.049894107	SRK2B	MEM	Serine/threonine-protein kinase SRK2B OS=Arabidopsis thaliana OX=3702 GN=SRK2B PE=1 SV=1	True
Q9C969	-0.36	0.126181519	0.228529093	ISS1	SOL	Aromatic aminotransferase ISS1 OS=Arabidopsis thaliana OX=3702 GN=ISS1 PE=1 SV=1	False
Q9C977	-0.37	0.005859403	0.022688098	At1g80270	MEM	Pentatricopeptide repeat-containing protein At1g80270, mitochondrial OS=Arabidopsis thaliana OX=3702 GN=At1g80270 PE=2 SV=1	True
Q9C9C0	-0.87	0.001824403	0.01231824	SPPA	MEM	Serine protease SPPA, chloroplastic OS=Arabidopsis thaliana OX=3702 GN=SPPA PE=2 SV=1	True
Q9C9C4	0.18	0.183443296	0.24149859	ENO1	MEM	Enolase 1, chloroplastic OS=Arabidopsis thaliana OX=3702 GN=ENO1 PE=1 SV=1	False
Q9C9C5	0.39	0.067538929	0.157874107	RPL6C	SOL	60S ribosomal protein L6-3 OS=Arabidopsis thaliana OX=3702 GN=RPL6C PE=2 SV=1	False
Q9C9C6	-0.28	0.329090583	0.392534821	RPL6B	MEM	60S ribosomal protein L6-2 OS=Arabidopsis thaliana OX=3702 GN=RPL6B PE=2 SV=1	False
Q9C9C9	-1.21	9.2311e-05	0.004144185	SOT18	MEM	Cytosolic sulfotransferase 18 OS=Arabidopsis thaliana OX=3702 GN=SOT18 PE=1 SV=1	True
Q9C9D0	0.51	0.008683259	0.02812601	SOT16	MEM	Cytosolic sulfotransferase 16 OS=Arabidopsis thaliana OX=3702 GN=SOT16 PE=1 SV=1	True
Q9C9E6	-1.05	9.89296e-05	0.004249764	At1g72480	MEM	Lung seven transmembrane receptor family protein OS=Arabidopsis thaliana OX=3702 GN=At1g72480 PE=1 SV=1	True
Q9C9G5	0.27	0.02172436	0.047536562	At1g68300	MEM	Adenine nucleotide alpha hydrolases-like superfamily protein OS=Arabidopsis thaliana OX=3702 GN=At1g68300 PE=1 SV=1	True
Q9C9I7	-1.1	0.034336913	0.110793573	PSB33	SOL	Rieske (2Fe-2S) domain-containing protein OS=Arabidopsis thaliana OX=3702 GN=PSB33 PE=1 SV=1	False
Q9C9K3	0.28	0.035130854	0.066342416	PFP-ALPHA2	MEM	Pyrophosphate--fructose 6-phosphate 1-phosphotransferase subunit alpha 2 OS=Arabidopsis thaliana OX=3702 GN=PFP-ALPHA2 PE=2 SV=1	False
Q9C9L0	-1.01	0.002357914	0.013868412	CUL3B	MEM	Cullin-3B OS=Arabidopsis thaliana OX=3702 GN=CUL3B PE=1 SV=1	True
Q9C9M1	0.25	0.178684279	0.236203842	AR401	MEM	Protein-lysine N-methyltransferase At1g66680 OS=Arabidopsis thaliana OX=3702 GN=AR401 PE=1 SV=1	False
Q9C9N6	-0.42	0.003202593	0.016148947	PMI2	MEM	Protein PLASTID MOVEMENT IMPAIRED 2 OS=Arabidopsis thaliana OX=3702 GN=PMI2 PE=1 SV=1	True
Q9C9P3	-0.67	0.013763825	0.036081023	F9E10.24	MEM	ADP-glucose pyrophosphorylase family protein OS=Arabidopsis thaliana OX=3702 GN=F9E10.24 PE=1 SV=1	True
Q9C9P4	0.01	0.737726555	0.793464471	KAS2	SOL	3-oxoacyl-[acyl-carrier-protein] synthase II, chloroplastic OS=Arabidopsis thaliana OX=3702 GN=KAS2 PE=1 SV=1	False
Q9C9Q4	-0.2	0.014166788	0.073048551	JAC1	SOL	J domain-containing protein required for chloroplast accumulation response 1 OS=Arabidopsis thaliana OX=3702 GN=JAC1 PE=1 SV=1	False
Q9C9R3	-0.11	0.683545348	0.750062829	TRM112B	SOL	Multifunctional methyltransferase subunit TRM112 homolog B OS=Arabidopsis thaliana OX=3702 GN=TRM112B PE=1 SV=1	False
Q9C9V9	-1.13	0.001064951	0.00976055	COG5	MEM	Conserved oligomeric Golgi complex subunit 5 OS=Arabidopsis thaliana OX=3702 GN=COG5 PE=1 SV=1	True
Q9C9W3	0.0	0.443940982	0.540630193	At1g67980	SOL	Putative caffeoyl-CoA O-methyltransferase At1g67980 OS=Arabidopsis thaliana OX=3702 GN=At1g67980 PE=2 SV=1	False
Q9C9W5	-0.31	0.158614263	0.262061383	HPR	SOL	Glycerate dehydrogenase HPR, peroxisomal OS=Arabidopsis thaliana OX=3702 GN=HPR PE=1 SV=1	False
Q9C9X0	-0.15	0.022168867	0.089191582	MAP70.1	SOL	Microtubule-associated protein 70-1 OS=Arabidopsis thaliana OX=3702 GN=MAP70.1 PE=1 SV=1	False
Q9C9Y6	0.85	0.001108872	0.009832773	TRX9	MEM	Thioredoxin H9 OS=Arabidopsis thaliana OX=3702 GN=TRX9 PE=1 SV=1	True
Q9C9Y8	0.06	0.427577355	0.488742479	At3g08680	MEM	Probable inactive receptor kinase At3g08680 OS=Arabidopsis thaliana OX=3702 GN=At3g08680 PE=1 SV=1	False
Q9C9Z2	-0.25	0.013588201	0.035838067	RER3	MEM	Protein RETICULATA-RELATED 3, chloroplastic OS=Arabidopsis thaliana OX=3702 GN=RER3 PE=1 SV=1	True
Q9C9Z3	-0.53	0.002126131	0.013173882	RER2	MEM	Protein RETICULATA-RELATED 2, chloroplastic OS=Arabidopsis thaliana OX=3702 GN=RER2 PE=2 SV=1	True
Q9C9Z6	1.16	0.01004296	0.030380022	F17O14.7	MEM	AT3g08600/F17O14_7 OS=Arabidopsis thaliana OX=3702 GN=F17O14.7 PE=1 SV=1	True
Q9CA40	0.47	0.003575681	0.042058061	NUDT1	SOL	Nudix hydrolase 1 OS=Arabidopsis thaliana OX=3702 GN=NUDT1 PE=1 SV=1	True
Q9CA57	0.47	0.071892929	0.113256652	GSTU10	MEM	Glutathione S-transferase U10 OS=Arabidopsis thaliana OX=3702 GN=GSTU10 PE=2 SV=1	False
Q9CA59	0.51	0.096159961	0.142385998	NRP1	MEM	NAP1-related protein 1 OS=Arabidopsis thaliana OX=3702 GN=NRP1 PE=1 SV=1	False
Q9CA67	-0.63	0.01862264	0.042973129	CHLP	MEM	Geranylgeranyl diphosphate reductase, chloroplastic OS=Arabidopsis thaliana OX=3702 GN=CHLP PE=1 SV=1	True
Q9CA75	-0.55	0.009591048	0.029532563	XXT5	MEM	Probable xyloglucan 6-xylosyltransferase 5 OS=Arabidopsis thaliana OX=3702 GN=XXT5 PE=1 SV=1	True
Q9CA83	1.06	0.007119044	0.025396266	NADP-ME4	MEM	NADP-dependent malic enzyme 4, chloroplastic OS=Arabidopsis thaliana OX=3702 GN=NADP-ME4 PE=1 SV=1	True
Q9CA90	0.14	0.173931909	0.23051187	HPR2	MEM	Glyoxylate/hydroxypyruvate reductase A HPR2 OS=Arabidopsis thaliana OX=3702 GN=HPR2 PE=1 SV=1	False
Q9CAB7	-0.08	0.683639584	0.729639607	PXG4	MEM	Probable peroxygenase 4 OS=Arabidopsis thaliana OX=3702 GN=PXG4 PE=1 SV=1	False
Q9CAC8	0.01	0.576972455	0.660066164	F24D7.19	SOL	At1g63610 OS=Arabidopsis thaliana OX=3702 GN=F24D7.19 PE=1 SV=1	False
Q9CAD1	0.06	0.196266107	0.254557003	At1g63660	MEM	Glutamine amidotransferase OS=Arabidopsis thaliana OX=3702 GN=At1g63660 PE=1 SV=1	False
Q9CAF2	0.08	0.875387465	0.904729381	NUDT26	SOL	Nudix hydrolase 26, chloroplastic OS=Arabidopsis thaliana OX=3702 GN=NUDT26 PE=1 SV=1	False
Q9CAF5	-0.02	0.776033512	0.811395075	ABCI6	MEM	ABC transporter I family member 6, chloroplastic OS=Arabidopsis thaliana OX=3702 GN=ABCI6 PE=1 SV=1	False
Q9CAF6	0.06	0.286829993	0.350110406	GYRA	MEM	DNA gyrase subunit A, chloroplastic/mitochondrial OS=Arabidopsis thaliana OX=3702 GN=GYRA PE=1 SV=2	False
Q9CAI3	0.44	0.012124047	0.033441042	CAD1	MEM	Probable cinnamyl alcohol dehydrogenase 1 OS=Arabidopsis thaliana OX=3702 GN=CAD1 PE=2 SV=1	True
Q9CAI5	0.1	0.099878223	0.197542473	CKL2	SOL	Casein kinase 1-like protein 2 OS=Arabidopsis thaliana OX=3702 GN=CKL2 PE=1 SV=1	False
Q9CAK8	-0.02	0.292579415	0.401506488	ISPF	SOL	2-C-methyl-D-erythritol 2,4-cyclodiphosphate synthase, chloroplastic OS=Arabidopsis thaliana OX=3702 GN=ISPF PE=1 SV=1	False
Q9CAL2	0.01	0.541422812	0.597700427	CRK3	MEM	Cysteine-rich receptor-like protein kinase 3 OS=Arabidopsis thaliana OX=3702 GN=CRK3 PE=2 SV=1	False
Q9CAL3	0.02	0.544920311	0.600919004	CRK2	MEM	Cysteine-rich receptor-like protein kinase 2 OS=Arabidopsis thaliana OX=3702 GN=CRK2 PE=1 SV=1	False
Q9CAN8	-0.65	0.008474894	0.027767096	LPCAT2	MEM	Lysophospholipid acyltransferase 2 OS=Arabidopsis thaliana OX=3702 GN=LPCAT2 PE=1 SV=1	True
Q9CAP8	-0.66	0.001711509	0.011967682	LACS9	MEM	Long chain acyl-CoA synthetase 9, chloroplastic OS=Arabidopsis thaliana OX=3702 GN=LACS9 PE=1 SV=1	True
Q9CAQ8	-0.36	0.09165273	0.136626375	RFC5	MEM	Replication factor C subunit 5 OS=Arabidopsis thaliana OX=3702 GN=RFC5 PE=1 SV=1	False
Q9CAR7	-0.72	0.003727603	0.017277115	HIR2	MEM	Hypersensitive-induced response protein 2 OS=Arabidopsis thaliana OX=3702 GN=HIR2 PE=1 SV=1	True
Q9CAT7	0.15	0.286201832	0.394869257	At1g73230	SOL	Nascent polypeptide-associated complex subunit beta OS=Arabidopsis thaliana OX=3702 GN=At1g73230 PE=2 SV=1	False
Q9CAV0	0.49	0.003068096	0.040474785	RPS3AA	SOL	40S ribosomal protein S3a-1 OS=Arabidopsis thaliana OX=3702 GN=RPS3AA PE=1 SV=3	True
Q9CAW4	-0.16	0.108153961	0.208696983	At3g05000	SOL	Transport protein particle (TRAPP) component OS=Arabidopsis thaliana OX=3702 GN=At3g05000 PE=1 SV=1	False
Q9CAX6	0.51	0.033329308	0.063795934	RPS14B	MEM	40S ribosomal protein S14-2 OS=Arabidopsis thaliana OX=3702 GN=RPS14B PE=1 SV=1	False
Q9CAX7	0.16	0.705582009	0.768231489	F24K9.17	SOL	Small nuclear ribonucleoprotein G OS=Arabidopsis thaliana OX=3702 GN=F24K9.17 PE=1 SV=1	False
Q9FDW8	-0.67	0.004411396	0.019206656	CB5-A	MEM	Cytochrome b5 isoform A OS=Arabidopsis thaliana OX=3702 GN=CB5-A PE=1 SV=1	True
Q9FDZ9	0.04	0.498313632	0.557259757	RPL21E	MEM	60S ribosomal protein L21-2 OS=Arabidopsis thaliana OX=3702 GN=RPL21E PE=2 SV=1	False
Q9FE06	0.69	0.003827216	0.043156362	EXL2	SOL	Protein EXORDIUM-like 2 OS=Arabidopsis thaliana OX=3702 GN=EXL2 PE=2 SV=1	True
Q9FE18	0.91	0.002440719	0.014087953	At1g26550	MEM	Peptidyl-prolyl cis-trans isomerase OS=Arabidopsis thaliana OX=3702 GN=At1g26550 PE=1 SV=1	True
Q9FE20	-0.75	0.015083215	0.037842419	PBS1	MEM	Serine/threonine-protein kinase PBS1 OS=Arabidopsis thaliana OX=3702 GN=PBS1 PE=1 SV=1	True
Q9FE29	1.26	0.00274598	0.014829716	At4g15610	MEM	CASP-like protein 1D1 OS=Arabidopsis thaliana OX=3702 GN=At4g15610 PE=2 SV=1	True
Q9FE38	-0.07	0.212989058	0.272556777	POT3	MEM	Potassium transporter 3 OS=Arabidopsis thaliana OX=3702 GN=POT3 PE=1 SV=1	False
Q9FE46	-0.39	0.205584152	0.312075389	GSTF12	SOL	Glutathione S-transferase F12 OS=Arabidopsis thaliana OX=3702 GN=GSTF12 PE=1 SV=1	False
Q9FE54	0.52	0.000462051	0.007085538	F6I1.15	MEM	At1g16880 OS=Arabidopsis thaliana OX=3702 GN=F6I1.15 PE=1 SV=1	True
Q9FE58	0.54	0.00081493	0.00897001	RPL22C	MEM	60S ribosomal protein L22-3 OS=Arabidopsis thaliana OX=3702 GN=RPL22C PE=2 SV=1	True
Q9FE63	-0.12	0.251218369	0.313155239	PRF3	MEM	Profilin-3 OS=Arabidopsis thaliana OX=3702 GN=PRF3 PE=1 SV=2	False
Q9FE65	1.45	0.004123586	0.018423308	RPL34B	MEM	60S ribosomal protein L34-2 OS=Arabidopsis thaliana OX=3702 GN=RPL34B PE=3 SV=1	True
Q9FE68	-0.14	0.305661211	0.414180974	UGT71C5	SOL	UDP-glycosyltransferase 71C5 OS=Arabidopsis thaliana OX=3702 GN=UGT71C5 PE=2 SV=1	False
Q9FE78	-0.28	0.21496615	0.321411159	EIF2A	SOL	Eukaryotic translation initiation factor 2 subunit alpha OS=Arabidopsis thaliana OX=3702 GN=EIF2A PE=1 SV=1	False
Q9FE79	0.18	0.46148456	0.522169246	RABA4C	MEM	Ras-related protein RABA4c OS=Arabidopsis thaliana OX=3702 GN=RABA4C PE=2 SV=1	False
Q9FEA2	-0.19	0.008473291	0.027767096	OVA3	MEM	Glutamate--tRNA ligase, chloroplastic/mitochondrial OS=Arabidopsis thaliana OX=3702 GN=OVA3 PE=1 SV=1	True
Q9FEB5	-0.89	0.000407779	0.006758377	DSP4	MEM	Phosphoglucan phosphatase DSP4, chloroplastic OS=Arabidopsis thaliana OX=3702 GN=DSP4 PE=1 SV=1	True
Q9FEC1	-0.91	0.003032136	0.01561088	OHP2	MEM	Light-harvesting complex-like protein OHP2, chloroplastic OS=Arabidopsis thaliana OX=3702 GN=OHP2 PE=1 SV=1	True
Q9FEE2	-0.33	0.043567276	0.077368755	TON2	MEM	Probable serine/threonine-protein phosphatase 2A regulatory subunit B'' subunit TON2 OS=Arabidopsis thaliana OX=3702 GN=TON2 PE=1 SV=1	False
Q9FEF8	0.43	0.122578144	0.224354233	FIB1	SOL	rRNA 2'-O-methyltransferase fibrillarin 1 OS=Arabidopsis thaliana OX=3702 GN=FIB1 PE=1 SV=1	False
Q9FEF9	-0.95	0.003278783	0.016249234	At2g20820	MEM	At2g20820 OS=Arabidopsis thaliana OX=3702 GN=At2g20820 PE=1 SV=1	True
Q9FF10	0.53	0.008680466	0.05785161	At5g07830	SOL	Heparanase-like protein 1 OS=Arabidopsis thaliana OX=3702 GN=At5g07830 PE=2 SV=1	False
Q9FF52	2.69	0.00025484	0.005481077	RPL12C	MEM	60S ribosomal protein L12-3 OS=Arabidopsis thaliana OX=3702 GN=RPL12C PE=2 SV=1	True
Q9FF53	1.67	9.73073e-05	0.004245432	PIP2-4	MEM	Probable aquaporin PIP2-4 OS=Arabidopsis thaliana OX=3702 GN=PIP2-4 PE=1 SV=1	True
Q9FF55	0.3	0.007830867	0.026666268	PDIL1-4	MEM	Protein disulfide isomerase-like 1-4 OS=Arabidopsis thaliana OX=3702 GN=PDIL1-4 PE=1 SV=1	True
Q9FF75	-0.9	0.005172212	0.021007591	SUN1	MEM	SUN domain-containing protein 1 OS=Arabidopsis thaliana OX=3702 GN=SUN1 PE=1 SV=1	True
Q9FF86	0.11	0.452061448	0.548900101	DCR	SOL	BAHD acyltransferase DCR OS=Arabidopsis thaliana OX=3702 GN=DCR PE=2 SV=1	False
Q9FF88	-0.56	0.004008198	0.018090423	MRO11.4	MEM	At5g23920 OS=Arabidopsis thaliana OX=3702 GN=MRO11.4 PE=1 SV=1	True
Q9FF90	-0.05	0.303967303	0.367425618	RPL13D	MEM	60S ribosomal protein L13-3 OS=Arabidopsis thaliana OX=3702 GN=RPL13D PE=1 SV=1	False
Q9FF91	-0.23	0.069628183	0.110437738	MRO11.7	MEM	GPI-anchored adhesin-like protein OS=Arabidopsis thaliana OX=3702 GN=MRO11.7 PE=1 SV=1	False
Q9FF97	0.45	0.044949593	0.127440071	MRO11.13	SOL	MD-2-related lipid recognition domain-containing protein OS=Arabidopsis thaliana OX=3702 GN=MRO11.13 PE=1 SV=1	False
Q9FF98	1.02	0.007151019	0.05324571	ML3	SOL	MD-2-related lipid-recognition protein 3 OS=Arabidopsis thaliana OX=3702 GN=ML3 PE=1 SV=1	False
Q9FFC0	0.25	0.019865374	0.044884249	At5g22880	MEM	Histone H2B.10 OS=Arabidopsis thaliana OX=3702 GN=At5g22880 PE=1 SV=3	True
Q9FFC7	-0.19	0.002752485	0.014845529	EMB86	MEM	Alanine--tRNA ligase, chloroplastic/mitochondrial OS=Arabidopsis thaliana OX=3702 GN=EMB86 PE=1 SV=2	True
Q9FFC9	-0.42	0.004667975	0.019795893	MQK4.30	MEM	Voltage-dependent L-type calcium channel subunit OS=Arabidopsis thaliana OX=3702 GN=MQK4.30 PE=1 SV=1	True
Q9FFD2	0.48	0.171747511	0.275411254	RGP5	SOL	Probable UDP-arabinopyranose mutase 5 OS=Arabidopsis thaliana OX=3702 GN=RGP5 PE=1 SV=1	False
Q9FFE0	0.31	0.036348908	0.114208205	At5g16450	SOL	Putative 4-hydroxy-4-methyl-2-oxoglutarate aldolase 2 OS=Arabidopsis thaliana OX=3702 GN=At5g16450 PE=1 SV=1	False
Q9FFE6	0.21	0.037289214	0.116036914	AAE5	SOL	Probable acyl-activating enzyme 5, peroxisomal OS=Arabidopsis thaliana OX=3702 GN=AAE5 PE=1 SV=1	False
Q9FFF4	-0.23	0.031809317	0.107191588	VAT1	SOL	Acetolactate synthase small subunit 1, chloroplastic OS=Arabidopsis thaliana OX=3702 GN=VAT1 PE=1 SV=1	False
Q9FFG3	-0.66	0.016292051	0.039723503	MOP10.6	MEM	Outer membrane OMP85 family protein OS=Arabidopsis thaliana OX=3702 GN=MOP10.6 PE=1 SV=1	True
Q9FFG6	0.35	0.015329238	0.075512785	MOP10.2	SOL	AT5g05480/MOP10_2 OS=Arabidopsis thaliana OX=3702 GN=MOP10.2 PE=1 SV=1	False
Q9FFH6	-0.65	0.00101853	0.00971972	FLA13	MEM	Fasciclin-like arabinogalactan protein 13 OS=Arabidopsis thaliana OX=3702 GN=FLA13 PE=1 SV=1	True
Q9FFJ2	-0.39	0.191043325	0.297399353	ENH1	SOL	Rubredoxin family protein OS=Arabidopsis thaliana OX=3702 GN=ENH1 PE=1 SV=1	False
Q9FFN4	0.01	0.510561077	0.603166805	BGAL6	SOL	Beta-galactosidase 6 OS=Arabidopsis thaliana OX=3702 GN=BGAL6 PE=2 SV=1	False
Q9FFP6	0.57	0.0062052	0.023457885	MBK5.16	MEM	Pyruvate kinase OS=Arabidopsis thaliana OX=3702 GN=MBK5.16 PE=1 SV=1	True
Q9FFP9	-0.34	0.193267894	0.300078086	SRK2H	SOL	Serine/threonine-protein kinase SRK2H OS=Arabidopsis thaliana OX=3702 GN=SRK2H PE=1 SV=1	False
Q9FFQ0	0.21	0.044462909	0.127003287	TOL5	SOL	TOM1-like protein 5 OS=Arabidopsis thaliana OX=3702 GN=TOL5 PE=1 SV=1	False
Q9FFQ4	1.09	0.005470804	0.021791762	FLS5	MEM	Probable flavonol synthase 5 OS=Arabidopsis thaliana OX=3702 GN=FLS5 PE=2 SV=1	True
Q9FFQ7	0.43	0.088485803	0.132971954	FACT	MEM	Fatty alcohol:caffeoyl-CoA acyltransferase OS=Arabidopsis thaliana OX=3702 GN=FACT PE=2 SV=1	False
Q9FFR3	0.27	0.097089595	0.143465353	PGD3	MEM	6-phosphogluconate dehydrogenase, decarboxylating 3, chloroplastic OS=Arabidopsis thaliana OX=3702 GN=PGD3 PE=1 SV=1	False
Q9FFS0	0.55	0.001275458	0.010342381	RTNLB4	MEM	Reticulon-like protein B4 OS=Arabidopsis thaliana OX=3702 GN=RTNLB4 PE=1 SV=1	True
Q9FFS8	-0.06	0.119964316	0.221259576	RPS10B	SOL	40S ribosomal protein S10-2 OS=Arabidopsis thaliana OX=3702 GN=RPS10B PE=2 SV=1	False
Q9FFT4	0.69	0.018532421	0.042883912	PDC2	MEM	Pyruvate decarboxylase 2 OS=Arabidopsis thaliana OX=3702 GN=PDC2 PE=2 SV=1	True
Q9FFT6	-0.27	0.019205157	0.083686196	MBG8.21	SOL	AT5g54940/MBG8_21 OS=Arabidopsis thaliana OX=3702 GN=MBG8.21 PE=1 SV=1	False
Q9FFT9	-0.81	0.147863892	0.202908911	RH32	MEM	DEAD-box ATP-dependent RNA helicase 32 OS=Arabidopsis thaliana OX=3702 GN=RH32 PE=2 SV=1	False
Q9FFV2	-0.26	0.00140023	0.01080759	MBG8.1	MEM	Trafficking protein particle complex subunit OS=Arabidopsis thaliana OX=3702 GN=MBG8.1 PE=1 SV=1	True
Q9FFV8	0.49	0.028219194	0.056848249	MBB18.19	MEM	At5g38640 OS=Arabidopsis thaliana OX=3702 GN=MBB18.19 PE=1 SV=1	False
Q9FFW8	0.69	0.004712645	0.045351432	TSBtype2	SOL	Tryptophan synthase beta chain OS=Arabidopsis thaliana OX=3702 GN=TSBtype2 PE=1 SV=1	True
Q9FFW9	0.56	0.014805014	0.037407013	MBB18.5	MEM	Alpha/beta-Hydrolases superfamily protein OS=Arabidopsis thaliana OX=3702 GN=MBB18.5 PE=1 SV=1	True
Q9FG01	-0.32	0.006080055	0.023194563	ATO	MEM	Splicing factor SF3a60 homolog OS=Arabidopsis thaliana OX=3702 GN=ATO PE=1 SV=1	True
Q9FG23	-0.52	0.009079475	0.028826636	At5g06830	MEM	CDK5RAP3-like protein OS=Arabidopsis thaliana OX=3702 GN=At5g06830 PE=2 SV=2	True
Q9FG31	2.03	0.000389748	0.023169768	LEA46	SOL	Late embryogenesis abundant protein 46 OS=Arabidopsis thaliana OX=3702 GN=LEA46 PE=2 SV=1	True
Q9FG34	-0.16	0.952806619	0.961867407	PER54	SOL	Peroxidase 54 OS=Arabidopsis thaliana OX=3702 GN=PER54 PE=2 SV=1	False
Q9FG36	-0.56	0.004542237	0.045351432	WCRKC1	SOL	Thioredoxin-like 3-1, chloroplastic OS=Arabidopsis thaliana OX=3702 GN=WCRKC1 PE=2 SV=3	True
Q9FG37	-0.45	0.019724467	0.04474761	GCP3	MEM	Gamma-tubulin complex component 3 OS=Arabidopsis thaliana OX=3702 GN=GCP3 PE=1 SV=1	True
Q9FG38	-0.27	0.024635082	0.051947768	SNX1	MEM	Sorting nexin 1 OS=Arabidopsis thaliana OX=3702 GN=SNX1 PE=1 SV=1	False
Q9FG54	1.37	0.003093046	0.015814486	MDK4.20	MEM	At5g54370 OS=Arabidopsis thaliana OX=3702 GN=MDK4.20 PE=1 SV=1	True
Q9FG65	-1.42	0.000327214	0.006143038	CYP81D1	MEM	Cytochrome P450 81D1 OS=Arabidopsis thaliana OX=3702 GN=CYP81D1 PE=2 SV=1	True
Q9FG71	-0.86	0.001573453	0.011453261	EMB2731	MEM	ER membrane protein complex subunit 8/9 homolog OS=Arabidopsis thaliana OX=3702 GN=EMB2731 PE=2 SV=1	True
Q9FG73	0.03	0.925456553	0.941419253	NOP2A	SOL	25S rRNA (cytosine-C(5))-methyltransferase NOP2A OS=Arabidopsis thaliana OX=3702 GN=NOP2A PE=1 SV=1	False
Q9FG74	-0.14	0.401986976	0.46521357	D6PK	MEM	Serine/threonine-protein kinase D6PK OS=Arabidopsis thaliana OX=3702 GN=D6PK PE=1 SV=1	False
Q9FG81	0.28	0.012955065	0.034817847	MQD19.19	MEM	Aluminum induced protein with YGL and LRDR motifs OS=Arabidopsis thaliana OX=3702 GN=MQD19.19 PE=1 SV=1	True
Q9FGC7	-0.31	0.003210232	0.016151968	ZEP	MEM	Zeaxanthin epoxidase, chloroplastic OS=Arabidopsis thaliana OX=3702 GN=ZEP PE=1 SV=1	True
Q9FGE4	0.53	0.044196678	0.126414749	At5g24460	SOL	RING-H2 zinc finger protein OS=Arabidopsis thaliana OX=3702 GN=At5g24460 PE=1 SV=1	False
Q9FGF0	-0.91	0.042064031	0.122339652	At5g64460	SOL	Phosphoglycerate mutase-like protein 1 OS=Arabidopsis thaliana OX=3702 GN=At5g64460 PE=2 SV=1	False
Q9FGF3	-0.06	0.665298061	0.733505919	At5g64430	SOL	At5g64430 OS=Arabidopsis thaliana OX=3702 GN=At5g64430 PE=1 SV=1	False
Q9FGF4	-0.17	0.000646326	0.007987108	MSJ1.26	MEM	DNA polymerase V family OS=Arabidopsis thaliana OX=3702 GN=MSJ1.26 PE=1 SV=1	True
Q9FGH3	0.24	0.419197744	0.481117036	MQJ2.6	MEM	Cinnamoyl-CoA reductase-like protein OS=Arabidopsis thaliana OX=3702 GN=MQJ2.6 PE=1 SV=1	False
Q9FGH9	-0.18	0.303084262	0.411966188	EXO70B1	SOL	Exocyst complex component EXO70B1 OS=Arabidopsis thaliana OX=3702 GN=EXO70B1 PE=1 SV=1	False
Q9FGK3	0.2	0.223955389	0.284786184	At5g47540	MEM	Putative MO25-like protein At5g47540 OS=Arabidopsis thaliana OX=3702 GN=At5g47540 PE=2 SV=1	False
Q9FGM0	-0.68	0.013604649	0.035855928	FTSH11	MEM	ATP-dependent zinc metalloprotease FTSH 11, chloroplastic/mitochondrial OS=Arabidopsis thaliana OX=3702 GN=FTSH11 PE=1 SV=1	True
Q9FGN0	-0.9	0.00670764	0.02460468	COG7	MEM	Conserved oligomeric Golgi complex subunit 7 OS=Arabidopsis thaliana OX=3702 GN=COG7 PE=1 SV=1	True
Q9FGP9	-0.72	0.020381259	0.045716399	RER1	MEM	Protein RETICULATA-RELATED 1, chloroplastic OS=Arabidopsis thaliana OX=3702 GN=RER1 PE=1 SV=1	True
Q9FGS0	1.88	0.002045946	0.012964297	CP31B	MEM	RNA-binding protein CP31B, chloroplastic OS=Arabidopsis thaliana OX=3702 GN=CP31B PE=1 SV=1	True
Q9FGS4	-0.19	0.034008429	0.110308439	QS	SOL	Quinolinate synthase, chloroplastic OS=Arabidopsis thaliana OX=3702 GN=QS PE=1 SV=1	False
Q9FGT3	0.18	0.029363247	0.058430976	At5g58110	MEM	AT5g58110/k21l19_90 OS=Arabidopsis thaliana OX=3702 GN=At5g58110 PE=1 SV=1	False
Q9FGT8	-0.26	0.042934962	0.076494364	TIL	MEM	Temperature-induced lipocalin-1 OS=Arabidopsis thaliana OX=3702 GN=TIL PE=1 SV=1	False
Q9FGT9	0.02	0.906631671	0.929009921	GDPDL6	SOL	Glycerophosphodiester phosphodiesterase GDPDL6 OS=Arabidopsis thaliana OX=3702 GN=GDPDL6 PE=2 SV=1	False
Q9FGU1	-0.04	0.538732169	0.62571409	At5g58030	SOL	Trafficking protein particle complex subunit OS=Arabidopsis thaliana OX=3702 GN=At5g58030 PE=1 SV=1	False
Q9FGX1	0.88	4.51004e-05	0.003642269	ACLB-2	MEM	ATP-citrate synthase beta chain protein 2 OS=Arabidopsis thaliana OX=3702 GN=ACLB-2 PE=1 SV=1	True
Q9FGY1	0.13	0.02133043	0.08757261	BXL1	SOL	Beta-D-xylosidase 1 OS=Arabidopsis thaliana OX=3702 GN=BXL1 PE=1 SV=1	False
Q9FGY8	-0.35	0.010874196	0.031490776	At5g49580	MEM	Chaperone DnaJ-domain superfamily protein OS=Arabidopsis thaliana OX=3702 GN=At5g49580 PE=1 SV=1	True
Q9FGY9	-0.71	0.027457048	0.055980331	PNG1	MEM	Peptide-N(4)-(N-acetyl-beta-glucosaminyl)asparagine amidase OS=Arabidopsis thaliana OX=3702 GN=PNG1 PE=2 SV=1	False
Q9FH02	-0.37	0.008570945	0.057407605	FTSH5	SOL	ATP-dependent zinc metalloprotease FTSH 5, chloroplastic OS=Arabidopsis thaliana OX=3702 GN=FTSH5 PE=1 SV=1	False
Q9FH04	0.38	0.032129708	0.062049329	At5g42250	MEM	Alcohol dehydrogenase-like 7 OS=Arabidopsis thaliana OX=3702 GN=At5g42250 PE=2 SV=1	False
Q9FH05	-0.04	0.070706217	0.161319589	SCPL42	SOL	Serine carboxypeptidase-like 42 OS=Arabidopsis thaliana OX=3702 GN=SCPL42 PE=2 SV=1	False
Q9FH13	0.21	0.269165959	0.378247398	At5g56260	SOL	Putative 4-hydroxy-4-methyl-2-oxoglutarate aldolase 3 OS=Arabidopsis thaliana OX=3702 GN=At5g56260 PE=1 SV=1	False
Q9FH31	0.34	0.363464689	0.467203962	SESA5	SOL	2S seed storage protein 5 OS=Arabidopsis thaliana OX=3702 GN=SESA5 PE=1 SV=1	False
Q9FH46	-0.37	0.087107662	0.182157648	At5g61970	SOL	Signal recognition particle subunit SRP68 OS=Arabidopsis thaliana OX=3702 GN=At5g61970 PE=1 SV=1	False
Q9FH82	0.69	0.028479054	0.057210517	PAE11	MEM	Pectin acetylesterase 11 OS=Arabidopsis thaliana OX=3702 GN=PAE11 PE=2 SV=1	False
Q9FH98	-0.79	0.001479929	0.032345143	At5g67150	SOL	Anthranilate N-hydroxycinnamoyl/benzoyltransferase-like protein OS=Arabidopsis thaliana OX=3702 GN=At5g67150 PE=1 SV=1	True
Q9FHD7	1.05	0.000712712	0.008362669	BSK8	MEM	Serine/threonine-protein kinase BSK8 OS=Arabidopsis thaliana OX=3702 GN=BSK8 PE=1 SV=1	True
Q9FHG2	-0.32	0.155636137	0.21071192	RPL32B	MEM	60S ribosomal protein L32-2 OS=Arabidopsis thaliana OX=3702 GN=RPL32B PE=2 SV=1	False
Q9FHG3	-0.27	0.001036067	0.027694286	At5g46420	SOL	16S rRNA processing protein RimM family OS=Arabidopsis thaliana OX=3702 GN=At5g46420 PE=1 SV=1	True
Q9FHL4	-0.56	0.133826712	0.186294746	FTRA1	MEM	At5g23440 OS=Arabidopsis thaliana OX=3702 GN=FTRA1 PE=1 SV=1	False
Q9FHL8	-0.12	0.386774967	0.490464979	At5g23400	SOL	Disease resistance protein-like OS=Arabidopsis thaliana OX=3702 GN=At5g23400 PE=1 SV=1	False
Q9FHM7	0.1	0.674713642	0.723363391	HIR4	MEM	Hypersensitive-induced response protein 4 OS=Arabidopsis thaliana OX=3702 GN=HIR4 PE=1 SV=1	False
Q9FHR8	-0.05	0.23811736	0.346669385	DCI1	SOL	Delta(3,5)-Delta(2,4)-dienoyl-CoA isomerase, peroxisomal OS=Arabidopsis thaliana OX=3702 GN=DCI1 PE=1 SV=1	False
Q9FHT4	-0.83	0.012072213	0.033441042	TMN4	MEM	Transmembrane 9 superfamily member 4 OS=Arabidopsis thaliana OX=3702 GN=TMN4 PE=2 SV=1	True
Q9FHW7	0.58	0.043692879	0.077532543	SKP1B	MEM	SKP1-like protein 1B OS=Arabidopsis thaliana OX=3702 GN=SKP1B PE=1 SV=1	False
Q9FHX0	-0.94	0.000321075	0.006119988	MJC20.26	MEM	Microsomal prostaglandin E synthase 2 OS=Arabidopsis thaliana OX=3702 GN=MJC20.26 PE=1 SV=1	True
Q9FHX2	-0.19	0.039065265	0.071845143	MFL1	MEM	Protein MITOFERRINLIKE 1, chloroplastic OS=Arabidopsis thaliana OX=3702 GN=MFL1 PE=2 SV=1	False
Q9FHY8	-2.04	0.002571756	0.014450233	HLB1	MEM	Protein HLB1 OS=Arabidopsis thaliana OX=3702 GN=HLB1 PE=1 SV=1	True
Q9FI15	-0.14	0.35417635	0.458747693	MFC16.18	SOL	Small nuclear ribonucleoprotein-associated protein OS=Arabidopsis thaliana OX=3702 GN=MFC16.18 PE=2 SV=1	False
Q9FI36	-0.22	0.202250505	0.309174884	MDN11.10	SOL	2-oxoglutarate (2OG) and Fe(II)-dependent oxygenase superfamily protein OS=Arabidopsis thaliana OX=3702 GN=MDN11.10 PE=1 SV=1	False
Q9FI47	-0.81	0.025503586	0.053187798	At5g51010	MEM	Rubredoxin-like superfamily protein OS=Arabidopsis thaliana OX=3702 GN=At5g51010 PE=1 SV=1	False
Q9FI53	-0.63	0.002023092	0.012894785	FUM2	MEM	Fumarate hydratase 2 OS=Arabidopsis thaliana OX=3702 GN=FUM2 PE=1 SV=1	True
Q9FI56	-0.41	0.00087488	0.0092231	CLPC1	MEM	Chaperone protein ClpC1, chloroplastic OS=Arabidopsis thaliana OX=3702 GN=CLPC1 PE=1 SV=1	True
Q9FI61	-0.04	0.350228465	0.455388928	UBC27	SOL	Ubiquitin-conjugating enzyme E2 27 OS=Arabidopsis thaliana OX=3702 GN=UBC27 PE=2 SV=1	False
Q9FI78	-0.09	0.088196355	0.182892377	HST	SOL	Shikimate O-hydroxycinnamoyltransferase OS=Arabidopsis thaliana OX=3702 GN=HST PE=1 SV=1	False
Q9FI97	-0.01	0.831795187	0.871526722	UGT76C5	SOL	UDP-glycosyltransferase 76C5 OS=Arabidopsis thaliana OX=3702 GN=UGT76C5 PE=2 SV=1	False
Q9FIA0	-0.01	0.868144173	0.889096738	UGT76C2	MEM	UDP-glycosyltransferase 76C2 OS=Arabidopsis thaliana OX=3702 GN=UGT76C2 PE=1 SV=1	False
Q9FIA1	2.06	8.77076e-06	0.002789082	At5g55050	MEM	GDSL esterase/lipase At5g55050 OS=Arabidopsis thaliana OX=3702 GN=At5g55050 PE=2 SV=1	True
Q9FID0	1.5	0.071094611	0.161758742	At5g39110	SOL	Germin-like protein subfamily 1 member 14 OS=Arabidopsis thaliana OX=3702 GN=At5g39110 PE=3 SV=1	False
Q9FID2	0.29	0.00171948	0.034565294	MXF12.90	SOL	Acyltransferase-like protein OS=Arabidopsis thaliana OX=3702 GN=MXF12.90 PE=1 SV=1	True
Q9FID9	-0.57	0.007683397	0.026401538	At5g38990	MEM	Probable receptor-like protein kinase At5g38990 OS=Arabidopsis thaliana OX=3702 GN=At5g38990 PE=2 SV=1	True
Q9FIF9	0.31	0.151706302	0.206293044	RABA2D	MEM	Ras-related protein RABA2d OS=Arabidopsis thaliana OX=3702 GN=RABA2D PE=2 SV=1	False
Q9FIG9	-0.31	0.093640367	0.139054	ARC6	MEM	Protein ACCUMULATION AND REPLICATION OF CHLOROPLASTS 6, chloroplastic OS=Arabidopsis thaliana OX=3702 GN=ARC6 PE=1 SV=1	False
Q9FIH8	-0.1	0.102058629	0.200694019	SPP	SOL	Stromal processing peptidase, chloroplastic OS=Arabidopsis thaliana OX=3702 GN=SPP PE=2 SV=1	False
Q9FIJ0	-0.67	0.015344177	0.038321269	RBOHD	MEM	Respiratory burst oxidase homolog protein D OS=Arabidopsis thaliana OX=3702 GN=RBOHD PE=1 SV=1	True
Q9FIJ2	-0.33	0.146621901	0.201561735	At5g47890	MEM	NADH dehydrogenase [ubiquinone] 1 alpha subcomplex subunit 2 OS=Arabidopsis thaliana OX=3702 GN=At5g47890 PE=1 SV=1	False
Q9FIJ5	-0.35	0.006544546	0.050817679	MCA23.20	SOL	AT5g47860/MCA23_20 OS=Arabidopsis thaliana OX=3702 GN=MCA23.20 PE=1 SV=1	False
Q9FIK7	0.78	0.01220479	0.068045229	At5g47720	SOL	Probable acetyl-CoA acetyltransferase, cytosolic 2 OS=Arabidopsis thaliana OX=3702 GN=At5g47720 PE=2 SV=1	False
Q9FIK8	0.18	0.027505424	0.09862559	CAR11	SOL	Protein C2-DOMAIN ABA-RELATED 11 OS=Arabidopsis thaliana OX=3702 GN=CAR11 PE=1 SV=1	False
Q9FIL1	0.38	0.033030154	0.063327671	BSK5	MEM	Serine/threonine-protein kinase BSK5 OS=Arabidopsis thaliana OX=3702 GN=BSK5 PE=1 SV=1	False
Q9FIL6	-0.23	0.592177813	0.645659562	At5g58950	MEM	At5g58950 OS=Arabidopsis thaliana OX=3702 GN=At5g58950 PE=1 SV=1	False
Q9FIM2	-0.63	0.032003298	0.061869492	FTSH9	MEM	ATP-dependent zinc metalloprotease FTSH 9, chloroplastic OS=Arabidopsis thaliana OX=3702 GN=FTSH9 PE=2 SV=1	False
Q9FIN1	1.01	0.0117189	0.066730382	PGL4	SOL	Probable 6-phosphogluconolactonase 4 OS=Arabidopsis thaliana OX=3702 GN=PGL4 PE=2 SV=1	False
Q9FIN7	-0.57	0.025493817	0.053179506	MIP2	MEM	MAG2-interacting protein 2 OS=Arabidopsis thaliana OX=3702 GN=MIP2 PE=1 SV=1	False
Q9FIQ0	1.34	0.007479174	0.026023573	AGD9	MEM	Probable ADP-ribosylation factor GTPase-activating protein AGD9 OS=Arabidopsis thaliana OX=3702 GN=AGD9 PE=1 SV=1	True
Q9FIS4	-0.58	0.015780116	0.038887461	MTG10.17	MEM	ATP-dependent Clp protease ATP-binding subunit OS=Arabidopsis thaliana OX=3702 GN=MTG10.17 PE=1 SV=1	True
Q9FIU6	0.05	0.849619341	0.884246684	ORRM2	SOL	Organelle RRM domain-containing protein 2, mitochondrial OS=Arabidopsis thaliana OX=3702 GN=ORRM2 PE=1 SV=1	False
Q9FIW4	0.06	0.154032187	0.258035731	BGLU42	SOL	Beta-glucosidase 42 OS=Arabidopsis thaliana OX=3702 GN=BGLU42 PE=2 SV=1	False
Q9FIX1	0.0	0.404143569	0.505546536	AIG2LB	SOL	AIG2-like protein B OS=Arabidopsis thaliana OX=3702 GN=AIG2LB PE=1 SV=1	False
Q9FIZ7	-0.23	0.008106196	0.027106776	OXP1	MEM	5-oxoprolinase OS=Arabidopsis thaliana OX=3702 GN=OXP1 PE=1 SV=1	True
Q9FJ62	0.7	0.006400195	0.023895948	GDPDL4	MEM	Glycerophosphodiester phosphodiesterase GDPDL4 OS=Arabidopsis thaliana OX=3702 GN=GDPDL4 PE=1 SV=1	True
Q9FJ82	-0.56	0.058711793	0.145429112	DAPB3	SOL	Dihydrodipicolinate reductase-like protein CRR1, chloroplastic OS=Arabidopsis thaliana OX=3702 GN=DAPB3 PE=2 SV=1	False
Q9FJ95	0.3	0.040444693	0.073480456	SDH	MEM	Sorbitol dehydrogenase OS=Arabidopsis thaliana OX=3702 GN=SDH PE=1 SV=1	False
Q9FJA6	0.15	0.004796706	0.045351432	RPS3C	SOL	40S ribosomal protein S3-3 OS=Arabidopsis thaliana OX=3702 GN=RPS3C PE=1 SV=1	True
Q9FJD0	0.56	0.001188964	0.010216866	VPS26A	MEM	Vacuolar protein sorting-associated protein 26A OS=Arabidopsis thaliana OX=3702 GN=VPS26A PE=2 SV=1	True
Q9FJD4	-0.16	0.003726659	0.04247363	KPNB1	SOL	Importin subunit beta-1 OS=Arabidopsis thaliana OX=3702 GN=KPNB1 PE=1 SV=1	True
Q9FJE8	-0.88	0.008473315	0.027767096	At5g59870	MEM	Probable histone H2A.7 OS=Arabidopsis thaliana OX=3702 GN=At5g59870 PE=1 SV=1	True
Q9FJF1	0.22	0.059617815	0.097763959	MMN10.12	MEM	Putative GTP-binding protein ara-3 OS=Arabidopsis thaliana OX=3702 GN=MMN10.12 PE=1 SV=1	False
Q9FJH0	0.39	0.017581899	0.080381088	RABA1F	SOL	Ras-related protein RABA1f OS=Arabidopsis thaliana OX=3702 GN=RABA1F PE=2 SV=1	False
Q9FJH6	-0.56	0.008250163	0.027422645	ABCF1	MEM	ABC transporter F family member 1 OS=Arabidopsis thaliana OX=3702 GN=ABCF1 PE=2 SV=1	True
Q9FJI5	-0.02	0.407589795	0.469243306	G6PD6	MEM	Glucose-6-phosphate 1-dehydrogenase 6, cytoplasmic OS=Arabidopsis thaliana OX=3702 GN=G6PD6 PE=1 SV=1	False
Q9FJK8	-0.46	0.020215214	0.045443191	RPP8L4	MEM	Probable disease resistance RPP8-like protein 4 OS=Arabidopsis thaliana OX=3702 GN=RPP8L4 PE=2 SV=1	True
Q9FJL3	0.18	0.029133507	0.101754144	FKBP65	SOL	Peptidyl-prolyl cis-trans isomerase FKBP65 OS=Arabidopsis thaliana OX=3702 GN=FKBP65 PE=1 SV=1	False
Q9FJN8	-0.29	0.019804174	0.044855029	RABA4A	MEM	Ras-related protein RABA4a OS=Arabidopsis thaliana OX=3702 GN=RABA4A PE=1 SV=1	True
Q9FJP0	0.52	0.06070695	0.099086453	MQN23.20	MEM	Transmembrane protein OS=Arabidopsis thaliana OX=3702 GN=MQN23.20 PE=1 SV=1	False
Q9FJP3	0.19	0.121640687	0.172074302	RPL29	MEM	50S ribosomal protein L29, chloroplastic OS=Arabidopsis thaliana OX=3702 GN=RPL29 PE=1 SV=1	False
Q9FJR0	-0.46	0.020420306	0.045781882	UPF1	MEM	Regulator of nonsense transcripts 1 homolog OS=Arabidopsis thaliana OX=3702 GN=UPF1 PE=1 SV=2	True
Q9FJS1	1.52	8.72702e-05	0.00412232	MQD22.2	MEM	Bifunctional inhibitor/lipid-transfer protein/seed storage 2S albumin superfamily protein OS=Arabidopsis thaliana OX=3702 GN=MQD22.2 PE=1 SV=1	True
Q9FJT8	0.0	0.471974189	0.568803146	HAG2	SOL	Histone acetyltransferase type B catalytic subunit OS=Arabidopsis thaliana OX=3702 GN=HAG2 PE=2 SV=1	False
Q9FJU9	-0.36	0.002210246	0.01349517	At5g56590	MEM	Glucan endo-1,3-beta-glucosidase 13 OS=Arabidopsis thaliana OX=3702 GN=At5g56590 PE=2 SV=1	True
Q9FJW0	-0.55	0.005110162	0.020910936	At5g67630	MEM	RuvB-like helicase OS=Arabidopsis thaliana OX=3702 GN=At5g67630 PE=1 SV=1	True
Q9FJW4	0.64	0.210694087	0.317989495	FRO1	SOL	NADH dehydrogenase [ubiquinone] iron-sulfur protein 4, mitochondrial OS=Arabidopsis thaliana OX=3702 GN=FRO1 PE=1 SV=1	False
Q9FJX2	-0.38	0.058473977	0.096398558	RPL26B	MEM	60S ribosomal protein L26-2 OS=Arabidopsis thaliana OX=3702 GN=RPL26B PE=2 SV=1	False
Q9FJX3	-0.34	0.022888165	0.049281676	VDAC2	MEM	Mitochondrial outer membrane protein porin 2 OS=Arabidopsis thaliana OX=3702 GN=VDAC2 PE=1 SV=1	True
Q9FJY1	0.33	0.035056218	0.111947898	K1F13.27	SOL	CAP (Cysteine-rich secretory proteins, Antigen 5, and Pathogenesis-related 1 protein) superfamily protein OS=Arabidopsis thaliana OX=3702 GN=K1F13.27 PE=1 SV=1	False
Q9FJY6	-0.27	0.252026838	0.313994557	At5g66530	MEM	Glucose-6-phosphate 1-epimerase OS=Arabidopsis thaliana OX=3702 GN=At5g66530 PE=1 SV=1	False
Q9FJZ7	-0.45	0.002999972	0.040259894	At5g66420	SOL	AT5G66420 protein OS=Arabidopsis thaliana OX=3702 GN=At5g66420 PE=1 SV=1	True
Q9FJZ9	1.72	0.032259005	0.107617159	PER72	SOL	Peroxidase 72 OS=Arabidopsis thaliana OX=3702 GN=PER72 PE=1 SV=1	False
Q9FK05	-0.38	0.246089936	0.354535539	PME61	SOL	Probable pectinesterase/pectinesterase inhibitor 61 OS=Arabidopsis thaliana OX=3702 GN=PME61 PE=2 SV=1	False
Q9FK25	0.84	0.00028366	0.005861057	OMT1	MEM	Flavone 3'-O-methyltransferase 1 OS=Arabidopsis thaliana OX=3702 GN=OMT1 PE=1 SV=1	True
Q9FK35	0.49	0.020830727	0.086515678	ADK2	SOL	Adenylate kinase 3 OS=Arabidopsis thaliana OX=3702 GN=ADK2 PE=1 SV=1	False
Q9FK68	-0.3	0.060431821	0.098750293	RABA1C	MEM	Ras-related protein RABA1c OS=Arabidopsis thaliana OX=3702 GN=RABA1C PE=1 SV=1	False
Q9FK75	1.05	0.00045505	0.023403654	At5g45670	SOL	GDSL esterase/lipase At5g45670 OS=Arabidopsis thaliana OX=3702 GN=At5g45670 PE=2 SV=1	True
Q9FK81	-1.24	0.000263457	0.01975943	At5g22580	SOL	Stress-response A/B barrel domain-containing protein At5g22580 OS=Arabidopsis thaliana OX=3702 GN=At5g22580 PE=1 SV=1	True
Q9FK88	-0.28	0.007010001	0.025220264	INVE	MEM	Alkaline/neutral invertase E, chloroplastic OS=Arabidopsis thaliana OX=3702 GN=INVE PE=1 SV=1	True
Q9FKA3	0.14	0.137438756	0.190515865	MIJ24.8	MEM	TLD-domain containing nucleolar protein OS=Arabidopsis thaliana OX=3702 GN=MIJ24.8 PE=1 SV=1	False
Q9FKA4	1.49	0.012075169	0.067823571	PER62	SOL	Peroxidase 62 OS=Arabidopsis thaliana OX=3702 GN=PER62 PE=2 SV=1	False
Q9FKA5	-1.01	0.026131753	0.054183591	At5g39570	MEM	Uncharacterized protein At5g39570 OS=Arabidopsis thaliana OX=3702 GN=At5g39570 PE=1 SV=1	False
Q9FKB3	1.09	0.007321409	0.025752405	At5g48840	MEM	Pantoate--beta-alanine ligase OS=Arabidopsis thaliana OX=3702 GN=At5g48840 PE=1 SV=1	True
Q9FKB7	-0.31	0.000979075	0.009628092	At5g48790	MEM	LOW PSII ACCUMULATION protein (DUF1995) OS=Arabidopsis thaliana OX=3702 GN=At5g48790 PE=1 SV=1	True
Q9FKC0	-0.37	0.078907219	0.122026062	RPL13AD	MEM	60S ribosomal protein L13a-4 OS=Arabidopsis thaliana OX=3702 GN=RPL13AD PE=2 SV=1	False
Q9FKE9	-0.47	0.020396472	0.045739483	At5g45160	MEM	Protein ROOT HAIR DEFECTIVE 3 homolog 2 OS=Arabidopsis thaliana OX=3702 GN=At5g45160 PE=2 SV=1	True
Q9FKG3	-0.6	0.005127421	0.020953903	PFK4	MEM	ATP-dependent 6-phosphofructokinase 4, chloroplastic OS=Arabidopsis thaliana OX=3702 GN=PFK4 PE=1 SV=1	True
Q9FKH6	0.83	0.008478151	0.027767096	At5g35735	MEM	Cytochrome b561 and DOMON domain-containing protein At5g35735 OS=Arabidopsis thaliana OX=3702 GN=At5g35735 PE=2 SV=1	True
Q9FKI0	-0.29	0.036325093	0.114208205	FIM5	SOL	Fimbrin-5 OS=Arabidopsis thaliana OX=3702 GN=FIM5 PE=1 SV=1	False
Q9FKI4	0.49	0.001457288	0.010995648	NAA10	MEM	N-terminal acetyltransferase A complex catalytic subunit NAA10 OS=Arabidopsis thaliana OX=3702 GN=NAA10 PE=1 SV=1	True
Q9FKJ4	1.52	0.001212095	0.010221414	MUF9.16	MEM	At5g60530/muf9_180 OS=Arabidopsis thaliana OX=3702 GN=MUF9.16 PE=1 SV=1	True
Q9FKK7	0.34	0.016324005	0.078016461	XYLA	SOL	Xylose isomerase OS=Arabidopsis thaliana OX=3702 GN=XYLA PE=2 SV=2	False
Q9FKM4	-0.22	0.061763927	0.100485324	MUA2.4	MEM	At5g57460 OS=Arabidopsis thaliana OX=3702 GN=MUA2.4 PE=1 SV=1	False
Q9FKN5	-0.06	0.466199007	0.526350064	MPI7.8	MEM	Cardiomyopathy-associated protein OS=Arabidopsis thaliana OX=3702 GN=MPI7.8 PE=1 SV=1	False
Q9FKS0	-0.52	0.050870724	0.135152074	UKL1	SOL	Uridine kinase-like protein 1, chloroplastic OS=Arabidopsis thaliana OX=3702 GN=UKL1 PE=1 SV=1	False
Q9FKS5	0.44	0.04278131	0.076440437	CYC1-2	MEM	Cytochrome c1 2, heme protein, mitochondrial OS=Arabidopsis thaliana OX=3702 GN=CYC1-2 PE=1 SV=1	False
Q9FKT1	0.63	0.306163395	0.414785814	LLG1	SOL	GPI-anchored protein LLG1 OS=Arabidopsis thaliana OX=3702 GN=LLG1 PE=1 SV=1	False
Q9FKT5	-0.04	0.181414908	0.286996846	THO3	SOL	THO complex subunit 3 OS=Arabidopsis thaliana OX=3702 GN=THO3 PE=1 SV=1	False
Q9FKU8	-0.48	0.000382198	0.023090374	At5g44400	SOL	Berberine bridge enzyme-like 26 OS=Arabidopsis thaliana OX=3702 GN=At5g44400 PE=2 SV=1	True
Q9FKU9	-0.6	0.00217755	0.036859628	At5g44390	SOL	Berberine bridge enzyme-like 25 OS=Arabidopsis thaliana OX=3702 GN=At5g44390 PE=2 SV=1	True
Q9FKV6	0.29	0.019864789	0.044884249	At5g44320	MEM	Eukaryotic translation initiation factor 3 subunit D OS=Arabidopsis thaliana OX=3702 GN=At5g44320 PE=1 SV=1	True
Q9FKV9	-0.28	0.148911029	0.203714146	At5g44290	MEM	AT5G44290 protein OS=Arabidopsis thaliana OX=3702 GN=At5g44290 PE=1 SV=1	False
Q9FKW4	-0.1	0.459285561	0.520187778	CPK28	MEM	Calcium-dependent protein kinase 28 OS=Arabidopsis thaliana OX=3702 GN=CPK28 PE=1 SV=1	False
Q9FKW5	0.12	0.449533985	0.510262529	ARO2	MEM	Armadillo repeat only 2 OS=Arabidopsis thaliana OX=3702 GN=ARO2 PE=1 SV=1	False
Q9FKW6	0.22	0.172866108	0.276846563	LFNR1	SOL	Ferredoxin--NADP reductase, leaf isozyme 1, chloroplastic OS=Arabidopsis thaliana OX=3702 GN=LFNR1 PE=1 SV=1	False
Q9FKX3	0.22	0.25398273	0.362811548	At5g66090	SOL	Cell wall integrity/stress response component OS=Arabidopsis thaliana OX=3702 GN=At5g66090 PE=1 SV=1	False
Q9FL12	-0.29	0.141031037	0.245376173	DEGP9	SOL	Protease Do-like 9 OS=Arabidopsis thaliana OX=3702 GN=DEGP9 PE=1 SV=1	False
Q9FL37	0.61	0.039435551	0.118211207	MPL12.1	SOL	At5g46230 OS=Arabidopsis thaliana OX=3702 GN=MPL12.1 PE=1 SV=1	False
Q9FL44	0.29	0.042854806	0.076494364	MPH1	MEM	Protein MAINTENANCE OF PSII UNDER HIGH LIGHT 1 OS=Arabidopsis thaliana OX=3702 GN=MPH1 PE=1 SV=1	False
Q9FL69	0.51	0.080006562	0.123259446	AGD5	MEM	ADP-ribosylation factor GTPase-activating protein AGD5 OS=Arabidopsis thaliana OX=3702 GN=AGD5 PE=1 SV=1	False
Q9FL96	-0.02	0.75369906	0.806441716	DSS1(V)	SOL	Protein DSS1 HOMOLOG ON CHROMOSOME V OS=Arabidopsis thaliana OX=3702 GN=DSS1(V) PE=1 SV=1	False
Q9FLC0	-0.37	0.135703553	0.188447866	PER52	MEM	Peroxidase 52 OS=Arabidopsis thaliana OX=3702 GN=PER52 PE=2 SV=1	False
Q9FLF0	0.53	0.00090462	0.025954564	RPS9C	SOL	40S ribosomal protein S9-2 OS=Arabidopsis thaliana OX=3702 GN=RPS9C PE=1 SV=1	True
Q9FLG1	0.77	0.033774576	0.110104119	BXL4	SOL	Beta-D-xylosidase 4 OS=Arabidopsis thaliana OX=3702 GN=BXL4 PE=1 SV=1	False
Q9FLG8	-0.31	0.005042854	0.020726777	At5g64500	MEM	Probable sphingolipid transporter spinster homolog 2 OS=Arabidopsis thaliana OX=3702 GN=At5g64500 PE=2 SV=1	True
Q9FLH0	-0.59	0.002549892	0.014448869	CRWN4	MEM	Protein CROWDED NUCLEI 4 OS=Arabidopsis thaliana OX=3702 GN=CRWN4 PE=1 SV=2	True
Q9FLH2	0.23	0.002216326	0.013496932	MPA24.10	MEM	Oxoglutarate dehydrogenase (succinyl-transferring) OS=Arabidopsis thaliana OX=3702 GN=MPA24.10 PE=1 SV=1	True
Q9FLH8	0.04	0.835779889	0.873882138	At5g51830	SOL	Probable fructokinase-7 OS=Arabidopsis thaliana OX=3702 GN=At5g51830 PE=1 SV=1	False
Q9FLI4	0.22	0.071002705	0.161635735	SBT1.3	SOL	Subtilisin-like protease SBT1.3 OS=Arabidopsis thaliana OX=3702 GN=SBT1.3 PE=2 SV=1	False
Q9FLI7	0.36	0.242905248	0.351172937	NEET	SOL	CDGSH iron-sulfur domain-containing protein NEET OS=Arabidopsis thaliana OX=3702 GN=NEET PE=1 SV=1	False
Q9FLK9	-0.77	0.001770568	0.012134133	MFB13.23	MEM	Cf-5 disease resistance protein-like OS=Arabidopsis thaliana OX=3702 GN=MFB13.23 PE=1 SV=1	True
Q9FLM4	0.08	0.464220349	0.561187801	MEE6.12	SOL	At5g41050 OS=Arabidopsis thaliana OX=3702 GN=MEE6.12 PE=1 SV=1	False
Q9FLN4	0.23	0.275653441	0.385323687	RPL27	SOL	50S ribosomal protein L27, chloroplastic OS=Arabidopsis thaliana OX=3702 GN=RPL27 PE=2 SV=1	False
Q9FLP0	0.42	0.02672267	0.055062921	MAP65-1	MEM	65-kDa microtubule-associated protein 1 OS=Arabidopsis thaliana OX=3702 GN=MAP65-1 PE=1 SV=1	False
Q9FLP3	-0.35	0.195571328	0.302516764	Mge1	SOL	GrpE protein homolog 1, mitochondrial OS=Arabidopsis thaliana OX=3702 GN=Mge1 PE=2 SV=1	False
Q9FLQ4	-0.33	0.006995931	0.052814005	At5g55070	SOL	Dihydrolipoyllysine-residue succinyltransferase component of 2-oxoglutarate dehydrogenase complex 1, mitochondrial OS=Arabidopsis thaliana OX=3702 GN=At5g55070 PE=1 SV=1	False
Q9FLS8	-0.83	0.006920999	0.025074793	APC1	MEM	Calcium-dependent mitochondrial ATP-magnesium/phosphate carrier protein 1 OS=Arabidopsis thaliana OX=3702 GN=APC1 PE=1 SV=1	True
Q9FLT0	0.55	0.001796305	0.0122204	TSN2	MEM	Ribonuclease TUDOR 2 OS=Arabidopsis thaliana OX=3702 GN=TSN2 PE=1 SV=1	True
Q9FLT9	0.08	0.63261368	0.68398824	HP30-2	MEM	Chloroplastic import inner membrane translocase subunit HP30-2 OS=Arabidopsis thaliana OX=3702 GN=HP30-2 PE=1 SV=1	False
Q9FLW0	-0.31	0.257847499	0.320087738	At5g24010	MEM	Probable receptor-like protein kinase At5g24010 OS=Arabidopsis thaliana OX=3702 GN=At5g24010 PE=1 SV=1	False
Q9FLW9	0.88	0.010412935	0.030866796	PKP2	MEM	Plastidial pyruvate kinase 2 OS=Arabidopsis thaliana OX=3702 GN=PKP2 PE=1 SV=1	True
Q9FLX7	-0.18	0.061928059	0.100667283	At5g52840	MEM	Probable NADH dehydrogenase [ubiquinone] 1 alpha subcomplex subunit 5, mitochondrial OS=Arabidopsis thaliana OX=3702 GN=At5g52840 PE=1 SV=1	False
Q9FLY5	-0.96	0.002462894	0.014195472	GNL1	MEM	ARF guanine-nucleotide exchange factor GNL1 OS=Arabidopsis thaliana OX=3702 GN=GNL1 PE=3 SV=1	True
Q9FM01	-0.21	0.02253207	0.048661522	UGD4	MEM	UDP-glucose 6-dehydrogenase 4 OS=Arabidopsis thaliana OX=3702 GN=UGD4 PE=1 SV=1	True
Q9FM04	-0.29	0.020131049	0.084896021	At5g62930	SOL	GDSL esterase/lipase At5g62930 OS=Arabidopsis thaliana OX=3702 GN=At5g62930 PE=2 SV=3	False
Q9FM11	0.05	0.728051075	0.784989486	MQB2.16	SOL	Phosphoglycerate mutase family protein OS=Arabidopsis thaliana OX=3702 GN=MQB2.16 PE=1 SV=1	False
Q9FM19	-0.51	0.00905786	0.028787193	HIR1	MEM	Hypersensitive-induced response protein 1 OS=Arabidopsis thaliana OX=3702 GN=HIR1 PE=1 SV=1	True
Q9FM47	-0.12	0.321402935	0.428347681	MNF13.1	SOL	RNA-binding (RRM/RBD/RNP motifs) family protein OS=Arabidopsis thaliana OX=3702 GN=MNF13.1 PE=1 SV=1	False
Q9FM54	0.6	0.150815807	0.255345697	FOLB2	SOL	Dihydroneopterin aldolase 2 OS=Arabidopsis thaliana OX=3702 GN=FOLB2 PE=1 SV=1	False
Q9FM65	1.22	0.001839923	0.012336509	FLA1	MEM	Fasciclin-like arabinogalactan protein 1 OS=Arabidopsis thaliana OX=3702 GN=FLA1 PE=1 SV=1	True
Q9FM77	0.59	0.017039915	0.040728636	MDF20.5	MEM	Isopentenyl-diphosphate delta-isomerase OS=Arabidopsis thaliana OX=3702 GN=MDF20.5 PE=1 SV=1	True
Q9FM85	0.52	0.003577374	0.016841202	PBL16	MEM	Probable serine/threonine-protein kinase PBL16 OS=Arabidopsis thaliana OX=3702 GN=PBL16 PE=1 SV=1	True
Q9FM96	-0.54	0.001305839	0.010458911	PSL4	MEM	Glucosidase 2 subunit beta OS=Arabidopsis thaliana OX=3702 GN=PSL4 PE=2 SV=1	True
Q9FM97	0.94	0.001585999	0.011506549	MCD7.8	MEM	Pyruvate kinase OS=Arabidopsis thaliana OX=3702 GN=MCD7.8 PE=1 SV=1	True
Q9FMA3	-0.71	0.002718197	0.014785848	PEX5	MEM	Peroxisome biogenesis protein 5 OS=Arabidopsis thaliana OX=3702 GN=PEX5 PE=1 SV=1	True
Q9FMB1	0.04	0.405608165	0.507078445	At5g38900	SOL	FrnE protein-like OS=Arabidopsis thaliana OX=3702 GN=At5g38900 PE=1 SV=1	False
Q9FMC7	-0.44	0.005139283	0.02096467	MUK11.15	MEM	Nuclear transport factor 2 (NTF2) family protein OS=Arabidopsis thaliana OX=3702 GN=MUK11.15 PE=1 SV=1	True
Q9FMD5	-0.07	0.342472544	0.40635819	TIC40	MEM	Protein TIC 40, chloroplastic OS=Arabidopsis thaliana OX=3702 GN=TIC40 PE=1 SV=1	False
Q9FMD7	0.5	0.033099048	0.063420506	At5g16590	MEM	Probable inactive receptor kinase At5g16590 OS=Arabidopsis thaliana OX=3702 GN=At5g16590 PE=1 SV=1	False
Q9FME2	2.1	0.000555533	0.007670979	NTF2	MEM	Nuclear transport factor 2 OS=Arabidopsis thaliana OX=3702 GN=NTF2 PE=1 SV=1	True
Q9FME9	0.4	0.029306771	0.101916532	MSJ1.24	SOL	CHCH domain protein OS=Arabidopsis thaliana OX=3702 GN=MSJ1.24 PE=1 SV=1	False
Q9FMF1	-0.34	0.009920078	0.061894289	MSJ1.22	SOL	D-fructose-1,6-bisphosphate 1-phosphohydrolase OS=Arabidopsis thaliana OX=3702 GN=MSJ1.22 PE=1 SV=1	False
Q9FMF5	0.35	0.122103418	0.172581336	RPT3	MEM	Root phototropism protein 3 OS=Arabidopsis thaliana OX=3702 GN=RPT3 PE=1 SV=2	False
Q9FMF7	0.12	0.241846941	0.303355809	DIT2-1	MEM	Dicarboxylate transporter 2.1, chloroplastic OS=Arabidopsis thaliana OX=3702 GN=DIT2-1 PE=1 SV=1	False
Q9FMF8	-1.52	0.053843599	0.0904414	DIT2-2	MEM	Dicarboxylate transporter 2.2, chloroplastic OS=Arabidopsis thaliana OX=3702 GN=DIT2-2 PE=2 SV=1	False
Q9FMF9	-0.22	0.008674449	0.028119568	MSJ1.11	MEM	Nuclear protein-like OS=Arabidopsis thaliana OX=3702 GN=MSJ1.11 PE=1 SV=1	True
Q9FMG4	-1.23	0.001863555	0.012423253	SC35	MEM	Serine/arginine-rich splicing factor SC35 OS=Arabidopsis thaliana OX=3702 GN=SC35 PE=1 SV=1	True
Q9FMH8	0.95	0.000129264	0.016928807	RD21B	SOL	Probable cysteine protease RD21B OS=Arabidopsis thaliana OX=3702 GN=RD21B PE=1 SV=1	True
Q9FMI7	0.46	0.000203609	0.004953251	PER70	MEM	Peroxidase 70 OS=Arabidopsis thaliana OX=3702 GN=PER70 PE=2 SV=1	True
Q9FMI8	-0.29	0.005681855	0.022318773	MHJ24.7	MEM	At5g64090 OS=Arabidopsis thaliana OX=3702 GN=MHJ24.7 PE=1 SV=1	True
Q9FMK9	-0.32	0.089245287	0.184063759	PAP29	SOL	Probable inactive purple acid phosphatase 29 OS=Arabidopsis thaliana OX=3702 GN=PAP29 PE=2 SV=1	False
Q9FMM3	-0.33	0.004544911	0.045351432	EXA1	SOL	Protein ESSENTIAL FOR POTEXVIRUS ACCUMULATION 1 OS=Arabidopsis thaliana OX=3702 GN=EXA1 PE=1 SV=1	True
Q9FMN0	0.35	0.014833624	0.074827628	SCP2	SOL	Sterol carrier protein 2 OS=Arabidopsis thaliana OX=3702 GN=SCP2 PE=2 SV=1	False
Q9FMN2	0.13	0.405684949	0.468094144	PAH2	MEM	Phosphatidate phosphatase PAH2 OS=Arabidopsis thaliana OX=3702 GN=PAH2 PE=1 SV=1	False
Q9FMN4	0.62	0.009573725	0.02952517	At5g42850	MEM	Thioredoxin-like protein Clot OS=Arabidopsis thaliana OX=3702 GN=At5g42850 PE=2 SV=1	True
Q9FMP3	-0.09	0.108992662	0.209553549	PYD2	SOL	Dihydropyrimidinase OS=Arabidopsis thaliana OX=3702 GN=PYD2 PE=1 SV=1	False
Q9FMR5	-0.14	0.174130792	0.230709645	VAMP714	MEM	Vesicle-associated membrane protein 714 OS=Arabidopsis thaliana OX=3702 GN=VAMP714 PE=1 SV=1	False
Q9FMR9	-0.39	0.016672719	0.078203446	RIN1	SOL	RuvB-like protein 1 OS=Arabidopsis thaliana OX=3702 GN=RIN1 PE=1 SV=1	False
Q9FMS0	-0.06	0.103260086	0.202070803	MWD9.11	SOL	AT5g22320/MWD9_11 OS=Arabidopsis thaliana OX=3702 GN=MWD9.11 PE=1 SV=1	False
Q9FMT1	-2.33	0.001199976	0.010216866	IMDH1	MEM	3-isopropylmalate dehydrogenase 1, chloroplastic OS=Arabidopsis thaliana OX=3702 GN=IMDH1 PE=1 SV=1	True
Q9FMT4	-1.22	0.00011513	0.004319756	At5g14170	MEM	SWI/SNF complex component SNF12 homolog OS=Arabidopsis thaliana OX=3702 GN=At5g14170 PE=1 SV=1	True
Q9FMT8	-0.11	0.159977231	0.2151569	MUA22.12	MEM	Major facilitator superfamily protein OS=Arabidopsis thaliana OX=3702 GN=MUA22.12 PE=1 SV=1	False
Q9FMU6	-0.42	0.000632945	0.007921046	MPT3	MEM	Mitochondrial phosphate carrier protein 3, mitochondrial OS=Arabidopsis thaliana OX=3702 GN=MPT3 PE=1 SV=1	True
Q9FMV5	-0.44	0.00953135	0.02949955	NFYC4	MEM	Nuclear transcription factor Y subunit C-4 OS=Arabidopsis thaliana OX=3702 GN=NFYC4 PE=1 SV=1	True
Q9FMX0	0.31	0.005455071	0.047355875	FSD3	SOL	Superoxide dismutase [Fe] 3, chloroplastic OS=Arabidopsis thaliana OX=3702 GN=FSD3 PE=1 SV=1	True
Q9FN02	-0.38	0.036840855	0.114978747	PP7	SOL	Serine/threonine-protein phosphatase 7 OS=Arabidopsis thaliana OX=3702 GN=PP7 PE=1 SV=1	False
Q9FN03	-0.51	0.103815045	0.151428852	UVR8	MEM	Ultraviolet-B receptor UVR8 OS=Arabidopsis thaliana OX=3702 GN=UVR8 PE=1 SV=1	False
Q9FN08	0.32	0.104007405	0.151685626	BGAL10	MEM	Beta-galactosidase 10 OS=Arabidopsis thaliana OX=3702 GN=BGAL10 PE=2 SV=1	False
Q9FN15	-0.23	0.09795285	0.144511167	CGLD27	MEM	Protein CONSERVED IN THE GREEN LINEAGE AND DIATOMS 27, chloroplastic OS=Arabidopsis thaliana OX=3702 GN=CGLD27 PE=2 SV=1	False
Q9FN21	-0.11	0.117758151	0.219025462	At5g67290	SOL	FAD-dependent oxidoreductase family protein OS=Arabidopsis thaliana OX=3702 GN=At5g67290 PE=1 SV=1	False
Q9FN42	-0.07	0.232586889	0.341032592	CLPP2	SOL	ATP-dependent Clp protease proteolytic subunit 2, mitochondrial OS=Arabidopsis thaliana OX=3702 GN=CLPP2 PE=1 SV=1	False
Q9FN48	-0.48	0.056005814	0.093105908	CAS	MEM	Calcium sensing receptor, chloroplastic OS=Arabidopsis thaliana OX=3702 GN=CAS PE=1 SV=1	False
Q9FN50	-1.26	0.000863988	0.009176044	CPP1	MEM	Protein CHAPERONE-LIKE PROTEIN OF POR1, chloroplastic OS=Arabidopsis thaliana OX=3702 GN=CPP1 PE=1 SV=1	True
Q9FN52	-2.48	1.12075e-05	0.009253624	MAM3	SOL	Methylthioalkylmalate synthase 3, chloroplastic OS=Arabidopsis thaliana OX=3702 GN=MAM3 PE=1 SV=1	True
Q9FN89	-0.33	0.009739113	0.029821546	RIBA3	MEM	Monofunctional riboflavin biosynthesis protein RIBA 3, chloroplastic OS=Arabidopsis thaliana OX=3702 GN=RIBA3 PE=1 SV=1	True
Q9FNA0	-0.25	0.014341229	0.036974025	DJC73	MEM	At5g59610 OS=Arabidopsis thaliana OX=3702 GN=DJC73 PE=1 SV=1	True
Q9FNA1	-0.7	0.012267816	0.033639661	MSH12.19	MEM	Uncharacterized protein At5g13720 OS=Arabidopsis thaliana OX=3702 GN=MSH12.19 PE=1 SV=1	True
Q9FNA3	-0.08	0.803477267	0.847829066	NAGLU	SOL	Alpha-N-acetylglucosaminidase OS=Arabidopsis thaliana OX=3702 GN=NAGLU PE=2 SV=1	False
Q9FNB0	-0.14	0.000590094	0.007794269	CHLH	MEM	Magnesium-chelatase subunit ChlH, chloroplastic OS=Arabidopsis thaliana OX=3702 GN=CHLH PE=1 SV=1	True
Q9FNC4	-0.78	0.017207734	0.040908537	MRH10.13	MEM	HAD superfamily, subfamily IIIB acid phosphatase OS=Arabidopsis thaliana OX=3702 GN=MRH10.13 PE=1 SV=1	True
Q9FNC9	-0.51	0.038110532	0.070535984	TOM9-2	MEM	Mitochondrial import receptor subunit TOM9-2 OS=Arabidopsis thaliana OX=3702 GN=TOM9-2 PE=1 SV=3	False
Q9FND9	-0.32	0.143911397	0.247802908	RFS5	SOL	Probable galactinol--sucrose galactosyltransferase 5 OS=Arabidopsis thaliana OX=3702 GN=RFS5 PE=1 SV=1	False
Q9FNF2	-0.49	0.121024735	0.171497844	SS1	MEM	Starch synthase 1, chloroplastic/amyloplastic OS=Arabidopsis thaliana OX=3702 GN=SS1 PE=2 SV=1	False
Q9FNF6	0.5	0.030654076	0.059984908	MOP9.8	MEM	Dipeptidyl peptidase IV-like protein OS=Arabidopsis thaliana OX=3702 GN=MOP9.8 PE=1 SV=1	False
Q9FNH6	0.79	0.001204196	0.010216866	NHL3	MEM	NDR1/HIN1-like protein 3 OS=Arabidopsis thaliana OX=3702 GN=NHL3 PE=1 SV=1	True
Q9FNK4	0.19	0.041058646	0.074261969	DELTA-OAT	MEM	Ornithine aminotransferase, mitochondrial OS=Arabidopsis thaliana OX=3702 GN=DELTA-OAT PE=1 SV=1	False
Q9FNM5	-0.42	0.0012428	0.030784145	At5g08650	SOL	Translation factor GUF1 homolog, chloroplastic OS=Arabidopsis thaliana OX=3702 GN=At5g08650 PE=1 SV=2	True
Q9FNM7	-0.36	0.058849755	0.145503157	RH26	SOL	DEAD-box ATP-dependent RNA helicase 26 OS=Arabidopsis thaliana OX=3702 GN=RH26 PE=1 SV=2	False
Q9FNN0	1.11	0.001056235	0.00976055	MAH20.14	MEM	Calcium-binding EF hand family protein OS=Arabidopsis thaliana OX=3702 GN=MAH20.14 PE=1 SV=1	True
Q9FNN1	0.05	0.471878667	0.53211606	MAH20.13	MEM	Pyruvate kinase OS=Arabidopsis thaliana OX=3702 GN=MAH20.13 PE=1 SV=1	False
Q9FNN2	0.37	0.027240173	0.055672515	WDR26	MEM	WD repeat-containing protein 26 homolog OS=Arabidopsis thaliana OX=3702 GN=WDR26 PE=1 SV=1	False
Q9FNN5	0.31	0.007994897	0.026883857	At5g08530	MEM	NADH dehydrogenase [ubiquinone] flavoprotein 1, mitochondrial OS=Arabidopsis thaliana OX=3702 GN=At5g08530 PE=1 SV=1	True
Q9FNP8	0.41	0.081798535	0.174805202	RPS19C	SOL	40S ribosomal protein S19-3 OS=Arabidopsis thaliana OX=3702 GN=RPS19C PE=2 SV=1	False
Q9FNX5	-0.53	0.002776253	0.039740256	DRP1E	SOL	Phragmoplastin DRP1E OS=Arabidopsis thaliana OX=3702 GN=DRP1E PE=1 SV=1	True
Q9FPE4	0.51	0.157267886	0.260512184	At1g28660	SOL	GDSL esterase/lipase At1g28660 OS=Arabidopsis thaliana OX=3702 GN=At1g28660 PE=2 SV=1	False
Q9FPF0	0.58	0.041480512	0.074864711	DJ1A	MEM	Protein DJ-1 homolog A OS=Arabidopsis thaliana OX=3702 GN=DJ1A PE=1 SV=1	False
Q9FPH2	-1.24	0.002353232	0.013849643	At5g02160	MEM	AT5g02160 OS=Arabidopsis thaliana OX=3702 GN=At5g02160 PE=1 SV=1	True
Q9FPH3	0.15	0.04831292	0.083452038	THA2	MEM	Probable low-specificity L-threonine aldolase 2 OS=Arabidopsis thaliana OX=3702 GN=THA2 PE=1 SV=1	False
Q9FPJ4	1.46	0.004890971	0.020400267	RABD2B	MEM	Ras-related protein RABD2b OS=Arabidopsis thaliana OX=3702 GN=RABD2B PE=1 SV=1	True
Q9FPJ8	-0.22	0.026851542	0.097714891	RBP45A	SOL	Polyadenylate-binding protein RBP45A OS=Arabidopsis thaliana OX=3702 GN=RBP45A PE=2 SV=1	False
Q9FPS3	-0.55	0.005841257	0.022646143	UBP24	MEM	Ubiquitin carboxyl-terminal hydrolase 24 OS=Arabidopsis thaliana OX=3702 GN=UBP24 PE=1 SV=1	True
Q9FPT1	-0.12	0.828586142	0.869050617	UBP12	SOL	Ubiquitin C-terminal hydrolase 12 OS=Arabidopsis thaliana OX=3702 GN=UBP12 PE=1 SV=2	False
Q9FQ03	-1.09	0.002669741	0.014732719	XRN3	MEM	5'-3' exoribonuclease 3 OS=Arabidopsis thaliana OX=3702 GN=XRN3 PE=1 SV=1	True
Q9FR37	0.07	0.354130259	0.458747693	AMI1	SOL	Amidase 1 OS=Arabidopsis thaliana OX=3702 GN=AMI1 PE=1 SV=1	False
Q9FR44	0.55	0.059101876	0.145925857	NMT1	SOL	Phosphoethanolamine N-methyltransferase 1 OS=Arabidopsis thaliana OX=3702 GN=NMT1 PE=1 SV=1	False
Q9FRL3	-0.12	0.263874225	0.32643546	At1g75220	MEM	Sugar transporter ERD6-like 6 OS=Arabidopsis thaliana OX=3702 GN=At1g75220 PE=1 SV=1	False
Q9FRL8	0.34	0.006086868	0.023211023	DHAR2	MEM	Glutathione S-transferase DHAR2 OS=Arabidopsis thaliana OX=3702 GN=DHAR2 PE=1 SV=1	True
Q9FT52	0.43	0.023669893	0.091542081	At3g52300	SOL	ATP synthase subunit d, mitochondrial OS=Arabidopsis thaliana OX=3702 GN=At3g52300 PE=1 SV=3	False
Q9FT77	-0.71	0.026815174	0.055172461	RLM3	MEM	Disease resistance protein RLM3 OS=Arabidopsis thaliana OX=3702 GN=RLM3 PE=2 SV=1	False
Q9FT97	0.27	0.010877203	0.064922489	AGAL1	SOL	Alpha-galactosidase 1 OS=Arabidopsis thaliana OX=3702 GN=AGAL1 PE=2 SV=1	False
Q9FUP0	-0.77	0.000456672	0.023403654	OPR3	SOL	12-oxophytodienoate reductase 3 OS=Arabidopsis thaliana OX=3702 GN=OPR3 PE=1 SV=2	True
Q9FUS6	-0.59	0.010692119	0.031177241	GSTU13	MEM	Glutathione S-transferase U13 OS=Arabidopsis thaliana OX=3702 GN=GSTU13 PE=2 SV=1	True
Q9FUS8	0.78	0.000125593	0.004436412	GSTU17	MEM	Glutathione S-transferase U17 OS=Arabidopsis thaliana OX=3702 GN=GSTU17 PE=2 SV=1	True
Q9FUS9	-0.61	0.002272074	0.01361474	GSTU18	MEM	Glutathione S-transferase U18 OS=Arabidopsis thaliana OX=3702 GN=GSTU18 PE=2 SV=1	True
Q9FUZ2	-0.95	0.006456029	0.023988755	PDF1B	MEM	Peptide deformylase 1B, chloroplastic/mitochondrial OS=Arabidopsis thaliana OX=3702 GN=PDF1B PE=1 SV=2	True
Q9FV49	-0.12	0.316714145	0.380065153	MAP2A	MEM	Methionine aminopeptidase 2A OS=Arabidopsis thaliana OX=3702 GN=MAP2A PE=2 SV=2	False
Q9FV50	-0.33	0.043678067	0.125132833	MAP1D	SOL	Methionine aminopeptidase 1D, chloroplastic/mitochondrial OS=Arabidopsis thaliana OX=3702 GN=MAP1D PE=1 SV=1	False
Q9FV52	0.11	0.104252427	0.203226597	MAP1B	SOL	Methionine aminopeptidase 1B, chloroplastic OS=Arabidopsis thaliana OX=3702 GN=MAP1B PE=2 SV=2	False
Q9FV53	-0.22	0.042629344	0.12340423	PDF1A	SOL	Peptide deformylase 1A, chloroplastic/mitochondrial OS=Arabidopsis thaliana OX=3702 GN=PDF1A PE=1 SV=3	False
Q9FV81	-0.25	0.005788735	0.048881921	GATB	SOL	Glutamyl-tRNA(Gln) amidotransferase subunit B, chloroplastic/mitochondrial OS=Arabidopsis thaliana OX=3702 GN=GATB PE=2 SV=1	True
Q9FVC8	0.09	0.891032732	0.917575277	DHDPS2	SOL	4-hydroxy-tetrahydrodipicolinate synthase 2, chloroplastic OS=Arabidopsis thaliana OX=3702 GN=DHDPS2 PE=1 SV=2	False
Q9FVE6	0.04	0.924117606	0.940314656	HDT1	SOL	Histone deacetylase HDT1 OS=Arabidopsis thaliana OX=3702 GN=HDT1 PE=1 SV=1	False
Q9FVP6	-0.23	0.031106859	0.105834577	F27K7.11	SOL	3-phosphoshikimate 1-carboxyvinyltransferase OS=Arabidopsis thaliana OX=3702 GN=F27K7.11 PE=1 SV=1	False
Q9FVQ1	-0.5	0.003383378	0.016548279	NUCL1	MEM	Nucleolin 1 OS=Arabidopsis thaliana OX=3702 GN=NUCL1 PE=1 SV=1	True
Q9FVR1	-0.27	0.015796845	0.076723107	At1g32160	SOL	At1g32160/F3C3_6 OS=Arabidopsis thaliana OX=3702 GN=At1g32160 PE=1 SV=1	False
Q9FVR6	-0.58	0.000110661	0.004282644	At1g32220	MEM	Uncharacterized protein At1g32220, chloroplastic OS=Arabidopsis thaliana OX=3702 GN=At1g32220 PE=1 SV=1	True
Q9FVR9	0.2	0.007755231	0.026499703	At1g57770	MEM	FAD/NAD(P)-binding oxidoreductase family protein OS=Arabidopsis thaliana OX=3702 GN=At1g57770 PE=1 SV=1	True
Q9FVT2	0.97	0.00099019	0.009642458	At1g57720	MEM	Probable elongation factor 1-gamma 2 OS=Arabidopsis thaliana OX=3702 GN=At1g57720 PE=1 SV=1	True
Q9FVU0	-0.79	0.001123042	0.00991114	CYB	MEM	Transmembrane emp24 domain-containing protein p24delta4 OS=Arabidopsis thaliana OX=3702 GN=CYB PE=1 SV=1	True
Q9FVV7	-0.25	0.103175459	0.20204962	RAD52-1	SOL	DNA repair RAD52-like protein 1, mitochondrial OS=Arabidopsis thaliana OX=3702 GN=RAD52-1 PE=1 SV=1	False
Q9FVW3	0.12	0.138317923	0.242364714	MES14	SOL	Putative methylesterase 14, chloroplastic OS=Arabidopsis thaliana OX=3702 GN=MES14 PE=1 SV=1	False
Q9FW48	-0.34	0.05164559	0.087644716	At1g33600	MEM	Leucine-rich repeat (LRR) family protein OS=Arabidopsis thaliana OX=3702 GN=At1g33600 PE=1 SV=1	False
Q9FWA3	-0.05	0.069390691	0.15983874	PGD2	SOL	6-phosphogluconate dehydrogenase, decarboxylating 2 OS=Arabidopsis thaliana OX=3702 GN=PGD2 PE=1 SV=1	False
Q9FWR4	0.61	0.077039708	0.119461038	DHAR1	MEM	Glutathione S-transferase DHAR1, mitochondrial OS=Arabidopsis thaliana OX=3702 GN=DHAR1 PE=1 SV=1	False
Q9FWR5	-1.12	0.003341716	0.0164029	GAMMACA1	MEM	Gamma carbonic anhydrase 1, mitochondrial OS=Arabidopsis thaliana OX=3702 GN=GAMMACA1 PE=1 SV=1	True
Q9FWS4	0.75	0.08336445	0.127125999	RPL31	MEM	50S ribosomal protein L31, chloroplastic OS=Arabidopsis thaliana OX=3702 GN=RPL31 PE=2 SV=1	False
Q9FWT4	-0.4	0.005133528	0.046419192	At1g75460	SOL	ATP-dependent protease La (LON) domain protein OS=Arabidopsis thaliana OX=3702 GN=At1g75460 PE=1 SV=1	True
Q9FWX7	0.17	0.300544273	0.364283022	ABCB11	MEM	ABC transporter B family member 11 OS=Arabidopsis thaliana OX=3702 GN=ABCB11 PE=2 SV=1	False
Q9FX08	0.23	0.026131493	0.054183591	At1g47380	MEM	Probable protein phosphatase 2C 12 OS=Arabidopsis thaliana OX=3702 GN=At1g47380 PE=2 SV=1	False
Q9FX21	-0.49	0.017429579	0.041183087	STT3B	MEM	Dolichyl-diphosphooligosaccharide--protein glycosyltransferase subunit STT3B OS=Arabidopsis thaliana OX=3702 GN=STT3B PE=2 SV=1	True
Q9FX45	-0.13	0.259415271	0.368314183	ORRM6	SOL	Organelle RRM domain-containing protein 6, chloroplastic OS=Arabidopsis thaliana OX=3702 GN=ORRM6 PE=1 SV=1	False
Q9FX54	0.37	0.005250913	0.021234434	GAPC2	MEM	Glyceraldehyde-3-phosphate dehydrogenase GAPC2, cytosolic OS=Arabidopsis thaliana OX=3702 GN=GAPC2 PE=1 SV=1	True
Q9FX60	0.06	0.550532837	0.635705392	At1g13370	SOL	Histone H3-like 1 OS=Arabidopsis thaliana OX=3702 GN=At1g13370 PE=2 SV=3	False
Q9FX93	0.19	0.020593206	0.085970849	CXE4	SOL	Probable carboxylesterase 4, mitochondrial OS=Arabidopsis thaliana OX=3702 GN=CXE4 PE=1 SV=1	False
Q9FX94	0.11	0.049393331	0.084776986	CXE5	MEM	Probable carboxylesterase 5 OS=Arabidopsis thaliana OX=3702 GN=CXE5 PE=2 SV=1	False
Q9FX99	-1.4	0.001211875	0.010221414	At1g49730	MEM	Probable receptor-like protein kinase At1g49730 OS=Arabidopsis thaliana OX=3702 GN=At1g49730 PE=2 SV=1	True
Q9FXA0	0.03	0.882264909	0.910625698	At1g49740	SOL	F14J22.5 protein OS=Arabidopsis thaliana OX=3702 GN=At1g49740 PE=1 SV=1	False
Q9FXA1	-1.23	2.00471e-05	0.003387239	At1g49750	MEM	AT1G49750 protein OS=Arabidopsis thaliana OX=3702 GN=At1g49750 PE=1 SV=1	True
Q9FXA2	0.66	0.006869687	0.024986301	PAB8	MEM	Polyadenylate-binding protein 8 OS=Arabidopsis thaliana OX=3702 GN=PAB8 PE=1 SV=1	True
Q9FXA8	-0.32	0.007106012	0.025392666	INVA	MEM	Alkaline/neutral invertase A, mitochondrial OS=Arabidopsis thaliana OX=3702 GN=INVA PE=1 SV=1	True
Q9FXB0	-0.31	0.009561548	0.029520089	SMALLER	MEM	At1g56580/F25P12_18 OS=Arabidopsis thaliana OX=3702 GN=SMALLER WITH VARIABLE BRANCHES PE=1 SV=1	True
Q9FXB5	-0.87	0.008314119	0.02759102	At1g56660	MEM	F25P12.91 protein OS=Arabidopsis thaliana OX=3702 GN=At1g56660 PE=1 SV=1	True
Q9FXD4	0.28	0.012376237	0.033867011	At1g67680	MEM	Signal recognition particle subunit SRP72 OS=Arabidopsis thaliana OX=3702 GN=At1g67680 PE=1 SV=1	True
Q9FXD8	0.43	0.084686394	0.179034023	At1g67750	SOL	Probable pectate lyase 5 OS=Arabidopsis thaliana OX=3702 GN=At1g67750 PE=2 SV=2	False
Q9FXE5	-0.35	0.243320678	0.351499992	FXG1	SOL	Alpha-L-fucosidase 3 OS=Arabidopsis thaliana OX=3702 GN=FXG1 PE=2 SV=1	False
Q9FXH1	-0.71	0.001658278	0.011736766	DYW7	MEM	Pentatricopeptide repeat-containing protein At1g19720 OS=Arabidopsis thaliana OX=3702 GN=DYW7 PE=2 SV=1	True
Q9FXH3	-0.63	0.02985429	0.103137583	F6F9.20	SOL	ATP-dependent protease La (LON) domain protein OS=Arabidopsis thaliana OX=3702 GN=F6F9.20 PE=1 SV=1	False
Q9FXI5	0.84	0.008479826	0.027767096	IQD32	MEM	Protein IQ-DOMAIN 32 OS=Arabidopsis thaliana OX=3702 GN=IQD32 PE=1 SV=3	True
Q9FXT6	-0.21	0.094331157	0.139945632	PEX14	MEM	Peroxisomal membrane protein PEX14 OS=Arabidopsis thaliana OX=3702 GN=PEX14 PE=1 SV=2	False
Q9FY49	-0.21	0.026765239	0.055138409	LKHA4	MEM	Leucine aminopeptidase OS=Arabidopsis thaliana OX=3702 GN=LKHA4 PE=2 SV=1	False
Q9FY50	1.42	0.001422287	0.010896383	RPL10	MEM	50S ribosomal protein L10, chloroplastic OS=Arabidopsis thaliana OX=3702 GN=RPL10 PE=2 SV=1	True
Q9FY61	-0.49	0.015685482	0.038779359	TRS120	MEM	Trafficking protein particle complex II-specific subunit 120 homolog OS=Arabidopsis thaliana OX=3702 GN=TRS120 PE=1 SV=1	True
Q9FY71	1.18	0.003120321	0.015853873	EXL4	MEM	Protein EXORDIUM-like 4 OS=Arabidopsis thaliana OX=3702 GN=EXL4 PE=2 SV=1	True
Q9FY89	1.14	0.015240147	0.038174309	VPS20.2	MEM	Vacuolar protein sorting-associated protein 20 homolog 2 OS=Arabidopsis thaliana OX=3702 GN=VPS20.2 PE=1 SV=1	True
Q9FY99	0.0	0.471654522	0.568510097	G6PD2	SOL	Glucose-6-phosphate 1-dehydrogenase 2, chloroplastic OS=Arabidopsis thaliana OX=3702 GN=G6PD2 PE=1 SV=2	False
Q9FYA6	-0.17	0.016823985	0.078677806	BCAT5	SOL	Branched-chain-amino-acid aminotransferase 5, chloroplastic OS=Arabidopsis thaliana OX=3702 GN=BCAT5 PE=1 SV=1	False
Q9FYC2	-1.07	0.004686176	0.019820495	PAO	MEM	Pheophorbide a oxygenase, chloroplastic OS=Arabidopsis thaliana OX=3702 GN=PAO PE=1 SV=1	True
Q9FYC4	-0.23	0.222401953	0.329151347	FAMT	SOL	Farnesoic acid carboxyl-O-methyltransferase OS=Arabidopsis thaliana OX=3702 GN=FAMT PE=1 SV=1	False
Q9FYG2	-0.63	0.031941337	0.061804304	CAMTA4	MEM	Calmodulin-binding transcription activator 4 OS=Arabidopsis thaliana OX=3702 GN=CAMTA4 PE=1 SV=1	False
Q9FYH8	-0.14	0.261348066	0.370537307	At1g30910	SOL	F17F8.22 OS=Arabidopsis thaliana OX=3702 GN=At1g30910 PE=1 SV=1	False
Q9FYK3	-0.02	0.373669301	0.477902462	At1g24610	SOL	F21J9.27 OS=Arabidopsis thaliana OX=3702 GN=At1g24610 PE=1 SV=1	False
Q9FYL3	-0.83	0.005585205	0.022105328	ALB4	MEM	ALBINO3-like protein 1, chloroplastic OS=Arabidopsis thaliana OX=3702 GN=ALB4 PE=1 SV=3	True
Q9FYR6	0.31	0.066750894	0.106986596	OVA6	MEM	Proline--tRNA ligase, chloroplastic/mitochondrial OS=Arabidopsis thaliana OX=3702 GN=OVA6 PE=2 SV=1	False
Q9FZ24	-0.97	2.67984e-05	0.003642269	At1g02370	MEM	Pentatricopeptide repeat-containing protein At1g02370, mitochondrial OS=Arabidopsis thaliana OX=3702 GN=At1g02370 PE=2 SV=1	True
Q9FZ27	0.43	0.006451423	0.050732954	At1g02335	SOL	Germin-like protein subfamily 2 member 2 OS=Arabidopsis thaliana OX=3702 GN=At1g02335 PE=2 SV=1	False
Q9FZ33	-0.47	0.009420463	0.029348777	AXR4	MEM	Protein AUXIN RESPONSE 4 OS=Arabidopsis thaliana OX=3702 GN=AXR4 PE=1 SV=1	True
Q9FZ42	1.84	0.012299388	0.068335742	ChlADR1	SOL	NADPH-dependent aldehyde reductase 1, chloroplastic OS=Arabidopsis thaliana OX=3702 GN=ChlADR1 PE=1 SV=1	False
Q9FZ43	0.42	0.028689189	0.100782794	F6I1.17	SOL	7-dehydrocholesterol reductase-like protein OS=Arabidopsis thaliana OX=3702 GN=F6I1.17 PE=1 SV=1	False
Q9FZ47	-0.45	0.159524335	0.214827749	ACR11	MEM	ACT domain-containing protein ACR11 OS=Arabidopsis thaliana OX=3702 GN=ACR11 PE=1 SV=1	False
Q9FZ48	-0.08	0.333386726	0.396844222	UBC36	MEM	Ubiquitin-conjugating enzyme E2 36 OS=Arabidopsis thaliana OX=3702 GN=UBC36 PE=1 SV=1	False
Q9FZ76	0.33	0.128329816	0.180091964	RPL6A	MEM	60S ribosomal protein L6-1 OS=Arabidopsis thaliana OX=3702 GN=RPL6A PE=2 SV=1	False
Q9FZ80	-1.93	0.002625131	0.014583799	SOT17	MEM	Cytosolic sulfotransferase 17 OS=Arabidopsis thaliana OX=3702 GN=SOT17 PE=1 SV=1	True
Q9FZ87	0.81	0.001202542	0.010216866	GH3.17	MEM	Indole-3-acetic acid-amido synthetase GH3.17 OS=Arabidopsis thaliana OX=3702 GN=GH3.17 PE=1 SV=1	True
Q9FZ89	-0.56	0.000840045	0.009056313	At1g28150	MEM	UPF0426 protein At1g28150, chloroplastic OS=Arabidopsis thaliana OX=3702 GN=At1g28150 PE=1 SV=1	True
Q9FZA2	0.47	0.010280663	0.030660525	AGP31	MEM	Non-classical arabinogalactan protein 31 OS=Arabidopsis thaliana OX=3702 GN=AGP31 PE=1 SV=1	True
Q9FZC4	-1.59	0.002815518	0.014977113	FOX1	MEM	Berberine bridge enzyme-like 3 OS=Arabidopsis thaliana OX=3702 GN=FOX1 PE=2 SV=1	True
Q9FZC5	0.43	0.00145155	0.010986835	FOX2	MEM	Berberine bridge enzyme-like 4 OS=Arabidopsis thaliana OX=3702 GN=FOX2 PE=2 SV=1	True
Q9FZE1	-0.2	0.271239263	0.380338402	UGD1	SOL	UDP-glucose 6-dehydrogenase 1 OS=Arabidopsis thaliana OX=3702 GN=UGD1 PE=2 SV=1	False
Q9FZI4	-1.05	0.002056244	0.012978312	F1O19.2	MEM	At1g66930 OS=Arabidopsis thaliana OX=3702 GN=F1O19.2 PE=1 SV=1	True
Q9FZK4	1.53	0.012081033	0.033441042	NTF2A	MEM	Nuclear transport factor 2A OS=Arabidopsis thaliana OX=3702 GN=NTF2A PE=1 SV=1	True
Q9FZK5	-0.84	0.001779811	0.012170552	At1g27300	MEM	F17L21.9 OS=Arabidopsis thaliana OX=3702 GN=At1g27300 PE=1 SV=1	True
Q9LD28	0.26	0.247657683	0.355966005	RAT5	SOL	Histone H2A.6 OS=Arabidopsis thaliana OX=3702 GN=RAT5 PE=1 SV=1	False
Q9LD43	0.24	0.001471933	0.011029903	CAC3	MEM	Acetyl-coenzyme A carboxylase carboxyl transferase subunit alpha, chloroplastic OS=Arabidopsis thaliana OX=3702 GN=CAC3 PE=1 SV=1	True
Q9LD55	0.54	0.016974293	0.040665662	TIF3A1	MEM	Eukaryotic translation initiation factor 3 subunit A OS=Arabidopsis thaliana OX=3702 GN=TIF3A1 PE=1 SV=1	True
Q9LD57	-0.19	0.462362081	0.559487482	PGK1	SOL	Phosphoglycerate kinase 1, chloroplastic OS=Arabidopsis thaliana OX=3702 GN=PGK1 PE=1 SV=1	False
Q9LD90	0.13	0.075026929	0.116944859	CBF5	MEM	H/ACA ribonucleoprotein complex subunit 4 OS=Arabidopsis thaliana OX=3702 GN=CBF5 PE=1 SV=1	False
Q9LDA4	-2.18	0.156597528	0.259807151	PER38	SOL	Peroxidase 38 OS=Arabidopsis thaliana OX=3702 GN=PER38 PE=3 SV=1	False
Q9LDA7	0.81	0.000288228	0.005861057	At3g15260	MEM	Probable protein phosphatase 2C 39 OS=Arabidopsis thaliana OX=3702 GN=At3g15260 PE=2 SV=1	True
Q9LDB4	0.39	0.072251932	0.113764351	LTP6	MEM	Non-specific lipid-transfer protein 6 OS=Arabidopsis thaliana OX=3702 GN=LTP6 PE=3 SV=1	False
Q9LDD5	-0.21	0.238157343	0.346669385	PYRP2	SOL	5-amino-6-(5-phospho-D-ribitylamino)uracil phosphatase, chloroplastic OS=Arabidopsis thaliana OX=3702 GN=PYRP2 PE=1 SV=1	False
Q9LDD8	0.4	0.004944116	0.046039758	MCCB	SOL	Methylcrotonoyl-CoA carboxylase beta chain, mitochondrial OS=Arabidopsis thaliana OX=3702 GN=MCCB PE=2 SV=1	True
Q9LDI9	-0.16	0.039757795	0.072744474	F23O10.17	MEM	At1g69250 OS=Arabidopsis thaliana OX=3702 GN=F23O10.17 PE=1 SV=1	False
Q9LDN6	0.68	0.167234124	0.222938849	map4kalpha2	MEM	MAP kinase OS=Arabidopsis thaliana OX=3702 GN=map4kalpha2 PE=1 SV=1	False
Q9LDN9	-1.9	0.001408838	0.010820107	PER37	MEM	Peroxidase 37 OS=Arabidopsis thaliana OX=3702 GN=PER37 PE=2 SV=1	True
Q9LDV4	-0.12	0.215615859	0.322128859	ALAAT2	SOL	Alanine aminotransferase 2, mitochondrial OS=Arabidopsis thaliana OX=3702 GN=ALAAT2 PE=1 SV=1	False
Q9LDY5	-1.05	0.002575376	0.014450233	FKBP17-2	MEM	Peptidyl-prolyl cis-trans isomerase FKBP17-2, chloroplastic OS=Arabidopsis thaliana OX=3702 GN=FKBP17-2 PE=1 SV=1	True
Q9LDZ0	0.04	0.435479706	0.533209704	HSP70-10	SOL	Heat shock 70 kDa protein 10, mitochondrial OS=Arabidopsis thaliana OX=3702 GN=HSP70-10 PE=1 SV=1	False
Q9LE06	-3.36	0.000449771	0.006989505	BCAT4	MEM	Methionine aminotransferase BCAT4 OS=Arabidopsis thaliana OX=3702 GN=BCAT4 PE=1 SV=1	True
Q9LE22	0.55	0.001726087	0.034565294	CML27	SOL	Probable calcium-binding protein CML27 OS=Arabidopsis thaliana OX=3702 GN=CML27 PE=1 SV=1	True
Q9LE82	-0.42	0.014075948	0.036471838	RANGAP1	MEM	RAN GTPase-activating protein 1 OS=Arabidopsis thaliana OX=3702 GN=RANGAP1 PE=1 SV=1	True
Q9LEQ9	1.25	0.002372626	0.013870358	At5g14790	MEM	ARM repeat superfamily protein OS=Arabidopsis thaliana OX=3702 GN=At5g14790 PE=1 SV=1	True
Q9LER7	1.24	0.00755525	0.026159066	PSRP5	MEM	50S ribosomal protein 5, chloroplastic OS=Arabidopsis thaliana OX=3702 GN=PSRP5 PE=1 SV=1	True
Q9LES2	-0.58	0.007222915	0.053406451	UBA2A	SOL	UBP1-associated protein 2A OS=Arabidopsis thaliana OX=3702 GN=UBA2A PE=1 SV=1	False
Q9LEU5	-0.27	0.021082683	0.086747184	At5g10950	SOL	Tudor/PWWP/MBT superfamily protein OS=Arabidopsis thaliana OX=3702 GN=At5g10950 PE=1 SV=1	False
Q9LEU8	0.42	0.048826064	0.084091819	At5g10920	MEM	Argininosuccinate lyase, chloroplastic OS=Arabidopsis thaliana OX=3702 GN=At5g10920 PE=2 SV=1	False
Q9LEV3	0.18	0.011164458	0.065376742	CBSX3	SOL	CBS domain-containing protein CBSX3, mitochondrial OS=Arabidopsis thaliana OX=3702 GN=CBSX3 PE=1 SV=1	False
Q9LEW8	-0.2	0.001905798	0.036402305	At3g61080	SOL	Protein-ribulosamine 3-kinase, chloroplastic OS=Arabidopsis thaliana OX=3702 GN=At3g61080 PE=1 SV=2	True
Q9LEX1	-0.13	0.457381095	0.554272491	CLB	SOL	Calcium-dependent lipid-binding protein OS=Arabidopsis thaliana OX=3702 GN=CLB PE=1 SV=1	False
Q9LEY9	-0.04	0.552158375	0.608323389	At5g08180	MEM	H/ACA ribonucleoprotein complex subunit 2-like protein OS=Arabidopsis thaliana OX=3702 GN=At5g08180 PE=1 SV=1	False
Q9LF04	0.43	0.026345754	0.096726927	S-ACP-DES1	SOL	Stearoyl-[acyl-carrier-protein] 9-desaturase 1, chloroplastic OS=Arabidopsis thaliana OX=3702 GN=S-ACP-DES1 PE=1 SV=1	False
Q9LF27	-0.04	0.413936765	0.515323187	WDR12	SOL	Ribosome biogenesis protein WDR12 homolog OS=Arabidopsis thaliana OX=3702 GN=WDR12 PE=1 SV=1	False
Q9LF30	0.45	0.021780889	0.088489757	RPS19B	SOL	40S ribosomal protein S19-2 OS=Arabidopsis thaliana OX=3702 GN=RPS19B PE=2 SV=1	False
Q9LF33	0.21	0.089522346	0.134160806	UGD3	MEM	UDP-glucose 6-dehydrogenase 3 OS=Arabidopsis thaliana OX=3702 GN=UGD3 PE=1 SV=1	False
Q9LF34	-0.45	0.158641063	0.262061383	At5g15480	SOL	C2H2-type zinc finger family protein OS=Arabidopsis thaliana OX=3702 GN=At5g15480 PE=2 SV=1	False
Q9LF37	-0.05	0.181902522	0.287599499	CLPB3	SOL	Chaperone protein ClpB3, chloroplastic OS=Arabidopsis thaliana OX=3702 GN=CLPB3 PE=1 SV=1	False
Q9LF41	-0.35	0.005544217	0.047728727	PUB1	SOL	Probable ubiquitin conjugation factor E4 OS=Arabidopsis thaliana OX=3702 GN=PUB1 PE=2 SV=1	True
Q9LF46	0.24	0.011602683	0.066322723	HACL	SOL	2-hydroxyacyl-CoA lyase OS=Arabidopsis thaliana OX=3702 GN=HACL PE=1 SV=1	False
Q9LF61	-0.59	0.01799303	0.042096985	XPT	MEM	Xylulose 5-phosphate/phosphate translocator, chloroplastic OS=Arabidopsis thaliana OX=3702 GN=XPT PE=1 SV=1	True
Q9LF68	0.1	0.105715937	0.20479018	BOLA4	SOL	Protein BOLA4, chloroplastic/mitochondrial OS=Arabidopsis thaliana OX=3702 GN=BOLA4 PE=1 SV=1	False
Q9LF79	0.22	0.201181663	0.259808392	ACA8	MEM	Calcium-transporting ATPase 8, plasma membrane-type OS=Arabidopsis thaliana OX=3702 GN=ACA8 PE=1 SV=1	False
Q9LF88	2.53	0.0002285	0.018866518	At3g53040	SOL	Late embryogenesis abundant protein At3g53040 OS=Arabidopsis thaliana OX=3702 GN=At3g53040 PE=2 SV=1	True
Q9LF97	0.68	0.016647134	0.040118869	CBSCBSPB3	MEM	CBS domain-containing protein CBSCBSPB3 OS=Arabidopsis thaliana OX=3702 GN=CBSCBSPB3 PE=1 SV=1	True
Q9LF98	0.76	0.007694957	0.026416414	FBA8	MEM	Fructose-bisphosphate aldolase 8, cytosolic OS=Arabidopsis thaliana OX=3702 GN=FBA8 PE=1 SV=1	True
Q9LF99	1.11	0.002763732	0.014854106	F8J2_90	MEM	RAB6-interacting golgin OS=Arabidopsis thaliana OX=3702 GN=F8J2_90 PE=1 SV=1	True
Q9LFA3	0.36	0.0173603	0.041082064	MDAR1	MEM	Monodehydroascorbate reductase 1, peroxisomal OS=Arabidopsis thaliana OX=3702 GN=MDAR1 PE=1 SV=1	True
Q9LFA4	-0.4	0.028811117	0.057690521	IQM3	MEM	IQ domain-containing protein IQM3 OS=Arabidopsis thaliana OX=3702 GN=IQM3 PE=2 SV=1	False
Q9LFB2	-0.74	0.009079222	0.028826636	LAX1	MEM	Auxin transporter-like protein 1 OS=Arabidopsis thaliana OX=3702 GN=LAX1 PE=2 SV=1	True
Q9LFB5	-0.29	0.084902702	0.179287291	At5g01210	SOL	AT5g01210/F7J8_190 OS=Arabidopsis thaliana OX=3702 GN=At5g01210 PE=1 SV=1	False
Q9LFD5	0.76	0.001073169	0.00976055	BPA1	MEM	Binding partner of ACD11 1 OS=Arabidopsis thaliana OX=3702 GN=BPA1 PE=1 SV=1	True
Q9LFE4	0.66	0.003501296	0.016661157	At5g16730	MEM	WEB family protein At5g16730, chloroplastic OS=Arabidopsis thaliana OX=3702 GN=At5g16730 PE=1 SV=1	True
Q9LFF1	-0.18	0.207234874	0.313957665	MEE40	SOL	Pentatricopeptide repeat-containing protein At3g53700, chloroplastic OS=Arabidopsis thaliana OX=3702 GN=MEE40 PE=2 SV=1	False
Q9LFF6	0.3	0.036011337	0.113906701	At3g53650	SOL	Histone H2B.8 OS=Arabidopsis thaliana OX=3702 GN=At3g53650 PE=1 SV=3	False
Q9LFG2	-0.04	0.198557737	0.305702811	DAPF	SOL	Diaminopimelate epimerase, chloroplastic OS=Arabidopsis thaliana OX=3702 GN=DAPF PE=1 SV=1	False
Q9LFG3	0.19	0.007633731	0.026293647	F4P12_260	MEM	Tetratricopeptide repeat (TPR)-like superfamily protein OS=Arabidopsis thaliana OX=3702 GN=F4P12_260 PE=1 SV=1	True
Q9LFH0	-0.06	0.659162335	0.70897545	ABCG37	MEM	ABC transporter G family member 37 OS=Arabidopsis thaliana OX=3702 GN=ABCG37 PE=1 SV=1	False
Q9LFH1	-1.34	0.0031966	0.016135798	F4P12_170	MEM	2,3-bisphosphoglycerate-independent phosphoglycerate mutase OS=Arabidopsis thaliana OX=3702 GN=F4P12_170 PE=1 SV=1	True
Q9LFH5	0.79	0.000370487	0.006511285	RPL12B	MEM	60S ribosomal protein L12-2 OS=Arabidopsis thaliana OX=3702 GN=RPL12B PE=1 SV=1	True
Q9LFJ8	-0.32	0.117187048	0.21863343	UGT78D2	SOL	Flavonol 3-O-glucosyltransferase OS=Arabidopsis thaliana OX=3702 GN=UGT78D2 PE=1 SV=1	False
Q9LFM4	-0.48	0.011067431	0.031822288	At5g11330	MEM	At5g11330 OS=Arabidopsis thaliana OX=3702 GN=At5g11330 PE=1 SV=1	True
Q9LFN6	0.02	0.781306169	0.815898217	RH56	MEM	DEAD-box ATP-dependent RNA helicase 56 OS=Arabidopsis thaliana OX=3702 GN=RH56 PE=1 SV=2	False
Q9LFR3	0.15	0.537402469	0.624657867	GASA14	SOL	Gibberellin-regulated protein 14 OS=Arabidopsis thaliana OX=3702 GN=GASA14 PE=1 SV=1	False
Q9LFS0	0.11	0.981357982	0.985868753	At5g16040	SOL	At5g16040 OS=Arabidopsis thaliana OX=3702 GN=At5g16040 PE=1 SV=1	False
Q9LFU1	-0.07	0.936864654	0.950811423	ASN3	SOL	Asparagine synthetase [glutamine-hydrolyzing] 3 OS=Arabidopsis thaliana OX=3702 GN=ASN3 PE=2 SV=1	False
Q9LFW1	0.33	0.048760876	0.084090156	RGP2	MEM	UDP-arabinopyranose mutase 2 OS=Arabidopsis thaliana OX=3702 GN=RGP2 PE=1 SV=1	False
Q9LFX3	-0.01	0.897957175	0.922155855	At1g27150	SOL	Tetratricopeptide repeat protein 38 OS=Arabidopsis thaliana OX=3702 GN=At1g27150 PE=1 SV=1	False
Q9LFX8	-0.12	0.135303653	0.23910617	At1g27090	SOL	Glycine-rich protein OS=Arabidopsis thaliana OX=3702 GN=At1g27090 PE=1 SV=1	False
Q9LH52	-0.34	0.016103595	0.077503766	FLR1	SOL	Leucine-rich repeat protein FLOR 1 OS=Arabidopsis thaliana OX=3702 GN=FLR1 PE=1 SV=1	False
Q9LHA3	-0.91	0.003679649	0.017114606	At3g28720	MEM	Transmembrane protein OS=Arabidopsis thaliana OX=3702 GN=At3g28720 PE=1 SV=1	True
Q9LHA6	-0.97	0.001815356	0.0356688	At3g28220	SOL	AT3g28220/T19D11_3 OS=Arabidopsis thaliana OX=3702 GN=At3g28220 PE=1 SV=1	True
Q9LHA7	1.1	0.000577891	0.007759098	PER31	MEM	Peroxidase 31 OS=Arabidopsis thaliana OX=3702 GN=PER31 PE=2 SV=1	True
Q9LHA8	0.66	0.001785577	0.012200709	HSP70-4	MEM	Heat shock 70 kDa protein 4 OS=Arabidopsis thaliana OX=3702 GN=HSP70-4 PE=1 SV=1	True
Q9LHB9	0.69	0.038173624	0.070582469	PER32	MEM	Peroxidase 32 OS=Arabidopsis thaliana OX=3702 GN=PER32 PE=1 SV=3	False
Q9LHD9	-0.96	0.001374174	0.010668367	At3g28270	MEM	UPF0496 protein At3g28270 OS=Arabidopsis thaliana OX=3702 GN=At3g28270 PE=2 SV=1	True
Q9LHE5	-0.46	0.019598483	0.04455203	TOM40-1	MEM	Mitochondrial import receptor subunit TOM40-1 OS=Arabidopsis thaliana OX=3702 GN=TOM40-1 PE=1 SV=3	True
Q9LHE7	0.85	0.015274262	0.03822885	FYPP3	MEM	Phytochrome-associated serine/threonine-protein phosphatase 3 OS=Arabidopsis thaliana OX=3702 GN=FYPP3 PE=1 SV=1	True
Q9LHF0	-0.4	0.017263028	0.07987644	ZHD9	SOL	Zinc-finger homeodomain protein 9 OS=Arabidopsis thaliana OX=3702 GN=ZHD9 PE=1 SV=1	False
Q9LHF1	-2.1	0.003753512	0.017329443	LRX4	MEM	Leucine-rich repeat extensin-like protein 4 OS=Arabidopsis thaliana OX=3702 GN=LRX4 PE=1 SV=1	True
Q9LHG0	-0.08	0.309080984	0.417596508	NF-YC11	SOL	At3g12480/MQC3.32 OS=Arabidopsis thaliana OX=3702 GN=NF-YC11 PE=1 SV=1	False
Q9LHG9	1.74	0.00027917	0.005821332	At3g12390	MEM	Nascent polypeptide-associated complex subunit alpha-like protein 1 OS=Arabidopsis thaliana OX=3702 GN=At3g12390 PE=1 SV=1	True
Q9LHH3	-1.03	0.00051843	0.007411955	At3g12345	MEM	FKBP-type peptidyl-prolyl cis-trans isomerase OS=Arabidopsis thaliana OX=3702 GN=At3g12345 PE=1 SV=1	True
Q9LHH7	0.23	0.034236592	0.065090149	FOLD2	MEM	Bifunctional protein FolD 2 OS=Arabidopsis thaliana OX=3702 GN=FOLD2 PE=2 SV=1	False
Q9LHK1	0.32	0.116901317	0.218374482	NUDT16	SOL	Nudix hydrolase 16, mitochondrial OS=Arabidopsis thaliana OX=3702 GN=NUDT16 PE=2 SV=1	False
Q9LHL7	0.61	0.020615622	0.046141854	T21B14.13	MEM	Aha1 domain-containing protein OS=Arabidopsis thaliana OX=3702 GN=T21B14.13 PE=1 SV=1	True
Q9LHP1	-0.33	0.000558436	0.007688221	RPL7D	MEM	60S ribosomal protein L7-4 OS=Arabidopsis thaliana OX=3702 GN=RPL7D PE=2 SV=1	True
Q9LHP2	-0.83	0.006432458	0.023949053	SCL30A	MEM	Serine/arginine-rich SC35-like splicing factor SCL30A OS=Arabidopsis thaliana OX=3702 GN=SCL30A PE=1 SV=1	True
Q9LHQ5	0.41	0.016629466	0.04010839	At3g20670	MEM	Probable histone H2A.2 OS=Arabidopsis thaliana OX=3702 GN=At3g20670 PE=1 SV=1	True
Q9LHS0	0.42	0.139846364	0.19356453	At5g35200	MEM	Putative clathrin assembly protein At5g35200 OS=Arabidopsis thaliana OX=3702 GN=At5g35200 PE=1 SV=1	False
Q9LHS5	-0.37	0.006397102	0.050732954	At5g06110	SOL	Cell division related protein-like OS=Arabidopsis thaliana OX=3702 GN=At5g06110 PE=1 SV=1	False
Q9LHT0	-0.09	0.122752183	0.224617451	At5g06060	SOL	Tropinone reductase homolog At5g06060 OS=Arabidopsis thaliana OX=3702 GN=At5g06060 PE=2 SV=1	False
Q9LI73	0.53	0.028643572	0.100782794	At3g25700	SOL	At3g25700 OS=Arabidopsis thaliana OX=3702 GN=At3g25700 PE=1 SV=1	False
Q9LI77	0.11	0.030845908	0.060271451	GATA	MEM	Glutamyl-tRNA(Gln) amidotransferase subunit A, chloroplastic/mitochondrial OS=Arabidopsis thaliana OX=3702 GN=GATA PE=2 SV=1	False
Q9LI83	0.55	0.012003132	0.033347779	ALA10	MEM	Phospholipid-transporting ATPase 10 OS=Arabidopsis thaliana OX=3702 GN=ALA10 PE=3 SV=1	True
Q9LI88	-0.39	0.016320277	0.039723503	GHS1	MEM	Ribosomal protein S21 family protein OS=Arabidopsis thaliana OX=3702 GN=GHS1 PE=1 SV=1	True
Q9LIA2	-0.6	0.011695522	0.032965266	EXO70E1	MEM	Exocyst subunit Exo70 family protein OS=Arabidopsis thaliana OX=3702 GN=EXO70E1 PE=1 SV=1	True
Q9LIA8	-0.18	0.184584301	0.290479869	UGD2	SOL	UDP-glucose 6-dehydrogenase 2 OS=Arabidopsis thaliana OX=3702 GN=UGD2 PE=1 SV=1	False
Q9LIB2	-0.18	0.072564879	0.163750264	PHS1	SOL	Alpha-glucan phosphorylase 1 OS=Arabidopsis thaliana OX=3702 GN=PHS1 PE=1 SV=1	False
Q9LIB3	-0.66	0.060387418	0.098750293	BAG1	MEM	BAG family molecular chaperone regulator 8, chloroplastic OS=Arabidopsis thaliana OX=3702 GN=BAG1 PE=1 SV=1	False
Q9LIC2	-0.64	0.000339018	0.006226269	TMN7	MEM	Transmembrane 9 superfamily member 7 OS=Arabidopsis thaliana OX=3702 GN=TMN7 PE=2 SV=1	True
Q9LIE5	-1.16	0.018110954	0.042245536	FHY3	MEM	Protein FAR-RED ELONGATED HYPOCOTYL 3 OS=Arabidopsis thaliana OX=3702 GN=FHY3 PE=1 SV=1	True
Q9LIF8	1.63	0.000591273	0.007794269	JAL36	MEM	Jacalin-related lectin 36 OS=Arabidopsis thaliana OX=3702 GN=JAL36 PE=2 SV=1	True
Q9LIF9	3.57	0.00021589	0.005028246	BGLU19	MEM	Beta-glucosidase 19 OS=Arabidopsis thaliana OX=3702 GN=BGLU19 PE=2 SV=1	True
Q9LIG6	-0.02	0.598125197	0.677747535	NIFU4	SOL	NifU-like protein 4, mitochondrial OS=Arabidopsis thaliana OX=3702 GN=NIFU4 PE=2 SV=1	False
Q9LIH9	-0.28	0.116430214	0.217738759	RH51	SOL	DEAD-box ATP-dependent RNA helicase 51 OS=Arabidopsis thaliana OX=3702 GN=RH51 PE=2 SV=1	False
Q9LIK0	-0.45	0.022771003	0.049120457	PKP1	MEM	Plastidial pyruvate kinase 1, chloroplastic OS=Arabidopsis thaliana OX=3702 GN=PKP1 PE=1 SV=1	True
Q9LIK9	-1.09	5.02714e-05	0.003642269	APS1	MEM	ATP sulfurylase 1, chloroplastic OS=Arabidopsis thaliana OX=3702 GN=APS1 PE=1 SV=1	True
Q9LIL3	-0.12	0.17485253	0.279307061	At3g22850	SOL	Aluminum induced protein with YGL and LRDR motifs OS=Arabidopsis thaliana OX=3702 GN=At3g22850 PE=1 SV=1	False
Q9LIL4	-0.16	0.74205261	0.78096205	At3g22845	MEM	Transmembrane emp24 domain-containing protein p24beta3 OS=Arabidopsis thaliana OX=3702 GN=At3g22845 PE=2 SV=1	False
Q9LIM9	0.47	0.05119973	0.1353487	At3g26460	SOL	Major latex protein-like OS=Arabidopsis thaliana OX=3702 GN=At3g26460 PE=1 SV=1	False
Q9LIN0	-0.31	0.025510026	0.095094429	At3g26450	SOL	Major latex protein, putative OS=Arabidopsis thaliana OX=3702 GN=At3g26450 PE=1 SV=1	False
Q9LIN3	-0.47	0.001324921	0.010493537	RZ1A	MEM	Glycine-rich RNA-binding protein RZ1A OS=Arabidopsis thaliana OX=3702 GN=RZ1A PE=1 SV=1	True
Q9LIN5	0.59	0.000307206	0.021124485	EIF4B1	SOL	Eukaryotic translation initiation factor 4B1 OS=Arabidopsis thaliana OX=3702 GN=EIF4B1 PE=1 SV=1	True
Q9LIP2	-0.36	0.007628732	0.026293647	PBE2	MEM	Proteasome subunit beta type-5-B OS=Arabidopsis thaliana OX=3702 GN=PBE2 PE=1 SV=1	True
Q9LIP5	0.13	0.858863443	0.881632385	CYP71B35	MEM	Cytochrome P450 71B35 OS=Arabidopsis thaliana OX=3702 GN=CYP71B35 PE=2 SV=1	False
Q9LIP6	0.09	0.841100105	0.868579095	CYP71B34	MEM	Cytochrome P450 71B34 OS=Arabidopsis thaliana OX=3702 GN=CYP71B34 PE=2 SV=1	False
Q9LIR4	0.47	0.000797851	0.025005634	DHAD	SOL	Dihydroxy-acid dehydratase, chloroplastic OS=Arabidopsis thaliana OX=3702 GN=DHAD PE=1 SV=1	True
Q9LIR6	-0.44	0.020772791	0.086332555	BAM1	SOL	Beta-amylase 1, chloroplastic OS=Arabidopsis thaliana OX=3702 GN=BAM1 PE=1 SV=1	False
Q9LJ65	0.16	0.243076918	0.351284438	At3g19010	SOL	2-oxoglutarate (2OG) and Fe(II)-dependent oxygenase superfamily protein OS=Arabidopsis thaliana OX=3702 GN=At3g19010 PE=1 SV=1	False
Q9LJ72	-0.29	0.01295065	0.070143061	At3g18940	SOL	Proteasome assembly chaperone 2 OS=Arabidopsis thaliana OX=3702 GN=At3g18940 PE=1 SV=1	False
Q9LJ87	-0.61	0.012206202	0.068045229	CDC73	SOL	Protein CDC73 homolog OS=Arabidopsis thaliana OX=3702 GN=CDC73 PE=1 SV=1	False
Q9LJ94	-0.99	0.000246001	0.005376645	At3g22520	MEM	Spindle assembly abnormal protein OS=Arabidopsis thaliana OX=3702 GN=At3g22520 PE=1 SV=1	True
Q9LJ98	0.47	0.02600319	0.096134181	At3g22480	SOL	Probable prefoldin subunit 2 OS=Arabidopsis thaliana OX=3702 GN=At3g22480 PE=2 SV=1	False
Q9LJD8	-0.28	0.09429664	0.139939105	M3KE1	MEM	MAP3K epsilon protein kinase 1 OS=Arabidopsis thaliana OX=3702 GN=M3KE1 PE=1 SV=1	False
Q9LJE2	-0.22	0.024830129	0.093613744	OVA5	SOL	Lysine--tRNA ligase, chloroplastic/mitochondrial OS=Arabidopsis thaliana OX=3702 GN=OVA5 PE=2 SV=1	False
Q9LJE4	-0.12	0.119432542	0.220771945	CPN60B2	SOL	Chaperonin 60 subunit beta 2, chloroplastic OS=Arabidopsis thaliana OX=3702 GN=CPN60B2 PE=1 SV=1	False
Q9LJG3	-1.36	0.000477373	0.007236912	ESM1	MEM	GDSL esterase/lipase ESM1 OS=Arabidopsis thaliana OX=3702 GN=ESM1 PE=1 SV=1	True
Q9LJH8	-0.18	0.218974611	0.279216666	UBP1C	MEM	Oligouridylate-binding protein 1C OS=Arabidopsis thaliana OX=3702 GN=UBP1C PE=1 SV=1	False
Q9LJI5	-0.4	0.134436467	0.23811154	VHA-d1	SOL	V-type proton ATPase subunit d1 OS=Arabidopsis thaliana OX=3702 GN=VHA-d1 PE=1 SV=1	False
Q9LJK5	-0.13	0.349999983	0.412706482	At3g19240	MEM	Dem protein OS=Arabidopsis thaliana OX=3702 GN=At3g19240 PE=1 SV=1	False
Q9LJL3	-0.23	0.008284393	0.056948496	PREP1	SOL	Presequence protease 1, chloroplastic/mitochondrial OS=Arabidopsis thaliana OX=3702 GN=PREP1 PE=1 SV=2	False
Q9LJN4	0.03	0.812756282	0.855587468	BXL5	SOL	Probable beta-D-xylosidase 5 OS=Arabidopsis thaliana OX=3702 GN=BXL5 PE=2 SV=2	False
Q9LJN8	0.0	0.531647682	0.619908038	BUB3.1	SOL	Mitotic checkpoint protein BUB3.1 OS=Arabidopsis thaliana OX=3702 GN=BUB3.1 PE=1 SV=1	False
Q9LJP2	1.3	0.006160224	0.023366106	At3g14220	MEM	GDSL esterase/lipase At3g14220 OS=Arabidopsis thaliana OX=3702 GN=At3g14220 PE=2 SV=1	True
Q9LJR2	-1.47	0.003191862	0.016120637	LEC	MEM	Lectin-like protein LEC OS=Arabidopsis thaliana OX=3702 GN=LEC PE=1 SV=1	True
Q9LJV8	-0.67	0.0002506	0.005428509	At3g29075	MEM	Glycine-rich protein OS=Arabidopsis thaliana OX=3702 GN=At3g29075 PE=1 SV=1	True
Q9LJW6	0.98	0.004955712	0.020504645	RPL34C	MEM	60S ribosomal protein L34-3 OS=Arabidopsis thaliana OX=3702 GN=RPL34C PE=2 SV=1	True
Q9LJX0	-0.1	0.306843946	0.370420991	ABCB19	MEM	ABC transporter B family member 19 OS=Arabidopsis thaliana OX=3702 GN=ABCB19 PE=1 SV=1	False
Q9LJX4	-0.23	0.091416209	0.136295658	APUM5	MEM	Pumilio homolog 5 OS=Arabidopsis thaliana OX=3702 GN=APUM5 PE=1 SV=2	False
Q9LJX8	1.08	0.001701723	0.011926178	dVPE	MEM	Vacuolar-processing enzyme delta-isozyme OS=Arabidopsis thaliana OX=3702 GN=dVPE PE=1 SV=1	True
Q9LK22	0.26	0.110299502	0.210987241	PUX1	SOL	Plant UBX domain-containing protein 1 OS=Arabidopsis thaliana OX=3702 GN=PUX1 PE=1 SV=1	False
Q9LK23	0.05	0.720445358	0.762366057	G6PD5	MEM	Glucose-6-phosphate 1-dehydrogenase 5, cytoplasmic OS=Arabidopsis thaliana OX=3702 GN=G6PD5 PE=1 SV=1	False
Q9LK29	-1.27	0.000100991	0.004249764	CYC1-1	MEM	Cytochrome c1 1, heme protein, mitochondrial OS=Arabidopsis thaliana OX=3702 GN=CYC1-1 PE=1 SV=1	True
Q9LK35	0.2	0.173049773	0.229408209	THE1	MEM	Receptor-like protein kinase THESEUS 1 OS=Arabidopsis thaliana OX=3702 GN=THE1 PE=1 SV=1	False
Q9LK36	-0.1	0.055984369	0.09308691	SAHH2	MEM	Adenosylhomocysteinase 2 OS=Arabidopsis thaliana OX=3702 GN=SAHH2 PE=2 SV=1	False
Q9LK43	0.39	0.08165698	0.125117612	TMK4	MEM	Receptor-like kinase TMK4 OS=Arabidopsis thaliana OX=3702 GN=TMK4 PE=1 SV=1	False
Q9LK47	-0.36	0.120421622	0.170877712	At3g23700	MEM	AT3g23700/MYM9_3 OS=Arabidopsis thaliana OX=3702 GN=At3g23700 PE=1 SV=1	False
Q9LK52	0.18	0.006018007	0.050036799	EMB2769	SOL	Cwf15 / Cwc15 cell cycle control family protein OS=Arabidopsis thaliana OX=3702 GN=EMB2769 PE=1 SV=1	False
Q9LK57	-0.55	0.025278984	0.09455573	At3g13160	SOL	Pentatricopeptide repeat-containing protein At3g13160, mitochondrial OS=Arabidopsis thaliana OX=3702 GN=At3g13160 PE=1 SV=1	False
Q9LK61	-0.57	0.00511858	0.020936164	RPS10	MEM	30S ribosomal protein S10, chloroplastic OS=Arabidopsis thaliana OX=3702 GN=RPS10 PE=2 SV=1	True
Q9LK64	-0.52	0.022006002	0.047781546	ABCC3	MEM	ABC transporter C family member 3 OS=Arabidopsis thaliana OX=3702 GN=ABCC3 PE=1 SV=1	True
Q9LK72	-2.17	0.001103357	0.009802581	At3g16530	MEM	Lectin-like protein At3g16530 OS=Arabidopsis thaliana OX=3702 GN=At3g16530 PE=1 SV=1	True
Q9LK73	0.23	0.00750726	0.026080361	UGT88A1	MEM	UDP-glycosyltransferase 88A1 OS=Arabidopsis thaliana OX=3702 GN=UGT88A1 PE=2 SV=1	True
Q9LK88	0.06	0.803152561	0.847639069	NQR	SOL	NADPH:quinone oxidoreductase OS=Arabidopsis thaliana OX=3702 GN=NQR PE=1 SV=1	False
Q9LK94	-0.58	0.004139105	0.018466011	MDAR4	MEM	Monodehydroascorbate reductase 4, peroxisomal OS=Arabidopsis thaliana OX=3702 GN=MDAR4 PE=1 SV=1	True
Q9LK96	0.13	0.22516393	0.332048653	At3g15090	SOL	AT3g15090/K15M2_24 OS=Arabidopsis thaliana OX=3702 GN=At3g15090 PE=1 SV=1	False
Q9LK99	-0.25	0.076496741	0.118852058	RABA1G	MEM	Ras-related protein RABA1g OS=Arabidopsis thaliana OX=3702 GN=RABA1G PE=2 SV=1	False
Q9LKA4	-0.37	0.011980943	0.067600903	UBA2C	SOL	UBP1-associated protein 2C OS=Arabidopsis thaliana OX=3702 GN=UBA2C PE=2 SV=1	False
Q9LKA5	-0.45	0.00195368	0.012636501	MORF8	MEM	Multiple organellar RNA editing factor 8, chloroplastic/mitochondrial OS=Arabidopsis thaliana OX=3702 GN=MORF8 PE=1 SV=1	True
Q9LKB2	0.1	0.44119676	0.538612308	At3g14920	SOL	Peptide-N4-(N-acetyl-beta-glucosaminyl)asparagine amidase A protein OS=Arabidopsis thaliana OX=3702 GN=At3g14920 PE=1 SV=1	False
Q9LKB4	-0.08	0.772390472	0.821826117	EMB3120	SOL	Uncharacterized protein At3g14900 OS=Arabidopsis thaliana OX=3702 GN=EMB3120 PE=1 SV=1	False
Q9LKF9	-0.62	0.1376486	0.241911106	CPSF100	SOL	Cleavage and polyadenylation specificity factor subunit 2 OS=Arabidopsis thaliana OX=3702 GN=CPSF100 PE=1 SV=2	False
Q9LKJ1	-0.26	0.006690469	0.051490957	CHY1	SOL	3-hydroxyisobutyryl-CoA hydrolase 1 OS=Arabidopsis thaliana OX=3702 GN=CHY1 PE=1 SV=1	False
Q9LKR3	-0.24	0.012053197	0.033435929	BIP1	MEM	Heat shock 70 kDa protein BIP1 OS=Arabidopsis thaliana OX=3702 GN=BIP1 PE=1 SV=1	True
Q9LKR8	-0.28	0.017501142	0.080381088	RAF1.1	SOL	Rubisco accumulation factor 1.1, chloroplastic OS=Arabidopsis thaliana OX=3702 GN=RAF1.1 PE=1 SV=1	False
Q9LKU2	0.02	0.790355902	0.824052216	TATA	MEM	Sec-independent protein translocase protein TATA, chloroplastic OS=Arabidopsis thaliana OX=3702 GN=TATA PE=1 SV=1	False
Q9LKU3	-0.78	0.000573592	0.007747662	T32B20.g	MEM	Tetratricopeptide repeat (TPR)-like superfamily protein OS=Arabidopsis thaliana OX=3702 GN=T32B20.g PE=1 SV=1	True
Q9LKV3	-0.79	0.006196981	0.023438559	At5g28370	MEM	F21B23.6 protein OS=Arabidopsis thaliana OX=3702 GN=At5g28370 PE=4 SV=1	True
Q9LLC1	0.12	0.984214465	0.987937011	BCCP2	SOL	Biotin carboxyl carrier protein of acetyl-CoA carboxylase 2, chloroplastic OS=Arabidopsis thaliana OX=3702 GN=BCCP2 PE=1 SV=1	False
Q9LLL8	0.01	0.694043951	0.757889875	SBT4.14	SOL	Subtilisin-like protease SBT4.14 OS=Arabidopsis thaliana OX=3702 GN=SBT4.14 PE=2 SV=1	False
Q9LM02	0.51	0.015725475	0.038824617	SMT1	MEM	Cycloartenol-C-24-methyltransferase OS=Arabidopsis thaliana OX=3702 GN=SMT1 PE=1 SV=1	True
Q9LM25	-0.83	0.006691618	0.024569421	HRD3A	MEM	ERAD-associated E3 ubiquitin-protein ligase component HRD3A OS=Arabidopsis thaliana OX=3702 GN=HRD3A PE=1 SV=1	True
Q9LM33	-0.57	0.015563776	0.038645268	MPK8	MEM	Mitogen-activated protein kinase 8 OS=Arabidopsis thaliana OX=3702 GN=MPK8 PE=1 SV=2	True
Q9LM40	-1.07	0.001497958	0.011140152	At1g18060	MEM	AT1g18060/T10F20.23 OS=Arabidopsis thaliana OX=3702 GN=At1g18060 PE=1 SV=1	True
Q9LM66	0.05	0.56462656	0.648692017	XCP2	SOL	Cysteine protease XCP2 OS=Arabidopsis thaliana OX=3702 GN=XCP2 PE=1 SV=2	False
Q9LM71	0.26	0.204956662	0.312012796	FKBP18	SOL	Peptidyl-prolyl cis-trans isomerase FKBP18, chloroplastic OS=Arabidopsis thaliana OX=3702 GN=FKBP18 PE=1 SV=2	False
Q9LM76	0.25	0.320178199	0.3833311	PUB44	MEM	U-box domain-containing protein 44 OS=Arabidopsis thaliana OX=3702 GN=PUB44 PE=1 SV=1	False
Q9LM78	-0.86	0.034170232	0.110659005	At1g20760	SOL	Calcium-binding EF hand family protein OS=Arabidopsis thaliana OX=3702 GN=At1g20760 PE=1 SV=1	False
Q9LM92	-0.01	0.731874245	0.788539585	SMD3B	SOL	Small nuclear ribonucleoprotein SmD3b OS=Arabidopsis thaliana OX=3702 GN=SMD3B PE=2 SV=1	False
Q9LM93	-0.6	0.013853602	0.036234598	DPMS1	MEM	Dolichol-phosphate mannosyltransferase subunit 1 OS=Arabidopsis thaliana OX=3702 GN=DPMS1 PE=1 SV=1	True
Q9LMC9	0.81	0.00237569	0.03740771	At1g18980	SOL	Germin-like protein subfamily T member 2 OS=Arabidopsis thaliana OX=3702 GN=At1g18980 PE=2 SV=1	True
Q9LME4	1.17	0.000309558	0.006036747	At1g22280	MEM	Probable protein phosphatase 2C 9 OS=Arabidopsis thaliana OX=3702 GN=At1g22280 PE=1 SV=1	True
Q9LMF0	-0.08	0.964566329	0.971232031	UGT85A5	SOL	UDP-glycosyltransferase 85A5 OS=Arabidopsis thaliana OX=3702 GN=UGT85A5 PE=2 SV=1	False
Q9LMG7	-1.02	0.01300031	0.034896558	PAP2	MEM	Probable inactive purple acid phosphatase 2 OS=Arabidopsis thaliana OX=3702 GN=PAP2 PE=2 SV=1	True
Q9LMH0	-0.73	0.003169456	0.016059843	KTI12	MEM	Protein KTI12 homolog OS=Arabidopsis thaliana OX=3702 GN=KTI12 PE=1 SV=1	True
Q9LMI0	-0.27	0.014821974	0.074827628	TPS7	SOL	Probable alpha,alpha-trehalose-phosphate synthase [UDP-forming] 7 OS=Arabidopsis thaliana OX=3702 GN=TPS7 PE=1 SV=1	False
Q9LMJ7	0.21	0.067367093	0.107789669	At1g07040	MEM	At1g07040 OS=Arabidopsis thaliana OX=3702 GN=At1g07040 PE=1 SV=1	False
Q9LMK0	0.5	0.047569794	0.130632349	RPL35AA	SOL	60S ribosomal protein L35a-1 OS=Arabidopsis thaliana OX=3702 GN=RPL35AA PE=3 SV=1	False
Q9LMK7	0.79	6.33365e-06	0.002757313	RANBP1A	MEM	Ran-binding protein 1 homolog a OS=Arabidopsis thaliana OX=3702 GN=RANBP1A PE=1 SV=1	True
Q9LML6	-0.36	0.00388934	0.043306586	UGT71C4	SOL	Flavonol 3-O-glucosyltransferase UGT71C4 OS=Arabidopsis thaliana OX=3702 GN=UGT71C4 PE=1 SV=2	True
Q9LMM0	0.16	0.537137015	0.593454778	GPAT4	MEM	Glycerol-3-phosphate 2-O-acyltransferase 4 OS=Arabidopsis thaliana OX=3702 GN=GPAT4 PE=1 SV=1	False
Q9LMN4	0.28	0.389944261	0.49251209	LSM3A	SOL	Sm-like protein LSM3A OS=Arabidopsis thaliana OX=3702 GN=LSM3A PE=1 SV=1	False
Q9LMP1	-0.65	0.037904267	0.070266179	WAK2	MEM	Wall-associated receptor kinase 2 OS=Arabidopsis thaliana OX=3702 GN=WAK2 PE=1 SV=1	False
Q9LMQ2	-1.65	0.002170521	0.013335332	CHLOROPHYLL	MEM	Chlorophyll a-b binding protein, chloroplastic OS=Arabidopsis thaliana OX=3702 GN=CHLOROPHYLL PROTEIN 24 PE=1 SV=1	True
Q9LMR1	0.92	0.015877842	0.039078458	At1g15730	MEM	At1g15730/F7H2_7 OS=Arabidopsis thaliana OX=3702 GN=At1g15730 PE=1 SV=1	True
Q9LMR3	-0.33	0.003315415	0.041336998	TYRAAT2	SOL	Arogenate dehydrogenase 2, chloroplastic OS=Arabidopsis thaliana OX=3702 GN=TYRAAT2 PE=1 SV=1	True
Q9LMT6	-0.18	0.048479892	0.083709335	At1g17940	MEM	At1g17940 OS=Arabidopsis thaliana OX=3702 GN=At1g17940 PE=1 SV=1	False
Q9LMU2	0.49	0.018725012	0.043072163	KTI5	MEM	Kunitz trypsin inhibitor 5 OS=Arabidopsis thaliana OX=3702 GN=KTI5 PE=2 SV=1	True
Q9LMX6	0.17	0.03793594	0.070310868	At1g13730	MEM	At1g13730 OS=Arabidopsis thaliana OX=3702 GN=At1g13730 PE=1 SV=1	False
Q9LMX8	0.58	0.021062006	0.086747184	PGL1	SOL	Probable 6-phosphogluconolactonase 1 OS=Arabidopsis thaliana OX=3702 GN=PGL1 PE=2 SV=1	False
Q9LN62	-0.82	0.002425519	0.014035088	RRA3	MEM	Arabinosyltransferase RRA3 OS=Arabidopsis thaliana OX=3702 GN=RRA3 PE=2 SV=1	True
Q9LNB6	0.34	0.000457837	0.007044166	HOP1	MEM	Hsp70-Hsp90 organizing protein 1 OS=Arabidopsis thaliana OX=3702 GN=HOP1 PE=2 SV=1	True
Q9LNC5	-0.36	0.01181614	0.033104427	CLO	MEM	110 kDa U5 small nuclear ribonucleoprotein component CLO OS=Arabidopsis thaliana OX=3702 GN=CLO PE=1 SV=1	True
Q9LNC6	-0.69	0.000948582	0.009460664	TOL2	MEM	TOM1-like protein 2 OS=Arabidopsis thaliana OX=3702 GN=TOL2 PE=1 SV=1	True
Q9LNE6	-0.47	0.006438502	0.023961954	UGT89C1	MEM	Flavonol 7-O-rhamnosyltransferase OS=Arabidopsis thaliana OX=3702 GN=UGT89C1 PE=1 SV=1	True
Q9LNH6	-0.12	0.432039742	0.492994269	NPSN12	MEM	Novel plant SNARE 12 OS=Arabidopsis thaliana OX=3702 GN=NPSN12 PE=2 SV=1	False
Q9LNJ3	0.2	0.041404553	0.120868802	APF2	SOL	Aspartyl protease family protein 2 OS=Arabidopsis thaliana OX=3702 GN=APF2 PE=2 SV=1	False
Q9LNN0	-0.04	0.283267219	0.346643428	At1g53050	MEM	F8L10.9 protein OS=Arabidopsis thaliana OX=3702 GN=At1g53050 PE=1 SV=1	False
Q9LNN2	0.65	0.002478877	0.038076975	At1g53070	SOL	Lectin-like protein At1g53070 OS=Arabidopsis thaliana OX=3702 GN=At1g53070 PE=2 SV=1	True
Q9LNP3	0.49	0.020934986	0.04669919	At1g17620	MEM	At1g17620/F11A6_23 OS=Arabidopsis thaliana OX=3702 GN=At1g17620 PE=1 SV=1	True
Q9LNQ4	-0.03	0.554353888	0.610200184	ALA4	MEM	Probable phospholipid-transporting ATPase 4 OS=Arabidopsis thaliana OX=3702 GN=ALA4 PE=3 SV=2	False
Q9LNQ6	0.14	0.847776004	0.883194096	At1g17490	SOL	At1g17490/F1L3_4 OS=Arabidopsis thaliana OX=3702 GN=At1g17490 PE=1 SV=1	False
Q9LNU4	0.24	0.052546072	0.088799899	RPN3A	MEM	26S proteasome non-ATPase regulatory subunit 3 homolog A OS=Arabidopsis thaliana OX=3702 GN=RPN3A PE=1 SV=3	False
Q9LP45	0.34	0.009269974	0.029113169	RPN6	MEM	26S proteasome non-ATPase regulatory subunit 11 homolog OS=Arabidopsis thaliana OX=3702 GN=RPN6 PE=1 SV=1	True
Q9LP53	0.94	9.13804e-05	0.00412232	At1g29250	MEM	Alba DNA/RNA-binding protein OS=Arabidopsis thaliana OX=3702 GN=At1g29250 PE=1 SV=1	True
Q9LP77	-0.2	0.205424997	0.264406441	RKL1	MEM	Probable inactive receptor kinase At1g48480 OS=Arabidopsis thaliana OX=3702 GN=RKL1 PE=1 SV=1	False
Q9LPC5	-0.93	0.002790849	0.014911772	BIG3	MEM	Brefeldin A-inhibited guanine nucleotide-exchange protein 3 OS=Arabidopsis thaliana OX=3702 GN=BIG3 PE=1 SV=1	True
Q9LPE9	0.66	0.001818036	0.01231824	At1g44820	MEM	At1g44820 OS=Arabidopsis thaliana OX=3702 GN=At1g44820 PE=1 SV=1	True
Q9LPG6	-0.35	0.012576397	0.068919771	RHM2	SOL	Trifunctional UDP-glucose 4,6-dehydratase/UDP-4-keto-6-deoxy-D-glucose 3,5-epimerase/UDP-4-keto-L-rhamnose-reductase RHM2 OS=Arabidopsis thaliana OX=3702 GN=RHM2 PE=1 SV=1	False
Q9LPJ1	-0.85	0.004877931	0.020364156	At1g32730	MEM	Electron carrier/iron ion-binding protein OS=Arabidopsis thaliana OX=3702 GN=At1g32730 PE=1 SV=1	True
Q9LPK9	0.18	0.590884029	0.671282559	At1g21500	SOL	F24J8.11 protein OS=Arabidopsis thaliana OX=3702 GN=At1g21500 PE=1 SV=1	False
Q9LPL6	0.95	0.01914825	0.043785601	TOL3	MEM	TOM1-like protein 3 OS=Arabidopsis thaliana OX=3702 GN=TOL3 PE=1 SV=1	True
Q9LPL8	-0.39	0.69888326	0.76216635	At1g21350	SOL	Thioredoxin-dependent peroxiredoxin OS=Arabidopsis thaliana OX=3702 GN=At1g21350 PE=1 SV=1	False
Q9LPR4	-0.03	0.793423858	0.826694463	IPMS1	MEM	2-isopropylmalate synthase 1, chloroplastic OS=Arabidopsis thaliana OX=3702 GN=IPMS1 PE=1 SV=2	False
Q9LPT6	-0.72	0.000275415	0.005777543	OTU2	MEM	OVARIAN TUMOR DOMAIN-containing deubiquitinating enzyme 2 OS=Arabidopsis thaliana OX=3702 GN=OTU2 PE=1 SV=1	True
Q9LPU1	-0.53	0.025353117	0.094672872	T22I11.11	SOL	Secondary thiamine-phosphate synthase enzyme OS=Arabidopsis thaliana OX=3702 GN=T22I11.11 PE=1 SV=1	False
Q9LPU3	-0.12	0.18158352	0.239389367	At1g21080	MEM	DNAJ heat shock N-terminal domain-containing protein OS=Arabidopsis thaliana OX=3702 GN=At1g21080 PE=1 SV=1	False
Q9LPU5	1.12	0.004295414	0.018880033	IGMT1	MEM	Indole glucosinolate O-methyltransferase 1 OS=Arabidopsis thaliana OX=3702 GN=IGMT1 PE=1 SV=1	True
Q9LPU8	0.64	0.010232801	0.030632745	IGMT4	MEM	Indole glucosinolate O-methyltransferase 4 OS=Arabidopsis thaliana OX=3702 GN=IGMT4 PE=1 SV=1	True
Q9LPV8	0.12	0.023331379	0.04993517	ERF1-2	MEM	Eukaryotic peptide chain release factor subunit 1-2 OS=Arabidopsis thaliana OX=3702 GN=ERF1-2 PE=1 SV=1	True
Q9LPZ1	0.05	0.874526958	0.904091517	MORF9	SOL	Multiple organellar RNA editing factor 9, chloroplastic OS=Arabidopsis thaliana OX=3702 GN=MORF9 PE=1 SV=1	False
Q9LPZ9	-0.78	0.00056089	0.007710584	SD113	MEM	G-type lectin S-receptor-like serine/threonine-protein kinase SD1-13 OS=Arabidopsis thaliana OX=3702 GN=SD113 PE=1 SV=2	True
Q9LQ04	0.06	0.655676931	0.724834167	NRS/ER	SOL	Bifunctional dTDP-4-dehydrorhamnose 3,5-epimerase/dTDP-4-dehydrorhamnose reductase OS=Arabidopsis thaliana OX=3702 GN=NRS/ER PE=1 SV=1	False
Q9LQ31	0.79	5.1349e-05	0.003642269	JAL4	MEM	Jacalin-related lectin 4 OS=Arabidopsis thaliana OX=3702 GN=JAL4 PE=2 SV=1	True
Q9LQ55	-0.31	0.005659412	0.048216759	DRP2B	SOL	Dynamin-2B OS=Arabidopsis thaliana OX=3702 GN=DRP2B PE=1 SV=2	True
Q9LQ73	-0.3	0.041985075	0.075467564	PEX11C	MEM	Peroxisomal membrane protein 11C OS=Arabidopsis thaliana OX=3702 GN=PEX11C PE=1 SV=1	False
Q9LQ96	-0.42	0.015680547	0.076420632	At1g01630	SOL	Polyphosphoinositide binding protein, putative OS=Arabidopsis thaliana OX=3702 GN=At1g01630 PE=1 SV=1	False
Q9LQF2	0.53	0.003116767	0.015853873	CINV1	MEM	Alkaline/neutral invertase CINV1 OS=Arabidopsis thaliana OX=3702 GN=CINV1 PE=1 SV=1	True
Q9LQI9	-0.52	0.05582529	0.141293504	UBP1B	SOL	Oligouridylate-binding protein 1B OS=Arabidopsis thaliana OX=3702 GN=UBP1B PE=1 SV=1	False
Q9LQK0	-0.28	0.000231134	0.018874258	DRG1	SOL	Developmentally-regulated G-protein 1 OS=Arabidopsis thaliana OX=3702 GN=DRG1 PE=1 SV=1	True
Q9LQK7	-0.57	0.006405962	0.023898277	ABCI7	MEM	Protein ABCI7, chloroplastic OS=Arabidopsis thaliana OX=3702 GN=ABCI7 PE=1 SV=1	True
Q9LQL0	0.27	0.103186423	0.20204962	GDH3	SOL	Glycine cleavage system H protein 3, mitochondrial OS=Arabidopsis thaliana OX=3702 GN=GDH3 PE=1 SV=1	False
Q9LQP1	2.03	0.001291214	0.03106043	F24B9.26	SOL	Dessication-induced 1VOC superfamily protein OS=Arabidopsis thaliana OX=3702 GN=F24B9.26 PE=1 SV=1	True
Q9LQQ3	0.36	0.002101155	0.036651834	At1g07750	SOL	At1g07750/F24B9_13 OS=Arabidopsis thaliana OX=3702 GN=At1g07750 PE=1 SV=1	True
Q9LQQ4	-0.69	0.000716275	0.008372764	At1g07790	MEM	Histone H2B.1 OS=Arabidopsis thaliana OX=3702 GN=At1g07790 PE=1 SV=3	True
Q9LQR8	-0.16	0.117440121	0.167748393	RPN3B	MEM	26S proteasome non-ATPase regulatory subunit 3 homolog B OS=Arabidopsis thaliana OX=3702 GN=RPN3B PE=1 SV=2	False
Q9LQU7	-0.84	0.017328728	0.041080579	MAP70.4	MEM	Microtubule-associated protein 70-4 OS=Arabidopsis thaliana OX=3702 GN=MAP70.4 PE=1 SV=1	True
Q9LR30	-0.35	0.001471478	0.032276056	GGAT1	SOL	Glutamate--glyoxylate aminotransferase 1 OS=Arabidopsis thaliana OX=3702 GN=GGAT1 PE=1 SV=1	True
Q9LR44	0.37	0.051783689	0.135469488	UGT75B1	SOL	UDP-glycosyltransferase 75B1 OS=Arabidopsis thaliana OX=3702 GN=UGT75B1 PE=1 SV=1	False
Q9LR64	-0.7	0.029029164	0.057989687	PSB27-1	MEM	Photosystem II repair protein PSB27-H1, chloroplastic OS=Arabidopsis thaliana OX=3702 GN=PSB27-1 PE=1 SV=1	False
Q9LR75	-0.16	0.035841879	0.11352984	CPX1	SOL	Coproporphyrinogen-III oxidase 1, chloroplastic OS=Arabidopsis thaliana OX=3702 GN=CPX1 PE=2 SV=1	False
Q9LRA7	0.45	0.021119029	0.046895852	TPS9	MEM	Probable alpha,alpha-trehalose-phosphate synthase [UDP-forming] 9 OS=Arabidopsis thaliana OX=3702 GN=TPS9 PE=2 SV=1	True
Q9LRJ9	0.55	0.011344038	0.065749293	CRRSP38	SOL	Cysteine-rich repeat secretory protein 38 OS=Arabidopsis thaliana OX=3702 GN=CRRSP38 PE=2 SV=1	False
Q9LRN0	-0.67	0.015146531	0.037960278	At3g24190	MEM	AT3g24190/MUJ8_17 OS=Arabidopsis thaliana OX=3702 GN=At3g24190 PE=1 SV=1	True
Q9LRP1	0.01	0.486569148	0.545636188	NPSN13	MEM	Novel plant SNARE 13 OS=Arabidopsis thaliana OX=3702 GN=NPSN13 PE=1 SV=1	False
Q9LRP3	0.23	0.191623292	0.249670826	At3g17420	MEM	Probable receptor-like protein kinase At3g17420 OS=Arabidopsis thaliana OX=3702 GN=At3g17420 PE=1 SV=1	False
Q9LRP6	-0.6	0.007859078	0.026693865	At3g15590	MEM	Pentatricopeptide repeat-containing protein At3g15590, mitochondrial OS=Arabidopsis thaliana OX=3702 GN=At3g15590 PE=1 SV=1	True
Q9LRR9	-0.37	0.051154875	0.135278247	GLO1	SOL	(S)-2-hydroxy-acid oxidase GLO1 OS=Arabidopsis thaliana OX=3702 GN=GLO1 PE=1 SV=1	False
Q9LRS0	-0.3	0.008393904	0.057018602	GLO2	SOL	(S)-2-hydroxy-acid oxidase GLO2 OS=Arabidopsis thaliana OX=3702 GN=GLO2 PE=1 SV=1	False
Q9LRX8	-0.41	0.005351861	0.021511612	RPL13AB	MEM	60S ribosomal protein L13a-2 OS=Arabidopsis thaliana OX=3702 GN=RPL13AB PE=2 SV=1	True
Q9LRZ0	0.61	0.011060416	0.031821809	TPR2	MEM	Topless-related protein 2 OS=Arabidopsis thaliana OX=3702 GN=TPR2 PE=1 SV=2	True
Q9LS01	-0.45	4.21565e-05	0.003642269	AOC3	MEM	Allene oxide cyclase 3, chloroplastic OS=Arabidopsis thaliana OX=3702 GN=AOC3 PE=2 SV=1	True
Q9LS02	-0.66	0.00775914	0.026499703	AOC2	MEM	Allene oxide cyclase 2, chloroplastic OS=Arabidopsis thaliana OX=3702 GN=AOC2 PE=1 SV=1	True
Q9LS03	-1.37	0.001801772	0.012230725	AOC1	MEM	Allene oxide cyclase 1, chloroplastic OS=Arabidopsis thaliana OX=3702 GN=AOC1 PE=1 SV=1	True
Q9LS25	0.56	0.003025431	0.015598083	At5g46580	MEM	Pentatricopeptide repeat-containing protein At5g46580, chloroplastic OS=Arabidopsis thaliana OX=3702 GN=At5g46580 PE=2 SV=1	True
Q9LS26	0.88	0.011224467	0.032082168	BSK2	MEM	Serine/threonine-protein kinase BSK2 OS=Arabidopsis thaliana OX=3702 GN=BSK2 PE=1 SV=1	True
Q9LS40	0.91	0.004518216	0.019474854	ASPG1	MEM	Protein ASPARTIC PROTEASE IN GUARD CELL 1 OS=Arabidopsis thaliana OX=3702 GN=ASPG1 PE=1 SV=1	True
Q9LS42	-0.71	0.008861266	0.028503892	CASP	MEM	Protein CASP OS=Arabidopsis thaliana OX=3702 GN=CASP PE=1 SV=2	True
Q9LS48	-0.94	0.002505109	0.014290964	SG1	MEM	protein SLOW GREEN 1, chloroplastic OS=Arabidopsis thaliana OX=3702 GN=SG1 PE=1 SV=1	True
Q9LS51	-0.4	0.000466012	0.00712278	EMB1865	MEM	CRS1 / YhbY (CRM) domain-containing protein OS=Arabidopsis thaliana OX=3702 GN=EMB1865 PE=1 SV=1	True
Q9LS94	0.23	0.135203637	0.187978366	RABG3F	MEM	Ras-related protein RABG3f OS=Arabidopsis thaliana OX=3702 GN=RABG3F PE=1 SV=1	False
Q9LS97	-0.07	0.203659007	0.310566403	At3g18790	SOL	AT3G18790 protein OS=Arabidopsis thaliana OX=3702 GN=At3g18790 PE=1 SV=1	False
Q9LSA3	1.4	0.000836868	0.009043043	RPL30C	MEM	60S ribosomal protein L30-3 OS=Arabidopsis thaliana OX=3702 GN=RPL30C PE=3 SV=1	True
Q9LSB4	0.8	0.015566114	0.038645268	NAI2	MEM	TSA1-like protein OS=Arabidopsis thaliana OX=3702 GN=NAI2 PE=1 SV=1	True
Q9LSC2	-0.38	0.054061326	0.090733592	At3g15890	MEM	PTI1-like tyrosine-protein kinase At3g15890 OS=Arabidopsis thaliana OX=3702 GN=At3g15890 PE=2 SV=1	False
Q9LSE7	-0.41	0.035833402	0.067408867	At3g25290	MEM	Cytochrome b561 and DOMON domain-containing protein At3g25290 OS=Arabidopsis thaliana OX=3702 GN=At3g25290 PE=2 SV=1	False
Q9LSG3	-0.85	0.001300219	0.010458911	GAUT8	MEM	Galacturonosyltransferase 8 OS=Arabidopsis thaliana OX=3702 GN=GAUT8 PE=1 SV=1	True
Q9LSI9	0.04	0.848032475	0.872941516	BIR2	MEM	Inactive LRR receptor-like serine/threonine-protein kinase BIR2 OS=Arabidopsis thaliana OX=3702 GN=BIR2 PE=1 SV=1	False
Q9LSP5	0.24	0.012536766	0.033976136	At3g17020	MEM	AT3g17020/K14A17_14 OS=Arabidopsis thaliana OX=3702 GN=At3g17020 PE=1 SV=1	True
Q9LSP8	-1.0	0.001855749	0.012380099	CAMTA6	MEM	Calmodulin-binding transcription activator 6 OS=Arabidopsis thaliana OX=3702 GN=CAMTA6 PE=1 SV=1	True
Q9LSQ4	0.17	0.005777919	0.048846094	GH3.6	SOL	Indole-3-acetic acid-amido synthetase GH3.6 OS=Arabidopsis thaliana OX=3702 GN=GH3.6 PE=1 SV=1	True
Q9LSQ5	0.28	0.01131117	0.032214128	FQR1	MEM	NAD(P)H dehydrogenase (quinone) FQR1 OS=Arabidopsis thaliana OX=3702 GN=FQR1 PE=1 SV=1	True
Q9LST0	0.05	0.76975461	0.819256159	At5g60160	SOL	AT5g60160/f15l12_20 OS=Arabidopsis thaliana OX=3702 GN=At5g60160 PE=1 SV=1	False
Q9LSU9	-0.01	0.999321231	0.999321231	At3g25545	SOL	AT3g25550/MWL2_17 OS=Arabidopsis thaliana OX=3702 GN=At3g25545 PE=1 SV=1	False
Q9LSV0	0.38	0.019232978	0.043903724	GLYR1	MEM	Glyoxylate/succinic semialdehyde reductase 1 OS=Arabidopsis thaliana OX=3702 GN=GLYR1 PE=1 SV=1	True
Q9LSY5	-0.34	0.020298952	0.045575781	UGT71B7	MEM	UDP-glycosyltransferase 71B7 OS=Arabidopsis thaliana OX=3702 GN=UGT71B7 PE=2 SV=2	True
Q9LSY7	0.4	0.060502858	0.14796401	PER30	SOL	Peroxidase 30 OS=Arabidopsis thaliana OX=3702 GN=PER30 PE=1 SV=1	False
Q9LSY9	-0.39	0.061191443	0.099763523	UGT71B1	MEM	UDP-glycosyltransferase 71B1 OS=Arabidopsis thaliana OX=3702 GN=UGT71B1 PE=2 SV=1	False
Q9LT02	-0.4	0.033464649	0.063962768	PDR2	MEM	Probable manganese-transporting ATPase PDR2 OS=Arabidopsis thaliana OX=3702 GN=PDR2 PE=1 SV=1	False
Q9LT08	0.17	0.03664747	0.068526247	RPN11	MEM	26S proteasome non-ATPase regulatory subunit 14 homolog OS=Arabidopsis thaliana OX=3702 GN=RPN11 PE=1 SV=1	False
Q9LT31	0.32	0.037026564	0.068941668	VPS9A	MEM	Vacuolar protein sorting-associated protein 9A OS=Arabidopsis thaliana OX=3702 GN=VPS9A PE=1 SV=1	False
Q9LT39	-0.29	0.060609518	0.099005844	At3g20820	MEM	Leucine-rich repeat (LRR) family protein OS=Arabidopsis thaliana OX=3702 GN=At3g20820 PE=1 SV=1	False
Q9LT69	0.44	0.006711811	0.02460468	PGDH3	MEM	D-3-phosphoglycerate dehydrogenase 3, chloroplastic OS=Arabidopsis thaliana OX=3702 GN=PGDH3 PE=1 SV=1	True
Q9LT75	-0.43	0.045245515	0.127748379	PTEN2A	SOL	Phosphatidylinositol 3,4,5-trisphosphate 3-phosphatase and protein-tyrosine-phosphatase PTEN2A OS=Arabidopsis thaliana OX=3702 GN=PTEN2A PE=1 SV=1	False
Q9LT77	0.2	0.37954274	0.483438825	RDL2	SOL	Probable cysteine protease RDL2 OS=Arabidopsis thaliana OX=3702 GN=RDL2 PE=2 SV=1	False
Q9LT78	0.95	0.008712392	0.028210544	RD21C	MEM	Probable cysteine protease RD21C OS=Arabidopsis thaliana OX=3702 GN=RD21C PE=1 SV=1	True
Q9LT92	-0.16	0.051419995	0.135469488	MJM18.3	SOL	2-oxoglutarate (2OG) and Fe(II)-dependent oxygenase superfamily protein OS=Arabidopsis thaliana OX=3702 GN=MJM18.3 PE=1 SV=1	False
Q9LTB2	-0.15	0.103636355	0.151239423	MMT1	MEM	Methionine S-methyltransferase OS=Arabidopsis thaliana OX=3702 GN=MMT1 PE=1 SV=1	False
Q9LTF2	0.32	0.062888227	0.101975274	RPS10C	MEM	40S ribosomal protein S10-3 OS=Arabidopsis thaliana OX=3702 GN=RPS10C PE=1 SV=2	False
Q9LTH7	-0.13	0.194268523	0.301316926	At5g59540	SOL	1-aminocyclopropane-1-carboxylate oxidase homolog 12 OS=Arabidopsis thaliana OX=3702 GN=At5g59540 PE=2 SV=1	False
Q9LTI3	-1.1	3.49267e-05	0.003642269	At5g59470	MEM	Mannose-P-dolichol utilization defect 1 protein homolog 1 OS=Arabidopsis thaliana OX=3702 GN=At5g59470 PE=2 SV=1	True
Q9LTM0	0.11	0.260174416	0.322416436	CYP71B23	MEM	Cytochrome P450 71B23 OS=Arabidopsis thaliana OX=3702 GN=CYP71B23 PE=2 SV=1	False
Q9LTM3	-0.58	0.007336572	0.025786219	CYP71B20	MEM	Cytochrome P450 71B20 OS=Arabidopsis thaliana OX=3702 GN=CYP71B20 PE=2 SV=1	True
Q9LTM4	-0.89	0.008122959	0.027143711	CYP71B19	MEM	Cytochrome P450 71B19 OS=Arabidopsis thaliana OX=3702 GN=CYP71B19 PE=1 SV=1	True
Q9LTR2	-0.39	0.021891225	0.047715925	TGD2	MEM	Protein TRIGALACTOSYLDIACYLGLYCEROL 2, chloroplastic OS=Arabidopsis thaliana OX=3702 GN=TGD2 PE=1 SV=1	True
Q9LTR8	-0.03	0.111626835	0.212637531	MHM17.18	SOL	At5g57040 OS=Arabidopsis thaliana OX=3702 GN=MHM17.18 PE=1 SV=1	False
Q9LTR9	0.06	0.444513922	0.505490553	NMT1	MEM	Glycylpeptide N-tetradecanoyltransferase 1 OS=Arabidopsis thaliana OX=3702 GN=NMT1 PE=1 SV=2	False
Q9LTS6	-0.49	0.004854361	0.020274865	RPS16-2	MEM	30S ribosomal protein S16-2, chloroplastic/mitochondrial OS=Arabidopsis thaliana OX=3702 GN=RPS16-2 PE=1 SV=1	True
Q9LTT8	0.24	0.130289267	0.18226376	VCS	MEM	Enhancer of mRNA-decapping protein 4 OS=Arabidopsis thaliana OX=3702 GN=VCS PE=1 SV=1	False
Q9LTV6	-0.55	0.106700206	0.155211303	At3g12800	MEM	Peroxisomal 2,4-dienoyl-CoA reductase [(3E)-enoyl-CoA-producing] OS=Arabidopsis thaliana OX=3702 GN=At3g12800 PE=2 SV=1	False
Q9LTW0	-0.69	0.014957	0.037627341	ALIS1	MEM	ALA-interacting subunit 1 OS=Arabidopsis thaliana OX=3702 GN=ALIS1 PE=1 SV=1	True
Q9LTW4	0.32	0.126683386	0.229158773	NANA	SOL	Aspartic proteinase NANA, chloroplast OS=Arabidopsis thaliana OX=3702 GN=NANA PE=1 SV=1	False
Q9LTW8	0.01	0.239704757	0.301137117	T2E22.2	MEM	CTP synthase OS=Arabidopsis thaliana OX=3702 GN=T2E22.2 PE=1 SV=1	False
Q9LTX2	-1.43	0.088231442	0.182892377	At5g49980	SOL	Transport inhibitor response 1-like protein OS=Arabidopsis thaliana OX=3702 GN=At5g49980 PE=2 SV=1	False
Q9LTX3	-0.24	0.007352398	0.054094608	PPOX1	SOL	Pyridoxine/pyridoxamine 5'-phosphate oxidase 1, chloroplastic OS=Arabidopsis thaliana OX=3702 GN=PPOX1 PE=1 SV=1	False
Q9LTX7	-0.6	0.03824618	0.116971932	emb1441	SOL	Gb|AAF56406.1 OS=Arabidopsis thaliana OX=3702 GN=emb1441 PE=1 SV=1	False
Q9LTX9	0.41	0.009877988	0.030077373	HSP70-7	MEM	Heat shock 70 kDa protein 7, chloroplastic OS=Arabidopsis thaliana OX=3702 GN=HSP70-7 PE=2 SV=1	True
Q9LU01	-1.18	0.004148193	0.018496111	Y3IP1	MEM	Ycf3-interacting protein 1, chloroplastic OS=Arabidopsis thaliana OX=3702 GN=Y3IP1 PE=1 SV=1	True
Q9LU05	1.9	2.8779e-05	0.003642269	PCAP2	MEM	Plasma membrane-associated cation-binding protein 2 OS=Arabidopsis thaliana OX=3702 GN=PCAP2 PE=1 SV=1	True
Q9LU14	-1.02	0.005810027	0.022582121	APG	MEM	GDSL esterase/lipase APG OS=Arabidopsis thaliana OX=3702 GN=APG PE=2 SV=1	True
Q9LU39	-0.6	0.013104116	0.07040975	GLUTRBP	SOL	Glutamyl-tRNA reductase-binding protein, chloroplastic OS=Arabidopsis thaliana OX=3702 GN=GLUTRBP PE=1 SV=1	False
Q9LU40	-1.01	0.184585695	0.242693105	MSR1	MEM	Protein MANNAN SYNTHESIS-RELATED 1 OS=Arabidopsis thaliana OX=3702 GN=MSR1 PE=2 SV=1	False
Q9LU41	-0.04	0.260771473	0.323070163	ACA9	MEM	Calcium-transporting ATPase 9, plasma membrane-type OS=Arabidopsis thaliana OX=3702 GN=ACA9 PE=2 SV=2	False
Q9LU64	0.05	0.212530083	0.318957262	FSD2	SOL	Superoxide dismutase [Fe] 2, chloroplastic OS=Arabidopsis thaliana OX=3702 GN=FSD2 PE=1 SV=1	False
Q9LU74	-0.4	0.000632617	0.007921046	MUL3.6	MEM	AT5g57120/MUL3_6 OS=Arabidopsis thaliana OX=3702 GN=MUL3.6 PE=1 SV=1	True
Q9LU85	-0.84	0.003179718	0.016085532	PAP4	MEM	Probable plastid-lipid-associated protein 4, chloroplastic OS=Arabidopsis thaliana OX=3702 GN=PAP4 PE=1 SV=1	True
Q9LU86	0.07	0.051544271	0.135469488	PRXQ	SOL	Peroxiredoxin Q, chloroplastic OS=Arabidopsis thaliana OX=3702 GN=PRXQ PE=1 SV=1	False
Q9LU97	0.07	0.002795255	0.014911772	At3g25940	MEM	DNA-directed RNA polymerase subunit OS=Arabidopsis thaliana OX=3702 GN=At3g25940 PE=1 SV=1	True
Q9LUB2	-0.12	0.04748985	0.130605874	MIF21.11	SOL	Indole-3-glycerol-phosphate synthase OS=Arabidopsis thaliana OX=3702 GN=MIF21.11 PE=1 SV=1	False
Q9LUC5	-0.36	0.038108665	0.070535984	CYP72A15	MEM	Cytochrome P450 72A15 OS=Arabidopsis thaliana OX=3702 GN=CYP72A15 PE=2 SV=1	False
Q9LUC9	-0.13	0.211709942	0.271218706	CYP72A11	MEM	Cytochrome P450 72A11 OS=Arabidopsis thaliana OX=3702 GN=CYP72A11 PE=2 SV=1	False
Q9LUD2	-0.17	0.152880623	0.207528029	CYP72A8	MEM	AT3g14620/MIE1_12 OS=Arabidopsis thaliana OX=3702 GN=CYP72A8 PE=1 SV=1	False
Q9LUD4	-0.36	0.034116074	0.064914143	RPL18AC	MEM	60S ribosomal protein L18a-3 OS=Arabidopsis thaliana OX=3702 GN=RPL18AC PE=2 SV=1	False
Q9LUG1	-0.55	0.007158522	0.025458914	At3g23660	MEM	Protein transport protein SEC23 OS=Arabidopsis thaliana OX=3702 GN=At3g23660 PE=1 SV=1	True
Q9LUH2	0.08	0.799432853	0.832302207	DTX19	MEM	Protein DETOXIFICATION 19 OS=Arabidopsis thaliana OX=3702 GN=DTX19 PE=2 SV=1	False
Q9LUJ5	0.37	0.151848398	0.256081312	EBP2	SOL	Probable rRNA-processing protein EBP2 homolog OS=Arabidopsis thaliana OX=3702 GN=EBP2 PE=1 SV=1	False
Q9LUJ7	1.08	0.219117999	0.325522961	PAP85	SOL	Vicilin-like seed storage protein At3g22640 OS=Arabidopsis thaliana OX=3702 GN=PAP85 PE=2 SV=1	False
Q9LUL4	-0.62	0.002058694	0.036641203	SRF7	SOL	Protein STRUBBELIG-RECEPTOR FAMILY 7 OS=Arabidopsis thaliana OX=3702 GN=SRF7 PE=1 SV=1	True
Q9LUQ6	-1.05	0.012717382	0.034375403	RPL19B	MEM	60S ribosomal protein L19-2 OS=Arabidopsis thaliana OX=3702 GN=RPL19B PE=2 SV=1	True
Q9LUT0	1.06	0.010613169	0.0310054	CARK1	MEM	Receptor-like cytoplasmic kinase 1 OS=Arabidopsis thaliana OX=3702 GN=CARK1 PE=1 SV=1	True
Q9LUT2	0.47	0.021750187	0.047536562	METK4	MEM	S-adenosylmethionine synthase 4 OS=Arabidopsis thaliana OX=3702 GN=METK4 PE=1 SV=1	True
Q9LUV2	0.76	0.00706759	0.052942806	HS1	SOL	Stress-response A/B barrel domain-containing protein HS1 OS=Arabidopsis thaliana OX=3702 GN=HS1 PE=1 SV=1	False
Q9LUW5	-0.78	0.00942079	0.029348777	RH53	MEM	DEAD-box ATP-dependent RNA helicase 53, mitochondrial OS=Arabidopsis thaliana OX=3702 GN=RH53 PE=1 SV=1	True
Q9LUX9	1.23	0.007080554	0.025340786	At5g58800	MEM	Probable NAD(P)H dehydrogenase (quinone) FQR1-like 3 OS=Arabidopsis thaliana OX=3702 GN=At5g58800 PE=1 SV=1	True
Q9LV03	-0.08	0.091950817	0.137048748	GLT1	MEM	Glutamate synthase 1 [NADH], chloroplastic OS=Arabidopsis thaliana OX=3702 GN=GLT1 PE=1 SV=2	False
Q9LV09	0.19	0.147545682	0.251759349	BOB1	SOL	Protein BOBBER 1 OS=Arabidopsis thaliana OX=3702 GN=BOB1 PE=1 SV=1	False
Q9LV10	-0.32	0.049396744	0.084776986	NPF2.11	MEM	Protein NRT1/ PTR FAMILY 2.11 OS=Arabidopsis thaliana OX=3702 GN=NPF2.11 PE=1 SV=1	False
Q9LV11	0.99	0.001587366	0.011506549	AHA11	MEM	ATPase 11, plasma membrane-type OS=Arabidopsis thaliana OX=3702 GN=AHA11 PE=1 SV=1	True
Q9LV21	0.11	0.016530957	0.040026624	CCT4	MEM	T-complex protein 1 subunit delta OS=Arabidopsis thaliana OX=3702 GN=CCT4 PE=1 SV=1	True
Q9LV28	-0.16	0.054112309	0.090786368	RACK1C	MEM	Receptor for activated C kinase 1C OS=Arabidopsis thaliana OX=3702 GN=RACK1C PE=1 SV=1	False
Q9LV33	0.27	0.037389112	0.116104678	BGLU44	SOL	Beta-glucosidase 44 OS=Arabidopsis thaliana OX=3702 GN=BGLU44 PE=2 SV=1	False
Q9LV35	0.22	0.002271288	0.01361474	AIP1-2	MEM	Actin-interacting protein 1-2 OS=Arabidopsis thaliana OX=3702 GN=AIP1-2 PE=2 SV=1	True
Q9LV48	0.49	0.026252912	0.054299892	PERK1	MEM	Proline-rich receptor-like protein kinase PERK1 OS=Arabidopsis thaliana OX=3702 GN=PERK1 PE=1 SV=1	False
Q9LV60	0.67	0.016170752	0.077692953	CRRSP55	SOL	Cysteine-rich repeat secretory protein 55 OS=Arabidopsis thaliana OX=3702 GN=CRRSP55 PE=2 SV=1	False
Q9LV65	0.84	0.001013323	0.00971972	MJE7.13	MEM	At5g48490 OS=Arabidopsis thaliana OX=3702 GN=MJE7.13 PE=1 SV=1	True
Q9LV66	0.32	0.067754004	0.158128141	At5g48480	SOL	Uncharacterized protein At5g48480 OS=Arabidopsis thaliana OX=3702 GN=At5g48480 PE=1 SV=1	False
Q9LV77	0.3	0.004491279	0.019421803	ASN2	MEM	Asparagine synthetase [glutamine-hydrolyzing] 2 OS=Arabidopsis thaliana OX=3702 GN=ASN2 PE=2 SV=1	True
Q9LV90	0.41	0.085305192	0.129617585	FLOT3	MEM	Flotillin-like protein 3 OS=Arabidopsis thaliana OX=3702 GN=FLOT3 PE=2 SV=1	False
Q9LV91	0.78	0.010726112	0.031237154	DPE1	MEM	4-alpha-glucanotransferase DPE1, chloroplastic/amyloplastic OS=Arabidopsis thaliana OX=3702 GN=DPE1 PE=1 SV=1	True
Q9LVA0	0.06	0.871756638	0.892108186	BAG7	MEM	BAG family molecular chaperone regulator 7 OS=Arabidopsis thaliana OX=3702 GN=BAG7 PE=1 SV=1	False
Q9LVA4	0.01	0.59318797	0.67322312	MMI9.18	SOL	Plant invertase/pectin methylesterase inhibitor superfamily protein OS=Arabidopsis thaliana OX=3702 GN=MMI9.18 PE=1 SV=1	False
Q9LVA9	-0.38	0.030972511	0.060404522	GCD1	MEM	Protein GAMETE CELL DEFECTIVE 1, mitochondrial OS=Arabidopsis thaliana OX=3702 GN=GCD1 PE=1 SV=1	False
Q9LVC5	-0.21	0.023030462	0.090769172	MJB24.14	SOL	Glucose-6-phosphate 1-epimerase OS=Arabidopsis thaliana OX=3702 GN=MJB24.14 PE=1 SV=1	False
Q9LVC9	1.04	0.010597578	0.0310054	RPP3B	MEM	60S acidic ribosomal protein P3-2 OS=Arabidopsis thaliana OX=3702 GN=RPP3B PE=2 SV=1	True
Q9LVD0	0.09	0.579571007	0.661565615	RID2	SOL	18S rRNA (guanine-N(7))-methyltransferase RID2 OS=Arabidopsis thaliana OX=3702 GN=RID2 PE=1 SV=1	False
Q9LVD9	-0.67	0.003119891	0.015853873	DTX40	MEM	Protein DETOXIFICATION 40 OS=Arabidopsis thaliana OX=3702 GN=DTX40 PE=1 SV=1	True
Q9LVE0	-0.6	0.009201148	0.029014681	NPF6.4	MEM	Protein NRT1/ PTR FAMILY 6.4 OS=Arabidopsis thaliana OX=3702 GN=NPF6.4 PE=1 SV=1	True
Q9LVH6	-0.31	0.000549379	0.007608609	At3g17940	MEM	Aldose 1-epimerase OS=Arabidopsis thaliana OX=3702 GN=At3g17940 PE=1 SV=1	True
Q9LVI6	-0.24	0.212871697	0.27244411	RLK902	MEM	Probable inactive receptor kinase RLK902 OS=Arabidopsis thaliana OX=3702 GN=RLK902 PE=1 SV=1	False
Q9LVI8	-0.2	0.01716328	0.079812142	GLN1-3	SOL	Glutamine synthetase cytosolic isozyme 1-3 OS=Arabidopsis thaliana OX=3702 GN=GLN1-3 PE=1 SV=1	False
Q9LVI9	0.33	0.024852527	0.093644123	PYD1	SOL	Dihydropyrimidine dehydrogenase (NADP(+)), chloroplastic OS=Arabidopsis thaliana OX=3702 GN=PYD1 PE=1 SV=1	False
Q9LVJ1	0.26	0.134463294	0.23811154	SBT1.4	SOL	Subtilisin-like protease SBT1.4 OS=Arabidopsis thaliana OX=3702 GN=SBT1.4 PE=2 SV=1	False
Q9LVK6	-0.26	0.01456916	0.073996735	At3g13940	SOL	DNA binding / DNA-directed RNA polymerase OS=Arabidopsis thaliana OX=3702 GN=At3g13940 PE=1 SV=1	False
Q9LVL2	-1.39	0.00065405	0.024546694	PER67	SOL	Peroxidase 67 OS=Arabidopsis thaliana OX=3702 GN=PER67 PE=2 SV=1	True
Q9LVM1	-0.1	0.333510947	0.396941244	ABCB25	MEM	ABC transporter B family member 25, mitochondrial OS=Arabidopsis thaliana OX=3702 GN=ABCB25 PE=1 SV=1	False
Q9LVM2	-0.31	0.011408487	0.065749293	ndhN	SOL	NAD(P)H-quinone oxidoreductase subunit N, chloroplastic OS=Arabidopsis thaliana OX=3702 GN=ndhN PE=2 SV=1	False
Q9LVM3	-0.97	0.056058875	0.093160788	EMB3143	MEM	YCF54 OS=Arabidopsis thaliana OX=3702 GN=EMB3143 PE=1 SV=1	False
Q9LVM5	-0.51	0.041080202	0.120468422	TTL	SOL	Uric acid degradation bifunctional protein TTL OS=Arabidopsis thaliana OX=3702 GN=TTL PE=1 SV=1	False
Q9LVP5	0.08	0.175080494	0.279429372	At3g29130	SOL	KxDL motif protein OS=Arabidopsis thaliana OX=3702 GN=At3g29130 PE=1 SV=1	False
Q9LVQ4	1.01	0.004985704	0.020557197	At5g55860	MEM	WEB family protein At5g55860 OS=Arabidopsis thaliana OX=3702 GN=At5g55860 PE=1 SV=1	True
Q9LVQ8	0.0	0.387932852	0.491095234	At5g66720	SOL	Probable protein phosphatase 2C 80 OS=Arabidopsis thaliana OX=3702 GN=At5g66720 PE=2 SV=1	False
Q9LVT8	0.12	0.390945057	0.49331172	RGGC	SOL	RGG repeats nuclear RNA binding protein C OS=Arabidopsis thaliana OX=3702 GN=RGGC PE=1 SV=1	False
Q9LVU1	-0.42	0.005760508	0.022492605	PVA21	MEM	Vesicle-associated protein 2-1 OS=Arabidopsis thaliana OX=3702 GN=PVA21 PE=1 SV=1	True
Q9LVV5	0.13	0.450363843	0.547465028	At5g52970	SOL	Thylakoid lumenal 15.0 kDa protein 2, chloroplastic OS=Arabidopsis thaliana OX=3702 GN=At5g52970 PE=1 SV=2	False
Q9LVV6	-0.22	0.041169369	0.120637294	MNB8.2	SOL	At5g52960 OS=Arabidopsis thaliana OX=3702 GN=MNB8.2 PE=1 SV=1	False
Q9LVW7	0.48	0.027042583	0.055463855	CARA	MEM	Carbamoyl-phosphate synthase small chain, chloroplastic OS=Arabidopsis thaliana OX=3702 GN=CARA PE=1 SV=1	False
Q9LVY0	0.0	0.419158419	0.519333831	PRFB1	SOL	Peptide chain release factor PrfB1, chloroplastic OS=Arabidopsis thaliana OX=3702 GN=PRFB1 PE=2 SV=1	False
Q9LVY1	0.05	0.317481054	0.380887095	TAT	MEM	Tyrosine aminotransferase OS=Arabidopsis thaliana OX=3702 GN=TAT PE=2 SV=1	False
Q9LVZ8	-0.2	0.077375965	0.170163005	At3g15810	SOL	Protein LURP-one-related 12 OS=Arabidopsis thaliana OX=3702 GN=At3g15810 PE=2 SV=1	False
Q9LW00	-0.84	0.075896514	0.118082422	MBD11	MEM	Methyl-CpG-binding domain-containing protein 11 OS=Arabidopsis thaliana OX=3702 GN=MBD11 PE=1 SV=1	False
Q9LW08	-0.26	0.063229351	0.102385496	At3g15710	MEM	Signal peptidase I OS=Arabidopsis thaliana OX=3702 GN=At3g15710 PE=1 SV=1	False
Q9LW11	-0.52	0.005662245	0.022299147	At3g15680	MEM	At3g15680 OS=Arabidopsis thaliana OX=3702 GN=At3g15680 PE=1 SV=1	True
Q9LW12	3.2	0.000267488	0.01975943	LEA29	SOL	Late embryogenesis abundant protein 29 OS=Arabidopsis thaliana OX=3702 GN=LEA29 PE=2 SV=1	True
Q9LW15	0.37	0.009708214	0.061384374	COX5B-1	SOL	Cytochrome c oxidase subunit 5b-1, mitochondrial OS=Arabidopsis thaliana OX=3702 GN=COX5B-1 PE=1 SV=1	False
Q9LW17	-0.09	0.19781065	0.304964926	At3g15610	SOL	Expressed protein OS=Arabidopsis thaliana OX=3702 GN=At3g15610 PE=1 SV=1	False
Q9LW20	-0.3	0.004156949	0.043836437	SKL1	SOL	Probable inactive shikimate kinase like 1, chloroplastic OS=Arabidopsis thaliana OX=3702 GN=SKL1 PE=2 SV=1	True
Q9LW27	-1.22	0.005914016	0.022779705	CYP71B15	MEM	Bifunctional dihydrocamalexate synthase/camalexin synthase OS=Arabidopsis thaliana OX=3702 GN=CYP71B15 PE=1 SV=1	True
Q9LW34	0.33	0.033573691	0.109809023	At3g26770	SOL	Alcohol dehydrogenase-like protein OS=Arabidopsis thaliana OX=3702 GN=At3g26770 PE=1 SV=1	False
Q9LW35	0.37	0.05430879	0.139401942	At3g26760	SOL	Alcohol dehydrogenase-like protein OS=Arabidopsis thaliana OX=3702 GN=At3g26760 PE=1 SV=1	False
Q9LW57	-0.91	0.000454029	0.007020458	PAP6	MEM	Plastid-lipid-associated protein 6, chloroplastic OS=Arabidopsis thaliana OX=3702 GN=PAP6 PE=1 SV=1	True
Q9LW66	0.16	0.448839937	0.509536957	At3g23310	MEM	AGC (cAMP-dependent, cGMP-dependent and protein kinase C) kinase family protein OS=Arabidopsis thaliana OX=3702 GN=At3g23310 PE=1 SV=1	False
Q9LW76	-0.59	0.25540951	0.317400451	RABG3C	MEM	Ras-related protein RABG3c OS=Arabidopsis thaliana OX=3702 GN=RABG3C PE=2 SV=1	False
Q9LW85	-0.92	0.006681273	0.024562627	MFP1	MEM	MAR-binding filament-like protein 1 OS=Arabidopsis thaliana OX=3702 GN=MFP1 PE=2 SV=2	True
Q9LX13	0.18	0.01794944	0.081051845	At5g10160	SOL	(3R)-hydroxymyristoyl-[acyl-carrier-protein] dehydratase OS=Arabidopsis thaliana OX=3702 GN=At5g10160 PE=1 SV=1	False
Q9LX31	-0.33	0.019342109	0.08385338	GUN4	SOL	Tetrapyrrole-binding protein, chloroplastic OS=Arabidopsis thaliana OX=3702 GN=GUN4 PE=1 SV=1	False
Q9LX34	2.12	9.72433e-05	0.004245432	F25L23_230	MEM	At3g59370 OS=Arabidopsis thaliana OX=3702 GN=F25L23_230 PE=1 SV=1	True
Q9LX65	-0.03	0.239578568	0.301028074	VHA-H	MEM	V-type proton ATPase subunit H OS=Arabidopsis thaliana OX=3702 GN=VHA-H PE=1 SV=1	False
Q9LX66	-0.04	0.74622184	0.78490544	HERK1	MEM	Receptor-like protein kinase HERK 1 OS=Arabidopsis thaliana OX=3702 GN=HERK1 PE=1 SV=1	False
Q9LX88	1.37	1.5655e-05	0.003126341	RPS15AD	MEM	40S ribosomal protein S15a-4 OS=Arabidopsis thaliana OX=3702 GN=RPS15AD PE=2 SV=3	True
Q9LX99	-0.58	0.002354124	0.03740771	KIN14A	SOL	Kinesin-like protein KIN-14A OS=Arabidopsis thaliana OX=3702 GN=KIN14A PE=1 SV=1	True
Q9LXA8	0.27	0.017540449	0.080381088	BXL6	SOL	Probable beta-D-xylosidase 6 OS=Arabidopsis thaliana OX=3702 GN=BXL6 PE=2 SV=1	False
Q9LXB3	-0.77	0.005671162	0.022312493	''cytochrome	MEM	Cytochrome P450, family 81, subfamily K, polypeptide 1 OS=Arabidopsis thaliana OX=3702 GN=''cytochrome P450 PE=1 SV=1	True
Q9LXC0	-0.29	0.023266191	0.09094743	At5g09550	SOL	Guanosine nucleotide diphosphate dissociation inhibitor At5g09550 OS=Arabidopsis thaliana OX=3702 GN=At5g09550 PE=3 SV=1	False
Q9LXC6	-0.55	0.005306963	0.046576541	At5g09620	SOL	Gb|AAD14519.1 OS=Arabidopsis thaliana OX=3702 GN=At5g09620 PE=1 SV=1	True
Q9LXC9	0.46	0.221525716	0.282082554	PPA6	MEM	Soluble inorganic pyrophosphatase 6, chloroplastic OS=Arabidopsis thaliana OX=3702 GN=PPA6 PE=1 SV=1	False
Q9LXG1	-0.28	0.016655396	0.040118869	RPS9B	MEM	40S ribosomal protein S9-1 OS=Arabidopsis thaliana OX=3702 GN=RPS9B PE=1 SV=1	True
Q9LXG3	1.62	0.002214734	0.037150536	PER56	SOL	Peroxidase 56 OS=Arabidopsis thaliana OX=3702 GN=PER56 PE=2 SV=1	True
Q9LXJ0	-0.29	0.004348699	0.019046596	FTSZ2-2	MEM	Cell division protein FtsZ homolog 2-2, chloroplastic OS=Arabidopsis thaliana OX=3702 GN=FTSZ2-2 PE=1 SV=1	True
Q9LXJ2	1.42	0.001400086	0.01080759	QCR9	MEM	Cytochrome b-c1 complex subunit 9, mitochondrial OS=Arabidopsis thaliana OX=3702 GN=QCR9 PE=1 SV=1	True
Q9LXM8	4.75	7.54131e-05	0.003915163	RPP2D	MEM	60S acidic ribosomal protein P2-4 OS=Arabidopsis thaliana OX=3702 GN=RPP2D PE=3 SV=1	True
Q9LXP4	0.84	0.012101305	0.033441042	F26G5_140	MEM	At3g44190 OS=Arabidopsis thaliana OX=3702 GN=F26G5_140 PE=1 SV=1	True
Q9LXQ2	0.51	0.168246825	0.272119542	F26G5_50	SOL	At3g44100 OS=Arabidopsis thaliana OX=3702 GN=F26G5_50 PE=1 SV=1	False
Q9LXR8	-0.88	0.003047375	0.015654644	PMD1	MEM	Peroxisomal and mitochondrial division factor 1 OS=Arabidopsis thaliana OX=3702 GN=PMD1 PE=1 SV=1	True
Q9LXS6	-0.22	0.045489897	0.079973063	CSY2	MEM	Citrate synthase 2, peroxisomal OS=Arabidopsis thaliana OX=3702 GN=CSY2 PE=2 SV=1	False
Q9LXT3	0.49	0.039374481	0.118178913	MBF1B	SOL	Multiprotein-bridging factor 1b OS=Arabidopsis thaliana OX=3702 GN=MBF1B PE=1 SV=1	False
Q9LXT5	-0.37	0.037355195	0.116047849	T20N10_10	SOL	Ribosomal protein L1p/L10e family OS=Arabidopsis thaliana OX=3702 GN=T20N10_10 PE=1 SV=1	False
Q9LXU4	0.41	0.00830958	0.027588757	At5g12950	MEM	Proline-tRNA ligase (DUF1680) OS=Arabidopsis thaliana OX=3702 GN=At5g12950 PE=1 SV=1	True
Q9LXU5	0.45	0.00792354	0.055704657	At5g12940	SOL	Leucine-rich repeat (LRR) family protein OS=Arabidopsis thaliana OX=3702 GN=At5g12940 PE=1 SV=1	False
Q9LXV0	-0.5	0.036536505	0.068440585	UGT92A1	MEM	UDP-glycosyltransferase 92A1 OS=Arabidopsis thaliana OX=3702 GN=UGT92A1 PE=2 SV=1	False
Q9LXV3	-0.13	0.220494759	0.280885236	DIT1	MEM	Dicarboxylate transporter 1, chloroplastic OS=Arabidopsis thaliana OX=3702 GN=DIT1 PE=1 SV=1	False
Q9LXX5	0.62	0.079787974	0.122983852	PPD6	MEM	PsbP domain-containing protein 6, chloroplastic OS=Arabidopsis thaliana OX=3702 GN=PPD6 PE=1 SV=1	False
Q9LXX7	-0.86	0.000360124	0.006398909	T5P19_280	MEM	Cytochrome P450, family 94, subfamily D, polypeptide 2 OS=Arabidopsis thaliana OX=3702 GN=T5P19_280 PE=1 SV=1	True
Q9LXZ4	-0.23	0.132331803	0.184676294	T5P19_110	MEM	GroES-like zinc-binding alcohol dehydrogenase family protein OS=Arabidopsis thaliana OX=3702 GN=T5P19_110 PE=1 SV=1	False
Q9LXZ7	-0.25	0.053857272	0.0904414	T5P19_80	MEM	At3g56430 OS=Arabidopsis thaliana OX=3702 GN=T5P19_80 PE=1 SV=1	False
Q9LY14	-0.13	0.923781134	0.940297043	MSRA3	SOL	Peptide methionine sulfoxide reductase A3 OS=Arabidopsis thaliana OX=3702 GN=MSRA3 PE=1 SV=1	False
Q9LY15	-1.63	0.000279126	0.020187743	MRSA2	SOL	Peptide methionine sulfoxide reductase A2 OS=Arabidopsis thaliana OX=3702 GN=MRSA2 PE=1 SV=1	True
Q9LY23	0.11	0.135177179	0.23899634	IPK2a	SOL	Inositol polyphosphate multikinase alpha OS=Arabidopsis thaliana OX=3702 GN=IPK2a PE=1 SV=1	False
Q9LY31	-0.18	0.138989694	0.192436118	F27H5_130	MEM	AT3G60340 protein OS=Arabidopsis thaliana OX=3702 GN=F27H5_130 PE=1 SV=1	False
Q9LY66	0.81	0.00388699	0.017689421	RPL1	MEM	50S ribosomal protein L1, chloroplastic OS=Arabidopsis thaliana OX=3702 GN=RPL1 PE=1 SV=1	True
Q9LY74	0.08	0.339904091	0.403800407	VTE3	MEM	2-methyl-6-phytyl-1,4-hydroquinone methyltransferase, chloroplastic OS=Arabidopsis thaliana OX=3702 GN=VTE3 PE=1 SV=1	False
Q9LY75	-1.02	0.000488286	0.007282537	CYP63	MEM	Peptidyl-prolyl cis-trans isomerase CYP63 OS=Arabidopsis thaliana OX=3702 GN=CYP63 PE=1 SV=1	True
Q9LY84	0.53	0.051015985	0.135278247	At5g14450	SOL	GDSL esterase/lipase At5g14450 OS=Arabidopsis thaliana OX=3702 GN=At5g14450 PE=2 SV=1	False
Q9LY87	0.12	0.389519048	0.453268284	RGLG2	MEM	E3 ubiquitin-protein ligase RGLG2 OS=Arabidopsis thaliana OX=3702 GN=RGLG2 PE=1 SV=1	False
Q9LYA9	-0.24	0.003528935	0.041966565	CSP41A	SOL	Chloroplast stem-loop binding protein of 41 kDa a, chloroplastic OS=Arabidopsis thaliana OX=3702 GN=CSP41A PE=1 SV=1	True
Q9LYB4	-0.27	0.045853867	0.128333259	GPX5	SOL	Probable glutathione peroxidase 5 OS=Arabidopsis thaliana OX=3702 GN=GPX5 PE=1 SV=1	False
Q9LYC7	2.01	0.002583524	0.014450233	OTU5	MEM	OVARIAN TUMOR DOMAIN-containing deubiquitinating enzyme 5 OS=Arabidopsis thaliana OX=3702 GN=OTU5 PE=2 SV=1	True
Q9LYE7	0.19	0.016676167	0.078203446	At5g11420	SOL	Uncharacterized protein At5g11420 OS=Arabidopsis thaliana OX=3702 GN=At5g11420 PE=1 SV=1	False
Q9LYF0	0.0	0.942400204	0.954083912	T22P22_200	SOL	At5g11810 OS=Arabidopsis thaliana OX=3702 GN=T22P22_200 PE=1 SV=1	False
Q9LYF8	-0.59	0.002844787	0.015046444	At5g11720	MEM	AT5g11720/T22P22_110 OS=Arabidopsis thaliana OX=3702 GN=At5g11720 PE=1 SV=1	True
Q9LYG2	0.39	0.249857382	0.358116579	At5g11680	SOL	Classical AGP protein OS=Arabidopsis thaliana OX=3702 GN=At5g11680 PE=1 SV=1	False
Q9LYG3	-0.55	3.67854e-06	0.009253624	NADP-ME2	SOL	NADP-dependent malic enzyme 2 OS=Arabidopsis thaliana OX=3702 GN=NADP-ME2 PE=1 SV=1	True
Q9LYI4	-0.21	0.199296445	0.258091119	EMB3135	MEM	Harpin-induced protein OS=Arabidopsis thaliana OX=3702 GN=EMB3135 PE=1 SV=1	False
Q9LYK8	2.17	0.002688983	0.039190427	MSD2	SOL	Superoxide dismutase [Mn] 2, mitochondrial OS=Arabidopsis thaliana OX=3702 GN=MSD2 PE=2 SV=1	True
Q9LYK9	-0.39	0.026063521	0.054112667	RPS26C	MEM	40S ribosomal protein S26-3 OS=Arabidopsis thaliana OX=3702 GN=RPS26C PE=2 SV=1	False
Q9LYN2	2.27	0.000461623	0.007085538	FER3	MEM	Ferritin-3, chloroplastic OS=Arabidopsis thaliana OX=3702 GN=FER3 PE=1 SV=1	True
Q9LYR4	0.29	0.000993798	0.027150425	TRA2	SOL	Transaldolase OS=Arabidopsis thaliana OX=3702 GN=TRA2 PE=1 SV=1	True
Q9LYR5	-0.61	0.101544702	0.148747622	FKBP19	MEM	Peptidyl-prolyl cis-trans isomerase FKBP19, chloroplastic OS=Arabidopsis thaliana OX=3702 GN=FKBP19 PE=1 SV=1	False
Q9LYS0	-0.1	0.485800173	0.581973413	At5g13360	SOL	Auxin reponsive-like protein OS=Arabidopsis thaliana OX=3702 GN=At5g13360 PE=1 SV=1	False
Q9LYS5	-0.27	0.157040378	0.212242035	F17J16_160	MEM	Protein kinase superfamily protein OS=Arabidopsis thaliana OX=3702 GN=F17J16_160 PE=1 SV=1	False
Q9LYT5	-0.79	0.009814396	0.061701167	PME35	SOL	Probable pectinesterase/pectinesterase inhibitor 35 OS=Arabidopsis thaliana OX=3702 GN=PME35 PE=2 SV=1	False
Q9LYT7	-2.37	0.000135103	0.016928807	SSU3	SOL	3-isopropylmalate dehydratase small subunit 3 OS=Arabidopsis thaliana OX=3702 GN=SSU3 PE=1 SV=1	True
Q9LYU8	-0.35	0.007195457	0.053256714	AK1	SOL	Aspartokinase 1, chloroplastic OS=Arabidopsis thaliana OX=3702 GN=AK1 PE=1 SV=1	False
Q9LYU9	0.19	0.224378865	0.285177523	PCMP-H90	MEM	Pentatricopeptide repeat-containing protein At5g13270, chloroplastic OS=Arabidopsis thaliana OX=3702 GN=PCMP-H90 PE=2 SV=1	False
Q9LYV6	0.5	0.017051082	0.079489706	At5g13200	SOL	GEM-like protein 5 OS=Arabidopsis thaliana OX=3702 GN=At5g13200 PE=1 SV=1	False
Q9LYW9	-0.31	0.012776891	0.034498999	P58IPK	MEM	DnaJ protein P58IPK homolog OS=Arabidopsis thaliana OX=3702 GN=P58IPK PE=1 SV=1	True
Q9LYZ6	-0.83	0.002659068	0.01468254	At5g02890	MEM	At5g02890 OS=Arabidopsis thaliana OX=3702 GN=At5g02890 PE=1 SV=1	True
Q9LZ06	-0.16	0.019708719	0.08433998	GSTL3	SOL	Glutathione S-transferase L3 OS=Arabidopsis thaliana OX=3702 GN=GSTL3 PE=2 SV=1	False
Q9LZ08	0.41	0.005822216	0.049053156	MOS11	SOL	Protein MODIFIER OF SNC1 11 OS=Arabidopsis thaliana OX=3702 GN=MOS11 PE=1 SV=1	True
Q9LZ23	0.16	0.117593156	0.218951326	ACR12	SOL	ACT domain-containing protein ACR12 OS=Arabidopsis thaliana OX=3702 GN=ACR12 PE=2 SV=1	False
Q9LZ26	-0.19	0.062540059	0.151478221	T1E3_70	SOL	Aspartyl aminopeptidase OS=Arabidopsis thaliana OX=3702 GN=T1E3_70 PE=1 SV=1	False
Q9LZ41	-0.64	0.00739998	0.025851893	RPL35D	MEM	60S ribosomal protein L35-4 OS=Arabidopsis thaliana OX=3702 GN=RPL35D PE=2 SV=1	True
Q9LZ45	0.02	0.779077964	0.814211821	At5g02570	MEM	Histone H2B.9 OS=Arabidopsis thaliana OX=3702 GN=At5g02570 PE=1 SV=3	False
Q9LZ46	-0.28	0.00404573	0.01816734	At5g02560	MEM	Probable histone H2A.4 OS=Arabidopsis thaliana OX=3702 GN=At5g02560 PE=1 SV=1	True
Q9LZ57	0.71	0.004659943	0.045351432	RPL36C	SOL	60S ribosomal protein L36-3 OS=Arabidopsis thaliana OX=3702 GN=RPL36C PE=3 SV=1	True
Q9LZ66	0.19	0.009676966	0.061384374	SIR	SOL	Assimilatory sulfite reductase (ferredoxin), chloroplastic OS=Arabidopsis thaliana OX=3702 GN=SIR PE=1 SV=1	False
Q9LZ71	-0.51	0.0190588	0.043623998	At5g04550	MEM	AT5g04550/T32M21_140 OS=Arabidopsis thaliana OX=3702 GN=At5g04550 PE=1 SV=1	True
Q9LZ72	0.31	0.152839076	0.207528029	KCS19	MEM	3-ketoacyl-CoA synthase 19 OS=Arabidopsis thaliana OX=3702 GN=KCS19 PE=2 SV=1	False
Q9LZ82	0.73	0.003240085	0.016213206	BTR1	MEM	Protein BTR1 OS=Arabidopsis thaliana OX=3702 GN=BTR1 PE=1 SV=1	True
Q9LZ83	-0.25	0.078748948	0.171406981	T32M21_20	SOL	AT5G04420 protein OS=Arabidopsis thaliana OX=3702 GN=T32M21_20 PE=1 SV=1	False
Q9LZB8	-0.57	0.019034151	0.043578311	ABCB29	MEM	ABC transporter B family member 29, chloroplastic OS=Arabidopsis thaliana OX=3702 GN=ABCB29 PE=1 SV=1	True
Q9LZD4	0.32	0.020748879	0.046373096	RABE1D	MEM	Ras-related protein RABE1d OS=Arabidopsis thaliana OX=3702 GN=RABE1D PE=1 SV=1	True
Q9LZE0	-0.51	0.014731167	0.037332078	At5g03460	MEM	Transmembrane protein OS=Arabidopsis thaliana OX=3702 GN=At5g03460 PE=1 SV=1	True
Q9LZE4	0.71	0.005193259	0.02104708	At5g03430	MEM	Phosphoadenosine phosphosulfate (PAPS) reductase family protein OS=Arabidopsis thaliana OX=3702 GN=At5g03430 PE=1 SV=1	True
Q9LZF2	-0.13	0.963252312	0.97074431	At5g03370	SOL	Acylphosphatase OS=Arabidopsis thaliana OX=3702 GN=At5g03370 PE=1 SV=1	False
Q9LZF5	-2.0	0.000130335	0.016928807	LLP	SOL	Lectin-like protein OS=Arabidopsis thaliana OX=3702 GN=LLP PE=1 SV=1	True
Q9LZF6	0.44	0.076660988	0.119032675	CDC48E	MEM	Cell division control protein 48 homolog E OS=Arabidopsis thaliana OX=3702 GN=CDC48E PE=2 SV=2	False
Q9LZG0	-0.44	0.014347179	0.036974025	ADK2	MEM	Adenosine kinase 2 OS=Arabidopsis thaliana OX=3702 GN=ADK2 PE=1 SV=1	True
Q9LZG7	0.16	0.064362254	0.103876072	GSTU27	MEM	Glutathione S-transferase U27 OS=Arabidopsis thaliana OX=3702 GN=GSTU27 PE=2 SV=1	False
Q9LZH9	0.94	0.002082578	0.013064687	RPL7AB	MEM	60S ribosomal protein L7a-2 OS=Arabidopsis thaliana OX=3702 GN=RPL7AB PE=1 SV=1	True
Q9LZI2	0.09	0.419849639	0.519819829	UXS2	SOL	UDP-glucuronic acid decarboxylase 2 OS=Arabidopsis thaliana OX=3702 GN=UXS2 PE=1 SV=1	False
Q9LZI3	0.98	0.009544833	0.061175226	F26K9_250	SOL	Plant invertase/pectin methylesterase inhibitor superfamily protein OS=Arabidopsis thaliana OX=3702 GN=F26K9_250 PE=1 SV=1	False
Q9LZJ5	-0.66	0.001038146	0.00976055	ABCC14	MEM	ABC transporter C family member 14 OS=Arabidopsis thaliana OX=3702 GN=ABCC14 PE=1 SV=1	True
Q9LZK5	-0.56	0.005224354	0.021145438	ERDJ3B	MEM	DnaJ protein ERDJ3B OS=Arabidopsis thaliana OX=3702 GN=ERDJ3B PE=1 SV=1	True
Q9LZP9	-1.09	0.033236675	0.063644843	CP12-2	MEM	Calvin cycle protein CP12-2, chloroplastic OS=Arabidopsis thaliana OX=3702 GN=CP12-2 PE=1 SV=1	False
Q9LZQ4	-0.19	0.065297166	0.155516818	T12C14_60	SOL	Carbohydrate-binding-like fold OS=Arabidopsis thaliana OX=3702 GN=T12C14_60 PE=1 SV=1	False
Q9LZQ9	-0.41	0.040359102	0.11972481	At3g62310	SOL	Probable pre-mRNA-splicing factor ATP-dependent RNA helicase DEAH2 OS=Arabidopsis thaliana OX=3702 GN=At3g62310 PE=2 SV=1	False
Q9LZR5	0.2	0.781799618	0.829580602	HDT3	SOL	Histone deacetylase HDT3 OS=Arabidopsis thaliana OX=3702 GN=HDT3 PE=1 SV=2	False
Q9LZS3	-0.56	0.004778521	0.020048216	SBE2.2	MEM	1,4-alpha-glucan-branching enzyme 2-2, chloroplastic/amyloplastic OS=Arabidopsis thaliana OX=3702 GN=SBE2.2 PE=1 SV=1	True
Q9LZS7	0.81	0.003797967	0.042891634	At5g03610	SOL	GDSL esterase/lipase At5g03610 OS=Arabidopsis thaliana OX=3702 GN=At5g03610 PE=2 SV=1	True
Q9LZT0	0.38	0.006442663	0.050732954	At3g46030	SOL	Histone H2B.7 OS=Arabidopsis thaliana OX=3702 GN=At3g46030 PE=1 SV=3	False
Q9LZV4	-1.19	0.004171506	0.018530502	STN8	MEM	Serine/threonine-protein kinase STN8, chloroplastic OS=Arabidopsis thaliana OX=3702 GN=STN8 PE=2 SV=1	True
Q9LZW6	-0.27	0.016331525	0.078016461	At5g01800	SOL	AT5g01800/T20L15_70 OS=Arabidopsis thaliana OX=3702 GN=At5g01800 PE=1 SV=1	False
Q9LZX1	-0.29	0.006605588	0.024378766	At5g01750	MEM	Protein LURP-one-related 15 OS=Arabidopsis thaliana OX=3702 GN=At5g01750 PE=1 SV=1	True
Q9LZX4	-0.29	0.009611255	0.061253206	FLA10	SOL	Fasciclin-like arabinogalactan protein 10 OS=Arabidopsis thaliana OX=3702 GN=FLA10 PE=2 SV=1	False
Q9LZX6	0.16	0.191329817	0.249407769	DHDPS1	MEM	4-hydroxy-tetrahydrodipicolinate synthase 1, chloroplastic OS=Arabidopsis thaliana OX=3702 GN=DHDPS1 PE=1 SV=2	False
Q9LZX8	-0.67	0.01488084	0.037506821	BIG2	MEM	Brefeldin A-inhibited guanine nucleotide-exchange protein 2 OS=Arabidopsis thaliana OX=3702 GN=BIG2 PE=2 SV=1	True
Q9M024	-0.65	0.017180305	0.040908537	TAAC	MEM	Thylakoid ADP,ATP carrier protein, chloroplastic OS=Arabidopsis thaliana OX=3702 GN=TAAC PE=1 SV=1	True
Q9M028	0.33	0.027486213	0.056026653	At5g01460	MEM	LIMR family protein At5g01460 OS=Arabidopsis thaliana OX=3702 GN=At5g01460 PE=2 SV=1	False
Q9M034	-0.05	0.731300767	0.788150254	At5g01390	SOL	DNAJ heat shock family protein OS=Arabidopsis thaliana OX=3702 GN=At5g01390 PE=1 SV=1	False
Q9M060	0.32	0.007970173	0.026855264	EIF6-2	MEM	Eukaryotic translation initiation factor 6-2 OS=Arabidopsis thaliana OX=3702 GN=EIF6-2 PE=2 SV=1	True
Q9M076	-0.06	0.25058394	0.358991567	PFK6	SOL	ATP-dependent 6-phosphofructokinase 6 OS=Arabidopsis thaliana OX=3702 GN=PFK6 PE=1 SV=1	False
Q9M081	-0.44	0.000268564	0.01975943	At4g32640	SOL	Protein transport protein Sec24-like At4g32640 OS=Arabidopsis thaliana OX=3702 GN=At4g32640 PE=3 SV=3	True
Q9M084	0.1	0.341285665	0.405053344	IBI1	MEM	Aspartate--tRNA ligase 2, cytoplasmic OS=Arabidopsis thaliana OX=3702 GN=IBI1 PE=1 SV=1	False
Q9M088	0.42	0.137352225	0.24169178	At4g31140	SOL	Glucan endo-1,3-beta-glucosidase 5 OS=Arabidopsis thaliana OX=3702 GN=At4g31140 PE=2 SV=1	False
Q9M098	-0.32	0.116285584	0.217607196	At4g30620	SOL	Nucleoid-associated protein At4g30620, chloroplastic OS=Arabidopsis thaliana OX=3702 GN=At4g30620 PE=1 SV=1	False
Q9M099	0.07	0.089118267	0.18396084	SCPL24	SOL	Serine carboxypeptidase 24 OS=Arabidopsis thaliana OX=3702 GN=SCPL24 PE=1 SV=1	False
Q9M0A0	-0.31	0.067133001	0.107526194	At4g30600	MEM	AT4g30600/F17I23_60 OS=Arabidopsis thaliana OX=3702 GN=At4g30600 PE=1 SV=1	False
Q9M0A5	-0.32	0.019355333	0.08385338	GGP3	SOL	Gamma-glutamyl peptidase 3 OS=Arabidopsis thaliana OX=3702 GN=GGP3 PE=1 SV=1	False
Q9M0A7	-0.78	0.001975144	0.012658633	GGP1	MEM	Gamma-glutamyl peptidase 1 OS=Arabidopsis thaliana OX=3702 GN=GGP1 PE=1 SV=1	True
Q9M0B2	0.19	0.049642364	0.133830847	TPR1	SOL	AT4G30480 protein OS=Arabidopsis thaliana OX=3702 GN=TPR1 PE=1 SV=1	False
Q9M0D5	1.19	0.004790104	0.020087742	At4g29480	MEM	AT4g29480/F17A13_300 OS=Arabidopsis thaliana OX=3702 GN=At4g29480 PE=1 SV=1	True
Q9M0E2	0.87	0.009425016	0.029352103	RPL28C	MEM	60S ribosomal protein L28-2 OS=Arabidopsis thaliana OX=3702 GN=RPL28C PE=2 SV=1	True
Q9M0F4	0.45	0.005104088	0.046367334	At4g29270	SOL	Acid phosphatase-like protein OS=Arabidopsis thaliana OX=3702 GN=At4g29270 PE=1 SV=1	True
Q9M0F5	0.25	0.012946341	0.070143061	At4g29260	SOL	Acid phosphatase-like protein OS=Arabidopsis thaliana OX=3702 GN=At4g29260 PE=1 SV=1	False
Q9M0F9	-0.63	0.000215117	0.005023886	PFK1	MEM	ATP-dependent 6-phosphofructokinase 1 OS=Arabidopsis thaliana OX=3702 GN=PFK1 PE=1 SV=1	True
Q9M0G0	0.06	0.330629218	0.435853419	GGT3	SOL	Glutathione hydrolase 3 OS=Arabidopsis thaliana OX=3702 GN=GGT3 PE=2 SV=1	False
Q9M0I6	-0.47	0.021063252	0.046806498	EMB1923	MEM	At4g28210 OS=Arabidopsis thaliana OX=3702 GN=EMB1923 PE=1 SV=1	True
Q9M0M4	-0.59	0.003104016	0.015814486	At4g17270	MEM	Putative MO25-like protein At4g17270 OS=Arabidopsis thaliana OX=3702 GN=At4g17270 PE=2 SV=1	True
Q9M0N1	-0.41	0.031648392	0.107006	PUX10	SOL	Plant UBX domain-containing protein 10 OS=Arabidopsis thaliana OX=3702 GN=PUX10 PE=2 SV=1	False
Q9M0R2	-0.12	0.853615614	0.886758302	PATL5	SOL	Patellin-5 OS=Arabidopsis thaliana OX=3702 GN=PATL5 PE=1 SV=2	False
Q9M0R3	-0.38	0.028592537	0.057374009	At4g09150	MEM	T-complex protein 11 OS=Arabidopsis thaliana OX=3702 GN=At4g09150 PE=1 SV=1	False
Q9M0S5	-0.18	0.140473821	0.244578482	ISA3	SOL	Isoamylase 3, chloroplastic OS=Arabidopsis thaliana OX=3702 GN=ISA3 PE=1 SV=2	False
Q9M0V5	0.46	0.05604882	0.141569945	At4g05400	SOL	At4g05400 OS=Arabidopsis thaliana OX=3702 GN=At4g05400 PE=1 SV=1	False
Q9M0V6	0.25	0.061462156	0.100117059	RFNR1	MEM	Ferredoxin--NADP reductase, root isozyme 1, chloroplastic OS=Arabidopsis thaliana OX=3702 GN=RFNR1 PE=2 SV=2	False
Q9M0X9	-0.11	0.197954762	0.305123799	4CLL7	SOL	4-coumarate--CoA ligase-like 7 OS=Arabidopsis thaliana OX=3702 GN=4CLL7 PE=1 SV=1	False
Q9M0Y6	-0.77	0.022052559	0.088909012	At4g05090	SOL	Putative PAP-specific phosphatase, mitochondrial OS=Arabidopsis thaliana OX=3702 GN=At4g05090 PE=2 SV=1	False
Q9M0Y8	-0.27	0.0691132	0.109864689	NSF	MEM	Vesicle-fusing ATPase OS=Arabidopsis thaliana OX=3702 GN=NSF PE=1 SV=2	False
Q9M0Z3	-0.57	0.010856292	0.031448728	KEA3	MEM	K(+) efflux antiporter 3, chloroplastic OS=Arabidopsis thaliana OX=3702 GN=KEA3 PE=1 SV=2	True
Q9M0Z6	-0.09	0.273509411	0.33674125	MSRB3	MEM	Peptide methionine sulfoxide reductase B3 OS=Arabidopsis thaliana OX=3702 GN=MSRB3 PE=2 SV=2	False
Q9M101	-0.63	0.056248062	0.093391681	CPK23	MEM	Calcium-dependent protein kinase 23 OS=Arabidopsis thaliana OX=3702 GN=CPK23 PE=1 SV=1	False
Q9M153	-0.14	0.117815461	0.219025462	At4g01130	SOL	GDSL esterase/lipase At4g01130 OS=Arabidopsis thaliana OX=3702 GN=At4g01130 PE=2 SV=1	False
Q9M156	-0.38	0.008250921	0.056876249	UGT72B1	SOL	UDP-glycosyltransferase 72B1 OS=Arabidopsis thaliana OX=3702 GN=UGT72B1 PE=1 SV=1	False
Q9M158	-0.9	0.010800433	0.031384449	STR4	MEM	Rhodanese-like domain-containing protein 4, chloroplastic OS=Arabidopsis thaliana OX=3702 GN=STR4 PE=1 SV=2	True
Q9M1C2	-0.04	0.750775483	0.788713154	CPN10-1	MEM	10 kDa chaperonin 1, chloroplastic OS=Arabidopsis thaliana OX=3702 GN=CPN10-1 PE=2 SV=1	False
Q9M1D0	0.3	0.0225689	0.089764835	BGLU16	SOL	Beta-glucosidase 16 OS=Arabidopsis thaliana OX=3702 GN=BGLU16 PE=2 SV=1	False
Q9M1E7	0.47	0.025470017	0.053177458	TET3	MEM	Tetraspanin-3 OS=Arabidopsis thaliana OX=3702 GN=TET3 PE=1 SV=1	False
Q9M1G8	-1.61	2.21671e-06	0.002757313	DJ1F	MEM	DJ-1 protein homolog F OS=Arabidopsis thaliana OX=3702 GN=DJ1F PE=1 SV=1	True
Q9M1H3	-0.15	0.028178665	0.100045703	ABCF4	SOL	ABC transporter F family member 4 OS=Arabidopsis thaliana OX=3702 GN=ABCF4 PE=2 SV=1	False
Q9M1J1	-0.65	0.007924132	0.026787807	FIS1A	MEM	Mitochondrial fission 1 protein A OS=Arabidopsis thaliana OX=3702 GN=FIS1A PE=1 SV=1	True
Q9M1J6	0.15	0.368113975	0.430895978	SSL9	MEM	Protein STRICTOSIDINE SYNTHASE-LIKE 9 OS=Arabidopsis thaliana OX=3702 GN=SSL9 PE=2 SV=1	False
Q9M1J7	0.44	0.033923633	0.064587651	SSL8	MEM	Protein STRICTOSIDINE SYNTHASE-LIKE 8 OS=Arabidopsis thaliana OX=3702 GN=SSL8 PE=2 SV=1	False
Q9M1Q0	-0.46	0.014214176	0.036753571	T17J13.200	MEM	RING-type E3 ubiquitin transferase OS=Arabidopsis thaliana OX=3702 GN=T17J13.200 PE=1 SV=1	True
Q9M1Q9	-0.43	0.065219766	0.105041123	ABCB21	MEM	ABC transporter B family member 21 OS=Arabidopsis thaliana OX=3702 GN=ABCB21 PE=1 SV=2	False
Q9M1R1	-0.09	0.080099488	0.172948306	LCD	SOL	L-cysteine desulfhydrase OS=Arabidopsis thaliana OX=3702 GN=LCD PE=2 SV=1	False
Q9M1S4	-0.26	0.047107056	0.08204008	T5N23_120	MEM	Dentin sialophosphoprotein-like protein OS=Arabidopsis thaliana OX=3702 GN=T5N23_120 PE=1 SV=1	False
Q9M1W4	-0.22	0.021630703	0.047489287	HMT-2	MEM	Homocysteine S-methyltransferase 2 OS=Arabidopsis thaliana OX=3702 GN=HMT-2 PE=1 SV=1	True
Q9M1X0	0.16	0.041292945	0.120785925	RRF	SOL	Ribosome-recycling factor, chloroplastic OS=Arabidopsis thaliana OX=3702 GN=RRF PE=2 SV=2	False
Q9M1X2	0.18	0.065238131	0.105052496	FAP1	MEM	Fatty-acid-binding protein 1 OS=Arabidopsis thaliana OX=3702 GN=FAP1 PE=1 SV=1	False
Q9M1X3	-0.98	0.002684293	0.014785848	F16M2_10	MEM	AT3g63160/F16M2_10 OS=Arabidopsis thaliana OX=3702 GN=F16M2_10 PE=1 SV=1	True
Q9M1X8	-0.17	0.036671343	0.1146423	F24G16.250	SOL	Nucleic acid-binding, OB-fold-like protein OS=Arabidopsis thaliana OX=3702 GN=F24G16.250 PE=1 SV=1	False
Q9M1Y7	-0.06	0.622335622	0.697522776	F24G16.140	SOL	Uncharacterized protein F24G16.140 OS=Arabidopsis thaliana OX=3702 GN=F24G16.140 PE=1 SV=1	False
Q9M1Z2	-0.24	0.056625928	0.093877195	F24G16.90	MEM	Leucine zipper-EF-hand-containing transmembrane protein 1 OS=Arabidopsis thaliana OX=3702 GN=F24G16.90 PE=1 SV=1	False
Q9M209	-0.26	0.160429881	0.263352851	RRP45B	SOL	Exosome complex component RRP45B OS=Arabidopsis thaliana OX=3702 GN=RRP45B PE=2 SV=1	False
Q9M214	0.43	0.001443214	0.010970824	T8B10_110	MEM	At3g60450 OS=Arabidopsis thaliana OX=3702 GN=T8B10_110 PE=1 SV=1	True
Q9M236	-0.16	0.294642328	0.403072006	T18D12_110	SOL	Initiation factor 4F subunit (DUF1350) OS=Arabidopsis thaliana OX=3702 GN=T18D12_110 PE=1 SV=1	False
Q9M266	-0.31	0.099496142	0.197214146	F21F14.160	SOL	S-adenosyl-L-methionine-dependent methyltransferases superfamily protein OS=Arabidopsis thaliana OX=3702 GN=F21F14.160 PE=1 SV=1	False
Q9M287	-0.79	0.004186935	0.018590152	T22K7_60	MEM	Late embryogenesis abundant (LEA) hydroxyproline-rich glycoprotein family OS=Arabidopsis thaliana OX=3702 GN=T22K7_60 PE=1 SV=1	True
Q9M292	0.08	0.820128468	0.850418864	T22K7_10	MEM	Nicalin OS=Arabidopsis thaliana OX=3702 GN=T22K7_10 PE=1 SV=1	False
Q9M2B4	-0.34	0.057836757	0.143863168	AL3	SOL	PHD finger protein ALFIN-LIKE 3 OS=Arabidopsis thaliana OX=3702 GN=AL3 PE=1 SV=1	False
Q9M2B9	0.86	0.002146666	0.036859628	F23N14_50	SOL	Amine oxidase OS=Arabidopsis thaliana OX=3702 GN=F23N14_50 PE=1 SV=1	True
Q9M2D8	1.11	0.005287124	0.02134372	At3g61260	MEM	Uncharacterized protein At3g61260 OS=Arabidopsis thaliana OX=3702 GN=At3g61260 PE=1 SV=1	True
Q9M2E0	0.05	0.078979242	0.171506356	RH12	SOL	DEAD-box ATP-dependent RNA helicase 12 OS=Arabidopsis thaliana OX=3702 GN=RH12 PE=2 SV=1	False
Q9M2F1	0.2	0.034624843	0.111239605	RPS27B	SOL	40S ribosomal protein S27-2 OS=Arabidopsis thaliana OX=3702 GN=RPS27B PE=2 SV=2	False
Q9M2F9	0.59	0.044160719	0.078138376	RH52	MEM	DEAD-box ATP-dependent RNA helicase 52 OS=Arabidopsis thaliana OX=3702 GN=RH52 PE=1 SV=1	False
Q9M2G1	2.43	0.004154136	0.043836437	LTPG22	SOL	Non-specific lipid transfer protein GPI-anchored 22 OS=Arabidopsis thaliana OX=3702 GN=LTPG22 PE=2 SV=1	True
Q9M2L4	-0.27	0.040087484	0.073135234	ACA11	MEM	Putative calcium-transporting ATPase 11, plasma membrane-type OS=Arabidopsis thaliana OX=3702 GN=ACA11 PE=1 SV=1	False
Q9M2L5	-0.45	0.075081153	0.166891529	F28O9.170	SOL	Threonine-tRNA ligase 2 OS=Arabidopsis thaliana OX=3702 GN=F28O9.170 PE=1 SV=1	False
Q9M2M5	-0.05	0.618952103	0.671169415	F28O9.70	MEM	GlcNAc-1-P transferase OS=Arabidopsis thaliana OX=3702 GN=F28O9.70 PE=1 SV=1	False
Q9M2N5	-0.43	0.000240694	0.005338352	HAT	MEM	Zinc finger BED domain-containing protein DAYSLEEPER OS=Arabidopsis thaliana OX=3702 GN=HAT PE=1 SV=1	True
Q9M2T6	0.79	0.007929575	0.026796198	T22E16.90	MEM	Glucan endo-1,3-beta-D-glucosidase OS=Arabidopsis thaliana OX=3702 GN=T22E16.90 PE=1 SV=1	True
Q9M2T9	-0.55	0.001074158	0.00976055	OVA1	MEM	Methionine--tRNA ligase, chloroplastic/mitochondrial OS=Arabidopsis thaliana OX=3702 GN=OVA1 PE=2 SV=1	True
Q9M2U5	0.84	0.135214594	0.239005625	EP3	SOL	Endochitinase EP3 OS=Arabidopsis thaliana OX=3702 GN=EP3 PE=1 SV=1	False
Q9M2U7	0.35	2.71846e-05	0.012627865	T12E18_90	SOL	AT3g54400/T12E18_90 OS=Arabidopsis thaliana OX=3702 GN=T12E18_90 PE=1 SV=1	True
Q9M2V1	-0.48	0.067709739	0.158082464	NCA1	SOL	Protein NCA1 OS=Arabidopsis thaliana OX=3702 GN=NCA1 PE=1 SV=1	False
Q9M2W2	-0.59	0.00155397	0.033182619	GSTL2	SOL	Glutathione S-transferase L2, chloroplastic OS=Arabidopsis thaliana OX=3702 GN=GSTL2 PE=2 SV=1	True
Q9M2X8	-0.07	0.317940502	0.381339841	T16K5.150	MEM	AT3g49800/T16K5_150 OS=Arabidopsis thaliana OX=3702 GN=T16K5.150 PE=1 SV=1	False
Q9M2Y6	0.04	0.844626848	0.871736706	CGR2	MEM	Probable pectin methylesterase CGR2 OS=Arabidopsis thaliana OX=3702 GN=CGR2 PE=2 SV=1	False
Q9M2Z4	-0.57	0.007492865	0.02604983	MSBP2	MEM	Membrane steroid-binding protein 2 OS=Arabidopsis thaliana OX=3702 GN=MSBP2 PE=1 SV=1	True
Q9M2Z8	-1.46	0.003664584	0.017061615	MPT2	MEM	Mitochondrial phosphate carrier protein 2, mitochondrial OS=Arabidopsis thaliana OX=3702 GN=MPT2 PE=2 SV=1	True
Q9M304	-0.79	0.006559049	0.024293841	LCB2b	MEM	Long chain base biosynthesis protein 2b OS=Arabidopsis thaliana OX=3702 GN=LCB2b PE=1 SV=1	True
Q9M314	0.13	0.233076726	0.341212205	F2A19.140	SOL	AT3g61540/F2A19_140 OS=Arabidopsis thaliana OX=3702 GN=F2A19.140 PE=1 SV=1	False
Q9M328	0.31	0.005052446	0.046237344	F5K20_290	SOL	AT3G53990 protein OS=Arabidopsis thaliana OX=3702 GN=F5K20_290 PE=1 SV=1	True
Q9M330	-0.06	0.251128178	0.359681406	At3g53970	SOL	Probable proteasome inhibitor OS=Arabidopsis thaliana OX=3702 GN=At3g53970 PE=1 SV=1	False
Q9M336	0.35	0.167041568	0.270550543	UPP	SOL	Uracil phosphoribosyltransferase, chloroplastic OS=Arabidopsis thaliana OX=3702 GN=UPP PE=1 SV=1	False
Q9M338	-0.16	0.081288738	0.174029563	AKR4C11	SOL	Aldo-keto reductase family 4 member C11 OS=Arabidopsis thaliana OX=3702 GN=AKR4C11 PE=1 SV=1	False
Q9M339	0.45	0.009137355	0.028951439	RPS3B	MEM	40S ribosomal protein S3-2 OS=Arabidopsis thaliana OX=3702 GN=RPS3B PE=1 SV=1	True
Q9M352	0.48	0.003075857	0.015783512	RPL36B	MEM	60S ribosomal protein L36-2 OS=Arabidopsis thaliana OX=3702 GN=RPL36B PE=3 SV=1	True
Q9M354	0.58	0.030352269	0.059645514	AGD6	MEM	Probable ADP-ribosylation factor GTPase-activating protein AGD6 OS=Arabidopsis thaliana OX=3702 GN=AGD6 PE=1 SV=1	False
Q9M356	-0.08	0.196157013	0.30291828	F15G16.210	SOL	Eukaryotic aspartyl protease family protein OS=Arabidopsis thaliana OX=3702 GN=F15G16.210 PE=1 SV=1	False
Q9M376	0.13	0.392882068	0.456781316	VAMP727	MEM	Vesicle-associated membrane protein 727 OS=Arabidopsis thaliana OX=3702 GN=VAMP727 PE=1 SV=1	False
Q9M385	-0.36	0.051354145	0.087277628	RPL17	MEM	50S ribosomal protein L17, chloroplastic OS=Arabidopsis thaliana OX=3702 GN=RPL17 PE=2 SV=1	False
Q9M390	0.07	0.115993243	0.166039003	NPF8.1	MEM	Protein NRT1/ PTR FAMILY 8.1 OS=Arabidopsis thaliana OX=3702 GN=NPF8.1 PE=1 SV=1	False
Q9M391	-0.12	0.464371879	0.561279673	At3g54130	SOL	Ataxin-3 homolog OS=Arabidopsis thaliana OX=3702 GN=At3g54130 PE=1 SV=1	False
Q9M394	0.44	0.008072861	0.027056078	FLN1	MEM	Fructokinase-like 1, chloroplastic OS=Arabidopsis thaliana OX=3702 GN=FLN1 PE=1 SV=1	True
Q9M3A8	-0.36	0.001752074	0.012087623	EMB1796	MEM	Pentatricopeptide repeat-containing protein At3g49240, mitochondrial OS=Arabidopsis thaliana OX=3702 GN=EMB1796 PE=1 SV=1	True
Q9M3B9	-0.65	0.002548267	0.014448869	ABCB20	MEM	ABC transporter B family member 20 OS=Arabidopsis thaliana OX=3702 GN=ABCB20 PE=1 SV=1	True
Q9M3C3	1.38	0.001018725	0.00971972	RPL23AB	MEM	60S ribosomal protein L23a-2 OS=Arabidopsis thaliana OX=3702 GN=RPL23AB PE=2 SV=1	True
Q9M3C6	-0.38	0.00242941	0.014048855	PSA3	MEM	Photosystem I assembly factor PSA3, chloroplastic OS=Arabidopsis thaliana OX=3702 GN=PSA3 PE=1 SV=1	True
Q9M3H5	-0.91	0.001446668	0.010970824	HMA1	MEM	Probable cadmium/zinc-transporting ATPase HMA1, chloroplastic OS=Arabidopsis thaliana OX=3702 GN=HMA1 PE=2 SV=2	True
Q9M4B5	-0.46	0.225941164	0.332798571	AIP3	SOL	Probable prefoldin subunit 4 OS=Arabidopsis thaliana OX=3702 GN=AIP3 PE=1 SV=3	False
Q9M5J8	0.04	0.764902708	0.815211797	PGIP2	SOL	Polygalacturonase inhibitor 2 OS=Arabidopsis thaliana OX=3702 GN=PGIP2 PE=2 SV=2	False
Q9M5J9	0.72	0.000607943	0.024419573	PGIP1	SOL	Polygalacturonase inhibitor 1 OS=Arabidopsis thaliana OX=3702 GN=PGIP1 PE=1 SV=1	True
Q9M5K2	0.43	0.024480252	0.051740605	LPD2	MEM	Dihydrolipoyl dehydrogenase 2, mitochondrial OS=Arabidopsis thaliana OX=3702 GN=LPD2 PE=1 SV=1	False
Q9M5K3	0.34	0.096777416	0.143049551	LPD1	MEM	Dihydrolipoyl dehydrogenase 1, mitochondrial OS=Arabidopsis thaliana OX=3702 GN=LPD1 PE=1 SV=2	False
Q9M5P2	-0.31	0.103601519	0.151212332	SCAMP3	MEM	Secretory carrier-associated membrane protein 3 OS=Arabidopsis thaliana OX=3702 GN=SCAMP3 PE=1 SV=1	False
Q9M651	-0.13	0.070661673	0.111847885	RANGAP2	MEM	RAN GTPase-activating protein 2 OS=Arabidopsis thaliana OX=3702 GN=RANGAP2 PE=1 SV=2	False
Q9M667	-0.84	0.002518922	0.01435214	RPP13	MEM	Disease resistance protein RPP13 OS=Arabidopsis thaliana OX=3702 GN=RPP13 PE=2 SV=2	True
Q9M7Q7	1.42	3.20769e-05	0.003642269	PCNA	MEM	Proliferating cellular nuclear antigen 1 OS=Arabidopsis thaliana OX=3702 GN=PCNA PE=1 SV=2	True
Q9M7T0	1.17	0.000430299	0.006858953	PRXIIF	MEM	Peroxiredoxin-2F, mitochondrial OS=Arabidopsis thaliana OX=3702 GN=PRXIIF PE=1 SV=2	True
Q9M7X9	-0.18	0.178717028	0.236213532	CITRX	MEM	Thioredoxin-like protein CITRX, chloroplastic OS=Arabidopsis thaliana OX=3702 GN=CITRX PE=1 SV=1	False
Q9M7Z1	1.79	0.000114255	0.004319756	BCE2	MEM	Lipoamide acyltransferase component of branched-chain alpha-keto acid dehydrogenase complex, mitochondrial OS=Arabidopsis thaliana OX=3702 GN=BCE2 PE=1 SV=1	True
Q9M817	-0.55	0.021892553	0.047715925	NPF1.2	MEM	Protein NRT1/ PTR FAMILY 1.2 OS=Arabidopsis thaliana OX=3702 GN=NPF1.2 PE=1 SV=1	True
Q9M876	-0.03	0.243649262	0.351837868	EMB2768	SOL	Tyrosine--tRNA ligase, chloroplastic/mitochondrial OS=Arabidopsis thaliana OX=3702 GN=EMB2768 PE=2 SV=1	False
Q9M879	-0.17	0.052085901	0.13604581	S-ACP-DES5	SOL	Stearoyl-[acyl-carrier-protein] 9-desaturase 5, chloroplastic OS=Arabidopsis thaliana OX=3702 GN=S-ACP-DES5 PE=1 SV=1	False
Q9M885	0.97	0.004832863	0.020194154	RPS7B	MEM	40S ribosomal protein S7-2 OS=Arabidopsis thaliana OX=3702 GN=RPS7B PE=2 SV=1	True
Q9M888	-0.14	0.022977698	0.049388675	CCT6A	MEM	T-complex protein 1 subunit zeta 1 OS=Arabidopsis thaliana OX=3702 GN=CCT6A PE=1 SV=1	True
Q9M892	2.64	0.000130785	0.004436412	At3g02480	MEM	AT3g02480/F16B3_11 OS=Arabidopsis thaliana OX=3702 GN=At3g02480 PE=1 SV=1	True
Q9M895	-0.79	0.000870132	0.009199559	FTSHI3	MEM	Probable inactive ATP-dependent zinc metalloprotease FTSHI 3, chloroplastic OS=Arabidopsis thaliana OX=3702 GN=FTSHI3 PE=1 SV=1	True
Q9M8D3	-0.08	0.179807059	0.285074943	At1g74260	SOL	Probable phosphoribosylformylglycinamidine synthase, chloroplastic/mitochondrial OS=Arabidopsis thaliana OX=3702 GN=At1g74260 PE=2 SV=3	False
Q9M8K7	1.11	0.000548433	0.007606893	DSPTP1B	MEM	Dual specificity protein phosphatase 1B OS=Arabidopsis thaliana OX=3702 GN=DSPTP1B PE=1 SV=1	True
Q9M8L6	-0.21	0.246845286	0.308282924	PTAC17	MEM	At1g80480 OS=Arabidopsis thaliana OX=3702 GN=PTAC17 PE=1 SV=1	False
Q9M8M7	0.22	0.168567087	0.224329649	WIN1	MEM	Acetylornithine aminotransferase, chloroplastic/mitochondrial OS=Arabidopsis thaliana OX=3702 GN=WIN1 PE=1 SV=1	False
Q9M8R6	2.16	0.002122288	0.013170959	At3g02740	MEM	Eukaryotic aspartyl protease family protein OS=Arabidopsis thaliana OX=3702 GN=At3g02740 PE=1 SV=1	True
Q9M8R7	-0.23	0.035410681	0.066775864	PPC6-1	MEM	Probable protein phosphatase 2C 33 OS=Arabidopsis thaliana OX=3702 GN=PPC6-1 PE=1 SV=1	False
Q9M8R9	0.26	0.023235823	0.090876528	At3g02770	SOL	Putative 4-hydroxy-4-methyl-2-oxoglutarate aldolase 1 OS=Arabidopsis thaliana OX=3702 GN=At3g02770 PE=2 SV=1	False
Q9M8T0	0.55	0.015801346	0.038918234	At3g02880	MEM	Probable inactive receptor kinase At3g02880 OS=Arabidopsis thaliana OX=3702 GN=At3g02880 PE=1 SV=1	True
Q9M8X9	-0.75	0.008561361	0.027965105	RPS16B	MEM	40S ribosomal protein S16-2 OS=Arabidopsis thaliana OX=3702 GN=RPS16B PE=1 SV=1	True
Q9M8Z7	-0.12	0.125156866	0.227227136	UGT80A2	SOL	Sterol 3-beta-glucosyltransferase UGT80A2 OS=Arabidopsis thaliana OX=3702 GN=UGT80A2 PE=1 SV=1	False
Q9M9E0	-0.22	0.332658024	0.396281376	LECRKS1	MEM	L-type lectin-domain containing receptor kinase S.1 OS=Arabidopsis thaliana OX=3702 GN=LECRKS1 PE=1 SV=1	False
Q9M9E1	-2.34	0.00062889	0.007921046	ABCG40	MEM	ABC transporter G family member 40 OS=Arabidopsis thaliana OX=3702 GN=ABCG40 PE=1 SV=1	True
Q9M9E8	-0.48	0.098529762	0.145200933	At1g78280	MEM	F-box protein At1g78280 OS=Arabidopsis thaliana OX=3702 GN=At1g78280 PE=2 SV=3	False
Q9M9H6	-0.34	0.048677897	0.083988805	CK1	MEM	Probable choline kinase 1 OS=Arabidopsis thaliana OX=3702 GN=CK1 PE=2 SV=1	False
Q9M9K1	0.4	0.00474234	0.019941434	PGM2	MEM	Probable 2,3-bisphosphoglycerate-independent phosphoglycerate mutase 2 OS=Arabidopsis thaliana OX=3702 GN=PGM2 PE=1 SV=1	True
Q9M9M7	-3.48	0.000207381	0.005003995	At3g03080	MEM	Putative NADP-dependent oxidoreductase OS=Arabidopsis thaliana OX=3702 GN=At3g03080 PE=1 SV=1	True
Q9M9M9	-0.3	0.054852707	0.091680973	At3g03100	MEM	Probable NADH dehydrogenase [ubiquinone] 1 alpha subcomplex subunit 12 OS=Arabidopsis thaliana OX=3702 GN=At3g03100 PE=1 SV=1	False
Q9M9P3	0.13	0.196626581	0.25498895	UGP2	MEM	UTP--glucose-1-phosphate uridylyltransferase 2 OS=Arabidopsis thaliana OX=3702 GN=UGP2 PE=1 SV=1	False
Q9M9P5	0.45	0.010968481	0.065088203	At3g03270	SOL	Adenine nucleotide alpha hydrolases-like superfamily protein OS=Arabidopsis thaliana OX=3702 GN=At3g03270 PE=1 SV=1	False
Q9M9Q6	-0.4	0.01073473	0.064434391	SCPL50	SOL	Serine carboxypeptidase-like 50 OS=Arabidopsis thaliana OX=3702 GN=SCPL50 PE=2 SV=1	False
Q9M9S3	-0.05	0.679400149	0.746506359	WHY1	SOL	Single-stranded DNA-binding protein WHY1, chloroplastic OS=Arabidopsis thaliana OX=3702 GN=WHY1 PE=1 SV=1	False
Q9M9T2	-0.38	0.013838631	0.072527525	At1g14300	SOL	Protein HGH1 homolog OS=Arabidopsis thaliana OX=3702 GN=At1g14300 PE=1 SV=1	False
Q9M9V7	0.28	0.209542789	0.268887205	NPF2.9	MEM	Protein NRT1/ PTR FAMILY 2.9 OS=Arabidopsis thaliana OX=3702 GN=NPF2.9 PE=1 SV=1	False
Q9M9W1	0.83	0.004744908	0.019943205	RPL22B	MEM	60S ribosomal protein L22-2 OS=Arabidopsis thaliana OX=3702 GN=RPL22B PE=2 SV=1	True
Q9M9W5	-0.2	0.373335805	0.477661565	At3g05600	SOL	Alpha/beta-Hydrolases superfamily protein OS=Arabidopsis thaliana OX=3702 GN=At3g05600 PE=1 SV=1	False
Q9M9Y8	-0.41	0.015759861	0.038858156	CRTISO	MEM	Prolycopene isomerase, chloroplastic OS=Arabidopsis thaliana OX=3702 GN=CRTISO PE=1 SV=2	True
Q9MA15	-1.06	0.000935545	0.009448905	ABC1K3	MEM	Protein ACTIVITY OF BC1 COMPLEX KINASE 3, chloroplastic OS=Arabidopsis thaliana OX=3702 GN=ABC1K3 PE=1 SV=1	True
Q9MA55	-0.04	0.280939115	0.390070733	ACBP4	SOL	Acyl-CoA-binding domain-containing protein 4 OS=Arabidopsis thaliana OX=3702 GN=ACBP4 PE=1 SV=1	False
Q9MA62	-0.23	0.203883059	0.310716778	RALFL22	SOL	Protein RALF-like 22 OS=Arabidopsis thaliana OX=3702 GN=RALFL22 PE=3 SV=1	False
Q9MA75	-0.04	0.383940818	0.487377541	VIP1	SOL	Transcription factor VIP1 OS=Arabidopsis thaliana OX=3702 GN=VIP1 PE=1 SV=1	False
Q9MA79	0.52	0.036016202	0.067656876	CYFBP	MEM	Fructose-1,6-bisphosphatase, cytosolic OS=Arabidopsis thaliana OX=3702 GN=CYFBP PE=1 SV=1	False
Q9MA96	-0.65	0.011579872	0.032713492	At3g05230	MEM	Signal peptidase complex subunit 3A OS=Arabidopsis thaliana OX=3702 GN=At3g05230 PE=2 SV=1	True
Q9MAA1	-0.31	0.110848426	0.211969804	At3g05180	SOL	GDSL esterase/lipase At3g05180 OS=Arabidopsis thaliana OX=3702 GN=At3g05180 PE=2 SV=1	False
Q9MAB3	-0.31	0.08446034	0.128459893	NOP5-2	MEM	Probable nucleolar protein 5-2 OS=Arabidopsis thaliana OX=3702 GN=NOP5-2 PE=1 SV=1	False
Q9MAB4	-0.11	0.290826754	0.35407481	At3g05050	MEM	AT3g05050/T12H1_1 OS=Arabidopsis thaliana OX=3702 GN=At3g05050 PE=1 SV=1	False
Q9MAC8	-0.62	0.000247049	0.005376645	SS2	MEM	Starch synthase 2, chloroplastic/amyloplastic OS=Arabidopsis thaliana OX=3702 GN=SS2 PE=1 SV=1	True
Q9MAH0	0.11	0.220081759	0.280498635	PPC1	MEM	Phosphoenolpyruvate carboxylase 1 OS=Arabidopsis thaliana OX=3702 GN=PPC1 PE=1 SV=1	False
Q9MAH3	-0.37	0.053061005	0.137498676	DJ1B	SOL	Protein DJ-1 homolog B OS=Arabidopsis thaliana OX=3702 GN=DJ1B PE=1 SV=1	False
Q9MAK9	-0.37	0.016074538	0.039372873	RPT4B	MEM	26S proteasome regulatory subunit S10B homolog B OS=Arabidopsis thaliana OX=3702 GN=RPT4B PE=1 SV=1	True
Q9MAL9	-0.16	0.186827388	0.244949106	GIF2	MEM	GRF1-interacting factor 2 OS=Arabidopsis thaliana OX=3702 GN=GIF2 PE=1 SV=1	False
Q9MAP3	0.59	0.119761388	0.220995002	RPL11	SOL	50S ribosomal protein L11, chloroplastic OS=Arabidopsis thaliana OX=3702 GN=RPL11 PE=2 SV=1	False
Q9MAP7	0.95	0.00094482	0.026197602	SBT3.5	SOL	Subtilisin-like protease SBT3.5 OS=Arabidopsis thaliana OX=3702 GN=SBT3.5 PE=1 SV=1	True
Q9MAQ0	-0.92	3.41536e-05	0.003642269	GBSS1	MEM	Granule-bound starch synthase 1, chloroplastic/amyloplastic OS=Arabidopsis thaliana OX=3702 GN=GBSS1 PE=1 SV=1	True
Q9MAR2	0.46	0.046741546	0.081525749	At1g43860	MEM	At1g43860 OS=Arabidopsis thaliana OX=3702 GN=At1g43860 PE=1 SV=1	False
Q9MAS9	0.97	0.017049892	0.040728636	At1g04800	MEM	At1g04800 OS=Arabidopsis thaliana OX=3702 GN=At1g04800 PE=1 SV=1	True
Q9MAT0	0.14	0.091412608	0.136295658	RPN2B	MEM	26S proteasome non-ATPase regulatory subunit 1 homolog B OS=Arabidopsis thaliana OX=3702 GN=RPN2B PE=1 SV=1	False
Q9MAT3	-0.77	0.030504593	0.104605275	F13M7.16	SOL	F13M7.16 protein OS=Arabidopsis thaliana OX=3702 GN=F13M7.16 PE=1 SV=1	False
Q9MAT5	0.09	0.564571823	0.648692017	PRMT10	SOL	Protein arginine N-methyltransferase PRMT10 OS=Arabidopsis thaliana OX=3702 GN=PRMT10 PE=1 SV=1	False
Q9MAU6	-0.06	0.522400822	0.613258206	PDIL2-2	SOL	Protein disulfide-isomerase like 2-2 OS=Arabidopsis thaliana OX=3702 GN=PDIL2-2 PE=2 SV=2	False
Q9MB58	-0.21	0.190115489	0.248242692	FKFBP	MEM	6-phosphofructo-2-kinase/fructose-2,6-bisphosphatase OS=Arabidopsis thaliana OX=3702 GN=FKFBP PE=1 SV=1	False
Q9MBA1	0.41	0.021904762	0.047715925	CAO	MEM	Chlorophyllide a oxygenase, chloroplastic OS=Arabidopsis thaliana OX=3702 GN=CAO PE=1 SV=1	True
Q9MBA2	-0.45	0.044608358	0.127025551	MIND1	SOL	Putative septum site-determining protein minD homolog, chloroplastic OS=Arabidopsis thaliana OX=3702 GN=MIND1 PE=1 SV=1	False
Q9MBH1	-0.06	0.203132781	0.310082106	AIG2C	SOL	Protein AIG2 C OS=Arabidopsis thaliana OX=3702 GN=AIG2C PE=1 SV=1	False
Q9MBH2	-0.31	0.006026223	0.050036799	AIG2B	SOL	Protein AIG2 B OS=Arabidopsis thaliana OX=3702 GN=AIG2B PE=2 SV=1	False
Q9S6Z7	-0.58	0.118445794	0.168873391	CYSD1	MEM	Bifunctional L-3-cyanoalanine synthase/cysteine synthase D1 OS=Arabidopsis thaliana OX=3702 GN=CYSD1 PE=1 SV=1	False
Q9S713	-1.22	0.002691057	0.014785848	STN7	MEM	Serine/threonine-protein kinase STN7, chloroplastic OS=Arabidopsis thaliana OX=3702 GN=STN7 PE=1 SV=1	True
Q9S714	-1.26	0.000522246	0.007455037	PSAE2	MEM	Photosystem I reaction center subunit IV B, chloroplastic OS=Arabidopsis thaliana OX=3702 GN=PSAE2 PE=2 SV=1	True
Q9S720	1.85	0.001055542	0.00976055	PPD3	MEM	PsbP domain-containing protein 3, chloroplastic OS=Arabidopsis thaliana OX=3702 GN=PPD3 PE=1 SV=2	True
Q9S726	0.1	0.243137271	0.351303336	RPI3	SOL	Probable ribose-5-phosphate isomerase 3, chloroplastic OS=Arabidopsis thaliana OX=3702 GN=RPI3 PE=1 SV=1	False
Q9S752	0.9	0.001443169	0.010970824	LOG2	MEM	Probable E3 ubiquitin-protein ligase LOG2 OS=Arabidopsis thaliana OX=3702 GN=LOG2 PE=1 SV=1	True
Q9S756	1.18	0.017225039	0.040939204	FER4	MEM	Ferritin-4, chloroplastic OS=Arabidopsis thaliana OX=3702 GN=FER4 PE=2 SV=1	True
Q9S757	0.12	0.380421152	0.444071569	CYSC1	MEM	Bifunctional L-3-cyanoalanine synthase/cysteine synthase C1, mitochondrial OS=Arabidopsis thaliana OX=3702 GN=CYSC1 PE=1 SV=1	False
Q9S762	-0.2	0.017799373	0.080824591	HISN1A	SOL	ATP phosphoribosyltransferase 1, chloroplastic OS=Arabidopsis thaliana OX=3702 GN=HISN1A PE=1 SV=1	False
Q9S791	0.22	0.31502493	0.37882074	F15H11.2	MEM	AT1G70770 protein OS=Arabidopsis thaliana OX=3702 GN=F15H11.2 PE=1 SV=1	False
Q9S7A3	-0.21	0.012126111	0.033441042	At4g10100	MEM	Molybdopterin synthase sulfur carrier subunit OS=Arabidopsis thaliana OX=3702 GN=At4g10100 PE=3 SV=1	True
Q9S7B5	0.25	0.002174005	0.013335332	TS1	MEM	Threonine synthase 1, chloroplastic OS=Arabidopsis thaliana OX=3702 GN=TS1 PE=1 SV=1	True
Q9S7C0	-0.22	0.008226601	0.056761256	HSP70-14	SOL	Heat shock 70 kDa protein 14 OS=Arabidopsis thaliana OX=3702 GN=HSP70-14 PE=1 SV=1	False
Q9S7D2	-0.13	0.159904194	0.263352851	F17A17.1	SOL	Putative ribulose-1,5-bisphosphate carboxylase/oxygenase small subunit N-methyltransferase I OS=Arabidopsis thaliana OX=3702 GN=F17A17.1 PE=1 SV=1	False
Q9S7D8	-1.28	0.006817109	0.024846421	APS4	MEM	ATP sulfurylase 4, chloroplastic OS=Arabidopsis thaliana OX=3702 GN=APS4 PE=2 SV=1	True
Q9S7E4	-0.1	0.073378125	0.115050263	FDH1	MEM	Formate dehydrogenase, chloroplastic/mitochondrial OS=Arabidopsis thaliana OX=3702 GN=FDH1 PE=1 SV=1	False
Q9S7E9	-0.71	0.003420635	0.016582151	GGAT2	MEM	Glutamate--glyoxylate aminotransferase 2 OS=Arabidopsis thaliana OX=3702 GN=GGAT2 PE=1 SV=1	True
Q9S7G6	0.06	0.690311193	0.754833941	PNP2	SOL	Polyribonucleotide nucleotidyltransferase 2, mitochondrial OS=Arabidopsis thaliana OX=3702 GN=PNP2 PE=2 SV=1	False
Q9S7H1	1.69	0.002939859	0.015330076	psaD1	MEM	Photosystem I reaction center subunit II-1, chloroplastic OS=Arabidopsis thaliana OX=3702 GN=psaD1 PE=1 SV=1	True
Q9S7H4	-0.12	0.151402576	0.255823218	CM2	SOL	Chorismate mutase 2 OS=Arabidopsis thaliana OX=3702 GN=CM2 PE=1 SV=1	False
Q9S7I3	2.04	9.35264e-06	0.002789082	LTP2	MEM	Non-specific lipid-transfer protein 2 OS=Arabidopsis thaliana OX=3702 GN=LTP2 PE=3 SV=1	True
Q9S7L9	0.88	0.033253205	0.109000691	COX6B-1	SOL	Cytochrome c oxidase subunit 6b-1 OS=Arabidopsis thaliana OX=3702 GN=COX6B-1 PE=1 SV=1	False
Q9S7M0	-0.83	0.023823114	0.050695719	LHCB3	MEM	Chlorophyll a-b binding protein 3, chloroplastic OS=Arabidopsis thaliana OX=3702 GN=LHCB3 PE=1 SV=1	False
Q9S7N7	-0.91	0.005145853	0.02096467	PSAG	MEM	Photosystem I reaction center subunit V, chloroplastic OS=Arabidopsis thaliana OX=3702 GN=PSAG PE=1 SV=1	True
Q9S7P9	0.88	0.014842098	0.074827628	SNAP33	SOL	SNAP25 homologous protein SNAP33 OS=Arabidopsis thaliana OX=3702 GN=SNAP33 PE=1 SV=1	False
Q9S7Q2	-0.25	0.006467161	0.050732954	PTAC2	SOL	Pentatricopeptide repeat-containing protein At1g74850, chloroplastic OS=Arabidopsis thaliana OX=3702 GN=PTAC2 PE=2 SV=1	False
Q9S7S3	4.65	0.000617334	0.007891849	M17	MEM	Late embryogenesis abundant protein M17 OS=Arabidopsis thaliana OX=3702 GN=M17 PE=2 SV=1	True
Q9S7U9	1.13	0.000851609	0.009136268	MKK2	MEM	Mitogen-activated protein kinase kinase 2 OS=Arabidopsis thaliana OX=3702 GN=MKK2 PE=1 SV=2	True
Q9S7W4	-0.2	0.934661089	0.949653278	F17A17.6	SOL	AT3g07720/F17A17_6 OS=Arabidopsis thaliana OX=3702 GN=F17A17.6 PE=1 SV=1	False
Q9S7Y7	0.23	0.03115881	0.105871566	XYL1	SOL	Alpha-xylosidase 1 OS=Arabidopsis thaliana OX=3702 GN=XYL1 PE=1 SV=1	False
Q9S7Z3	-0.63	0.000425274	0.006831782	PCS1	MEM	Glutathione gamma-glutamylcysteinyltransferase 1 OS=Arabidopsis thaliana OX=3702 GN=PCS1 PE=1 SV=1	True
Q9S7Z8	-0.2	0.2750713	0.338529677	PIN3	MEM	Auxin efflux carrier component 3 OS=Arabidopsis thaliana OX=3702 GN=PIN3 PE=1 SV=1	False
Q9S814	-0.04	0.533250658	0.589659491	EIN2	MEM	Ethylene-insensitive protein 2 OS=Arabidopsis thaliana OX=3702 GN=EIN2 PE=1 SV=1	False
Q9S818	-0.2	0.431962541	0.530564238	F3H	SOL	Naringenin,2-oxoglutarate 3-dioxygenase OS=Arabidopsis thaliana OX=3702 GN=F3H PE=1 SV=1	False
Q9S825	-0.46	0.038235827	0.116971932	At1g77840	SOL	Probable eukaryotic translation initiation factor 5-2 OS=Arabidopsis thaliana OX=3702 GN=At1g77840 PE=1 SV=1	False
Q9S829	-0.18	0.046661727	0.129216554	ndhO	SOL	NAD(P)H-quinone oxidoreductase subunit O, chloroplastic OS=Arabidopsis thaliana OX=3702 GN=ndhO PE=2 SV=1	False
Q9S831	-0.58	0.000615296	0.007891849	PSAE1	MEM	Photosystem I reaction center subunit IV A, chloroplastic OS=Arabidopsis thaliana OX=3702 GN=PSAE1 PE=1 SV=1	True
Q9S834	0.08	0.172883981	0.22924144	CLPP5	MEM	ATP-dependent Clp protease proteolytic subunit 5, chloroplastic OS=Arabidopsis thaliana OX=3702 GN=CLPP5 PE=1 SV=1	False
Q9S841	0.72	0.002016426	0.012878796	PSBO2	MEM	Oxygen-evolving enhancer protein 1-2, chloroplastic OS=Arabidopsis thaliana OX=3702 GN=PSBO2 PE=1 SV=1	True
Q9S850	0.24	0.045125032	0.127645264	SOX	SOL	Sulfite oxidase OS=Arabidopsis thaliana OX=3702 GN=SOX PE=1 SV=1	False
Q9S9M7	-0.59	0.000631863	0.024468046	At1g16080	SOL	Nuclear protein OS=Arabidopsis thaliana OX=3702 GN=At1g16080 PE=1 SV=1	True
Q9S9N6	-1.34	0.002527112	0.014381172	PNSB1	MEM	Photosynthetic NDH subunit of subcomplex B 1, chloroplastic OS=Arabidopsis thaliana OX=3702 GN=PNSB1 PE=2 SV=1	True
Q9S9N9	-0.23	0.039385019	0.118178913	CCR1	SOL	Cinnamoyl-CoA reductase 1 OS=Arabidopsis thaliana OX=3702 GN=CCR1 PE=1 SV=1	False
Q9S9P1	0.7	0.005936848	0.022835733	RPS12A	MEM	40S ribosomal protein S12-1 OS=Arabidopsis thaliana OX=3702 GN=RPS12A PE=2 SV=1	True
Q9S9P6	-0.59	0.05885917	0.145503157	UGT78D1	SOL	Flavonol-3-O-rhamnosyltransferase OS=Arabidopsis thaliana OX=3702 GN=UGT78D1 PE=1 SV=1	False
Q9S9P8	0.46	0.138745727	0.242364714	RFNR2	SOL	Ferredoxin--NADP reductase, root isozyme 2, chloroplastic OS=Arabidopsis thaliana OX=3702 GN=RFNR2 PE=1 SV=1	False
Q9S9Q9	-0.3	0.054923213	0.091732821	At1g30440	MEM	BTB/POZ domain-containing protein At1g30440 OS=Arabidopsis thaliana OX=3702 GN=At1g30440 PE=1 SV=2	False
Q9S9U1	0.37	0.177674841	0.235003174	LECRK71	MEM	L-type lectin-domain containing receptor kinase VII.1 OS=Arabidopsis thaliana OX=3702 GN=LECRK71 PE=2 SV=1	False
Q9S9V0	0.08	0.750983657	0.788842672	CPK31	MEM	Calcium-dependent protein kinase 31 OS=Arabidopsis thaliana OX=3702 GN=CPK31 PE=2 SV=2	False
Q9S9W2	-0.84	0.038158975	0.070578576	SDRA	MEM	Short-chain dehydrogenase/reductase SDRA OS=Arabidopsis thaliana OX=3702 GN=SDRA PE=1 SV=1	False
Q9S9Z7	0.52	0.025420945	0.053093854	At1g34750	MEM	Probable protein phosphatase 2C 10 OS=Arabidopsis thaliana OX=3702 GN=At1g34750 PE=2 SV=1	False
Q9S9Z8	0.57	0.033185951	0.108876294	GRF11	SOL	14-3-3-like protein GF14 omicron OS=Arabidopsis thaliana OX=3702 GN=GRF11 PE=2 SV=2	False
Q9SA18	-0.69	0.005183279	0.021021466	AKHSDH1	MEM	Bifunctional aspartokinase/homoserine dehydrogenase 1, chloroplastic OS=Arabidopsis thaliana OX=3702 GN=AKHSDH1 PE=1 SV=1	True
Q9SA23	0.32	0.130123765	0.182059643	SYP51	MEM	Syntaxin-51 OS=Arabidopsis thaliana OX=3702 GN=SYP51 PE=1 SV=1	False
Q9SA25	-0.49	0.009201066	0.029014681	WAKL8	MEM	Wall-associated receptor kinase-like 8 OS=Arabidopsis thaliana OX=3702 GN=WAKL8 PE=2 SV=1	True
Q9SA34	0.35	0.027981836	0.056590904	At1g16350	MEM	Inosine-5'-monophosphate dehydrogenase 2 OS=Arabidopsis thaliana OX=3702 GN=At1g16350 PE=1 SV=1	False
Q9SA55	-0.33	0.24514634	0.306507872	At1g03140	MEM	Pre-mRNA-splicing factor 18 OS=Arabidopsis thaliana OX=3702 GN=At1g03140 PE=1 SV=1	False
Q9SA56	-0.41	0.068450338	0.108978754	PSAD2	MEM	Photosystem I reaction center subunit II-2, chloroplastic OS=Arabidopsis thaliana OX=3702 GN=PSAD2 PE=1 SV=1	False
Q9SA72	0.1	0.619468365	0.671467113	At1g30570	MEM	Probable receptor-like protein kinase At1g30570 OS=Arabidopsis thaliana OX=3702 GN=At1g30570 PE=3 SV=1	False
Q9SA73	0.14	0.079771186	0.122978373	YchF1	MEM	Obg-like ATPase 1 OS=Arabidopsis thaliana OX=3702 GN=YchF1 PE=1 SV=1	False
Q9SA78	0.32	0.090585584	0.135317768	At1g30630	MEM	Coatomer subunit epsilon-1 OS=Arabidopsis thaliana OX=3702 GN=At1g30630 PE=2 SV=1	False
Q9SA85	-0.39	0.012563339	0.034032616	At1g30700	MEM	Berberine bridge enzyme-like 8 OS=Arabidopsis thaliana OX=3702 GN=At1g30700 PE=2 SV=1	True
Q9SA87	0.76	0.051001112	0.135278247	At1g30720	SOL	Berberine bridge enzyme-like 10 OS=Arabidopsis thaliana OX=3702 GN=At1g30720 PE=2 SV=1	False
Q9SA88	1.11	0.020049756	0.084865525	At1g30730	SOL	Berberine bridge enzyme-like 11 OS=Arabidopsis thaliana OX=3702 GN=At1g30730 PE=2 SV=1	False
Q9SAA2	0.06	0.113814086	0.163600046	CLPP6	MEM	ATP-dependent Clp protease proteolytic subunit 6, chloroplastic OS=Arabidopsis thaliana OX=3702 GN=CLPP6 PE=1 SV=1	False
Q9SAB3	-0.39	0.004119268	0.018421655	RBP45B	MEM	Polyadenylate-binding protein RBP45B OS=Arabidopsis thaliana OX=3702 GN=RBP45B PE=1 SV=1	True
Q9SAC6	0.42	0.006554705	0.024290163	GWD1	MEM	Alpha-glucan water dikinase 1, chloroplastic OS=Arabidopsis thaliana OX=3702 GN=GWD1 PE=1 SV=2	True
Q9SAD7	0.27	0.001711692	0.034565294	EIF4B2	SOL	Eukaryotic translation initiation factor 4B2 OS=Arabidopsis thaliana OX=3702 GN=EIF4B2 PE=1 SV=1	True
Q9SAE3	-0.95	0.000991346	0.009642458	CYP71B28	MEM	Cytochrome P450 71B28 OS=Arabidopsis thaliana OX=3702 GN=CYP71B28 PE=2 SV=1	True
Q9SAG7	-1.21	0.004954225	0.020504645	At1g80930	MEM	At1g80930/F23A5_23 OS=Arabidopsis thaliana OX=3702 GN=At1g80930 PE=1 SV=1	True
Q9SAI5	-0.27	0.004558205	0.045351432	RPL7A	SOL	60S ribosomal protein L7-1 OS=Arabidopsis thaliana OX=3702 GN=RPL7A PE=2 SV=1	True
Q9SAJ2	0.02	0.97256176	0.976660519	At1g79570	MEM	Kinase superfamily with octicosapeptide/Phox/Bem1p domain-containing protein OS=Arabidopsis thaliana OX=3702 GN=At1g79570 PE=1 SV=1	False
Q9SAJ4	0.34	0.045503445	0.07998175	PGK3	MEM	Phosphoglycerate kinase 3, cytosolic OS=Arabidopsis thaliana OX=3702 GN=PGK3 PE=1 SV=1	False
Q9SAJ6	0.56	0.000863464	0.009176044	GAPCP1	MEM	Glyceraldehyde-3-phosphate dehydrogenase GAPCP1, chloroplastic OS=Arabidopsis thaliana OX=3702 GN=GAPCP1 PE=1 SV=1	True
Q9SAK4	0.43	0.069004123	0.109728835	ALDH5F1	MEM	Succinate-semialdehyde dehydrogenase, mitochondrial OS=Arabidopsis thaliana OX=3702 GN=ALDH5F1 PE=1 SV=2	False
Q9SAL0	-0.44	0.138697331	0.242364714	RGLG4	SOL	E3 ubiquitin-protein ligase RGLG4 OS=Arabidopsis thaliana OX=3702 GN=RGLG4 PE=1 SV=1	False
Q9SAU2	-0.02	0.287330285	0.396279017	RPE	SOL	Ribulose-5-phosphate-3-epimerase, chloroplastic OS=Arabidopsis thaliana OX=3702 GN=RPE PE=2 SV=1	False
Q9SAV0	-1.0	0.000508926	0.023597535	MBP1	SOL	Myrosinase-binding protein 1 OS=Arabidopsis thaliana OX=3702 GN=MBP1 PE=2 SV=1	True
Q9SAV3	-0.1	0.268882028	0.378062885	BCDH	SOL	2-oxoisovalerate dehydrogenase subunit beta 1, mitochondrial OS=Arabidopsis thaliana OX=3702 GN=BCDH BETA1 PE=2 SV=1	False
Q9SB42	0.05	0.478682901	0.575116028	GEBPL	SOL	GLABROUS1 enhancer-binding protein-like OS=Arabidopsis thaliana OX=3702 GN=GEBPL PE=1 SV=1	False
Q9SB48	-0.05	0.705428971	0.74903467	ATR1	MEM	NADPH--cytochrome P450 reductase 1 OS=Arabidopsis thaliana OX=3702 GN=ATR1 PE=1 SV=1	False
Q9SB50	-0.3	0.031266396	0.106043171	AP4M	SOL	AP-4 complex subunit mu OS=Arabidopsis thaliana OX=3702 GN=AP4M PE=2 SV=1	False
Q9SB63	2.45	0.000117493	0.004332793	MOS1	MEM	Protein MODIFIER OF SNC1 1 OS=Arabidopsis thaliana OX=3702 GN=MOS1 PE=1 SV=2	True
Q9SB81	0.07	0.990291476	0.992428315	PER42	SOL	Peroxidase 42 OS=Arabidopsis thaliana OX=3702 GN=PER42 PE=1 SV=2	False
Q9SBA5	0.02	0.459115373	0.556192751	ITPK1	SOL	Inositol-tetrakisphosphate 1-kinase 1 OS=Arabidopsis thaliana OX=3702 GN=ITPK1 PE=1 SV=1	False
Q9SBJ1	-0.63	3.82075e-05	0.003642269	PDK	MEM	[Pyruvate dehydrogenase (acetyl-transferring)] kinase, mitochondrial OS=Arabidopsis thaliana OX=3702 GN=PDK PE=1 SV=1	True
Q9SCK3	-0.44	0.028383164	0.057079581	HP30-1	MEM	Chloroplastic import inner membrane translocase subunit HP30-1 OS=Arabidopsis thaliana OX=3702 GN=HP30-1 PE=1 SV=1	False
Q9SCL7	0.24	0.387138659	0.450780548	NAGK	MEM	Acetylglutamate kinase, chloroplastic OS=Arabidopsis thaliana OX=3702 GN=NAGK PE=1 SV=1	False
Q9SCM3	-0.7	0.023580346	0.050282734	RPS2D	MEM	40S ribosomal protein S2-4 OS=Arabidopsis thaliana OX=3702 GN=RPS2D PE=2 SV=1	False
Q9SCN0	-0.76	0.020905242	0.046666446	STL2	MEM	Probable glycosyltransferase STELLO2 OS=Arabidopsis thaliana OX=3702 GN=STL2 PE=1 SV=1	True
Q9SCN8	-0.08	0.822435749	0.8639412	CDC48D	SOL	Cell division control protein 48 homolog D OS=Arabidopsis thaliana OX=3702 GN=CDC48D PE=1 SV=1	False
Q9SCP9	-0.29	0.00076717	0.025005634	VPS37-1	SOL	Vacuolar protein-sorting-associated protein 37 homolog 1 OS=Arabidopsis thaliana OX=3702 GN=VPS37-1 PE=1 SV=1	True
Q9SCS2	-0.7	0.011238505	0.032095705	CRK5	MEM	CDPK-related kinase 5 OS=Arabidopsis thaliana OX=3702 GN=CRK5 PE=2 SV=1	True
Q9SCT4	1.12	0.000964406	0.009575023	IMK2	MEM	Probably inactive leucine-rich repeat receptor-like protein kinase IMK2 OS=Arabidopsis thaliana OX=3702 GN=IMK2 PE=1 SV=1	True
Q9SCU1	0.39	0.020811382	0.046468086	PATL6	MEM	Patellin-6 OS=Arabidopsis thaliana OX=3702 GN=PATL6 PE=2 SV=1	True
Q9SCV3	-0.21	0.316765935	0.424409803	BGAL9	SOL	Beta-galactosidase 9 OS=Arabidopsis thaliana OX=3702 GN=BGAL9 PE=2 SV=1	False
Q9SCV8	0.56	0.025380167	0.053093854	BGAL4	MEM	Beta-galactosidase 4 OS=Arabidopsis thaliana OX=3702 GN=BGAL4 PE=1 SV=1	False
Q9SCW1	0.13	0.033310353	0.063772788	BGAL1	MEM	Beta-galactosidase 1 OS=Arabidopsis thaliana OX=3702 GN=BGAL1 PE=2 SV=1	False
Q9SCX3	2.1	0.000841507	0.009061562	At5g19510	MEM	Elongation factor 1-beta 2 OS=Arabidopsis thaliana OX=3702 GN=At5g19510 PE=1 SV=1	True
Q9SCX8	0.22	0.486793602	0.582815552	PAP17	SOL	Purple acid phosphatase 17 OS=Arabidopsis thaliana OX=3702 GN=PAP17 PE=2 SV=1	False
Q9SCX9	-0.55	0.074458696	0.166176028	DHAPRD	SOL	Glycerol-3-phosphate dehydrogenase [NAD(+)] 1, chloroplastic OS=Arabidopsis thaliana OX=3702 GN=DHAPRD PE=1 SV=1	False
Q9SCY0	-0.13	0.032438495	0.107804319	PGMP	SOL	Phosphoglucomutase, chloroplastic OS=Arabidopsis thaliana OX=3702 GN=PGMP PE=1 SV=2	False
Q9SCY2	0.23	0.298346093	0.407340572	FKBP13	SOL	Peptidyl-prolyl cis-trans isomerase FKBP13, chloroplastic OS=Arabidopsis thaliana OX=3702 GN=FKBP13 PE=1 SV=2	False
Q9SCY3	-1.32	0.000745466	0.008510589	PNSL4	MEM	Photosynthetic NDH subunit of lumenal location 4, chloroplastic OS=Arabidopsis thaliana OX=3702 GN=PNSL4 PE=1 SV=1	True
Q9SCZ4	-0.11	0.180928265	0.238728718	FER	MEM	Receptor-like protein kinase FERONIA OS=Arabidopsis thaliana OX=3702 GN=FER PE=1 SV=1	False
Q9SCZ8	-1.26	0.004397601	0.019176912	F26O13.150	MEM	AT3g51510/F26O13_150 OS=Arabidopsis thaliana OX=3702 GN=F26O13.150 PE=1 SV=1	True
Q9SD07	-0.33	0.068794008	0.109432167	SSL4	MEM	Protein STRICTOSIDINE SYNTHASE-LIKE 4 OS=Arabidopsis thaliana OX=3702 GN=SSL4 PE=1 SV=1	False
Q9SD66	1.43	0.006973903	0.025166236	F13I12.120	MEM	Thylakoid soluble phosphoprotein OS=Arabidopsis thaliana OX=3702 GN=F13I12.120 PE=1 SV=1	True
Q9SD73	0.08	0.333236059	0.396766521	F13I12.50	MEM	Beta-glucosidase OS=Arabidopsis thaliana OX=3702 GN=F13I12.50 PE=1 SV=1	False
Q9SD76	-0.33	0.008134138	0.056532652	PHS2	SOL	Alpha-glucan phosphorylase 2, cytosolic OS=Arabidopsis thaliana OX=3702 GN=PHS2 PE=1 SV=1	False
Q9SD78	0.25	0.223791611	0.284655823	F13G24.260	MEM	Furry OS=Arabidopsis thaliana OX=3702 GN=F13G24.260 PE=1 SV=1	False
Q9SD79	0.44	0.103480723	0.151178487	F13G24.250	MEM	Uncharacterized protein F13G24.250 OS=Arabidopsis thaliana OX=3702 GN=F13G24.250 PE=1 SV=1	False
Q9SD97	-0.65	0.087821156	0.132379886	At5g07870	MEM	HXXXD-type acyl-transferase family protein OS=Arabidopsis thaliana OX=3702 GN=At5g07870 PE=1 SV=1	False
Q9SD98	-0.64	0.037633296	0.069791702	MXM12.10	MEM	HXXXD-type acyl-transferase family protein OS=Arabidopsis thaliana OX=3702 GN=MXM12.10 PE=1 SV=1	False
Q9SDM9	1.03	0.013073655	0.035002441	NSP1	MEM	Nitrile-specifier protein 1 OS=Arabidopsis thaliana OX=3702 GN=NSP1 PE=1 SV=2	True
Q9SDS7	0.1	0.006731885	0.05166362	VHA-C	SOL	V-type proton ATPase subunit C OS=Arabidopsis thaliana OX=3702 GN=VHA-C PE=1 SV=1	False
Q9SDY5	0.71	0.00583985	0.022646143	RCE1	MEM	NEDD8-conjugating enzyme Ubc12 OS=Arabidopsis thaliana OX=3702 GN=RCE1 PE=1 SV=1	True
Q9SE45	-0.2	0.103457773	0.151168725	ANN3	MEM	Annexin D3 OS=Arabidopsis thaliana OX=3702 GN=ANN3 PE=2 SV=2	False
Q9SE50	-1.55	0.000505715	0.023597535	BGLU18	SOL	Beta-D-glucopyranosyl abscisate beta-glucosidase OS=Arabidopsis thaliana OX=3702 GN=BGLU18 PE=1 SV=2	True
Q9SE60	0.45	0.000799748	0.008879398	MTHFR1	MEM	Methylenetetrahydrofolate reductase 1 OS=Arabidopsis thaliana OX=3702 GN=MTHFR1 PE=1 SV=1	True
Q9SE83	-0.32	0.00455982	0.019527675	DRP2A	MEM	Dynamin-2A OS=Arabidopsis thaliana OX=3702 GN=DRP2A PE=1 SV=2	True
Q9SE96	0.4	0.004378111	0.019128251	FIP1	MEM	GEM-like protein 1 OS=Arabidopsis thaliana OX=3702 GN=FIP1 PE=1 SV=1	True
Q9SEE5	0.31	0.017721524	0.041692689	GAL1	MEM	Galactokinase OS=Arabidopsis thaliana OX=3702 GN=GAL1 PE=1 SV=2	True
Q9SEH3	0.25	0.011413886	0.065749293	RABD2C	SOL	Ras-related protein RABD2c OS=Arabidopsis thaliana OX=3702 GN=RABD2C PE=1 SV=1	False
Q9SEI2	0.77	0.004330692	0.01901045	RPT5A	MEM	26S proteasome regulatory subunit 6A homolog A OS=Arabidopsis thaliana OX=3702 GN=RPT5A PE=1 SV=1	True
Q9SEI3	-0.45	0.026673028	0.0549881	RPT4A	MEM	26S proteasome regulatory subunit 10B homolog A OS=Arabidopsis thaliana OX=3702 GN=RPT4A PE=1 SV=1	False
Q9SEI4	-0.33	0.015907102	0.039117411	RPT3	MEM	26S proteasome regulatory subunit 6B homolog OS=Arabidopsis thaliana OX=3702 GN=RPT3 PE=1 SV=1	True
Q9SEL6	0.46	0.004554135	0.019527675	VTI11	MEM	Vesicle transport v-SNARE 11 OS=Arabidopsis thaliana OX=3702 GN=VTI11 PE=1 SV=2	True
Q9SEU6	-0.56	0.168306234	0.224046674	At3g15360	MEM	Thioredoxin M4, chloroplastic OS=Arabidopsis thaliana OX=3702 GN=At3g15360 PE=2 SV=2	False
Q9SEU7	-0.15	0.52190076	0.612773668	GAT1	SOL	Thioredoxin M3, chloroplastic OS=Arabidopsis thaliana OX=3702 GN=GAT1 PE=2 SV=2	False
Q9SEU8	0.5	0.110029825	0.210675504	TRXM2	SOL	Thioredoxin M2, chloroplastic OS=Arabidopsis thaliana OX=3702 GN=TRXM2 PE=1 SV=2	False
Q9SF16	0.29	0.000265314	0.005603563	CCT7	MEM	T-complex protein 1 subunit eta OS=Arabidopsis thaliana OX=3702 GN=CCT7 PE=1 SV=1	True
Q9SF20	1.99	5.72168e-05	0.003659627	F26K24.7	MEM	F26K24.7 protein OS=Arabidopsis thaliana OX=3702 GN=F26K24.7 PE=1 SV=1	True
Q9SF29	0.3	0.157875387	0.2131226	SYP71	MEM	Syntaxin-71 OS=Arabidopsis thaliana OX=3702 GN=SYP71 PE=1 SV=1	False
Q9SF35	0.51	0.078901695	0.171438158	RPS23A	SOL	40S ribosomal protein S23-1 OS=Arabidopsis thaliana OX=3702 GN=RPS23A PE=2 SV=2	False
Q9SF36	-0.14	0.555799717	0.640134485	PDP2	SOL	PWWP domain-containing protein 2 OS=Arabidopsis thaliana OX=3702 GN=PDP2 PE=1 SV=1	False
Q9SF40	0.19	0.159037276	0.262495022	RPL4A	SOL	60S ribosomal protein L4-1 OS=Arabidopsis thaliana OX=3702 GN=RPL4A PE=1 SV=1	False
Q9SF45	-0.54	0.185858946	0.292300069	F11F8_15	SOL	FAD/NAD(P)-binding oxidoreductase family protein OS=Arabidopsis thaliana OX=3702 GN=F11F8_15 PE=1 SV=1	False
Q9SF47	-0.14	0.493399352	0.552162834	PAH1	MEM	Phosphatidate phosphatase PAH1 OS=Arabidopsis thaliana OX=3702 GN=PAH1 PE=1 SV=1	False
Q9SF53	0.57	0.004345515	0.044417503	RPL35A	SOL	60S ribosomal protein L35-1 OS=Arabidopsis thaliana OX=3702 GN=RPL35A PE=2 SV=1	True
Q9SF85	0.42	0.034686124	0.065796725	ADK1	MEM	Adenosine kinase 1 OS=Arabidopsis thaliana OX=3702 GN=ADK1 PE=1 SV=1	False
Q9SF91	0.57	0.088873721	0.133490139	RABE1E	MEM	Ras-related protein RABE1e OS=Arabidopsis thaliana OX=3702 GN=RABE1E PE=1 SV=1	False
Q9SFB1	0.17	0.670982017	0.738457844	F17A17.37	SOL	F17A17.37 protein OS=Arabidopsis thaliana OX=3702 GN=F17A17.37 PE=1 SV=1	False
Q9SFB3	-0.5	0.056476898	0.14202363	ATAB2	SOL	Protein TAB2 homolog, chloroplastic OS=Arabidopsis thaliana OX=3702 GN=ATAB2 PE=2 SV=1	False
Q9SFF6	-0.05	0.490277896	0.585826507	PAE12	SOL	Pectin acetylesterase 12 OS=Arabidopsis thaliana OX=3702 GN=PAE12 PE=2 SV=1	False
Q9SFH9	0.17	0.070750315	0.161370654	HEMB1	SOL	Delta-aminolevulinic acid dehydratase 1, chloroplastic OS=Arabidopsis thaliana OX=3702 GN=HEMB1 PE=2 SV=1	False
Q9SFT9	0.55	0.018390661	0.081735048	T1B9.26	SOL	PPPDE putative thiol peptidase family protein OS=Arabidopsis thaliana OX=3702 GN=T1B9.26 PE=1 SV=1	False
Q9SFU0	-0.45	0.018838606	0.043211107	At3g07100	MEM	Protein transport protein Sec24-like At3g07100 OS=Arabidopsis thaliana OX=3702 GN=At3g07100 PE=2 SV=2	True
Q9SFU1	-0.32	0.063532785	0.102823088	RPL13AA	MEM	60S ribosomal protein L13a-1 OS=Arabidopsis thaliana OX=3702 GN=RPL13AA PE=2 SV=1	False
Q9SFU6	-0.7	0.003177501	0.016083069	CALS9	MEM	Callose synthase 9 OS=Arabidopsis thaliana OX=3702 GN=CALS9 PE=2 SV=2	True
Q9SFU7	0.09	0.125862866	0.228202706	T1B9.17	SOL	AT3g07170/T1B9_17 OS=Arabidopsis thaliana OX=3702 GN=T1B9.17 PE=1 SV=1	False
Q9SFV3	0.25	0.545047579	0.630707509	T1B9.10	SOL	At3g07230 OS=Arabidopsis thaliana OX=3702 GN=T1B9.10 PE=1 SV=1	False
Q9SFX2	-0.2	0.327027465	0.390575277	PUB43	MEM	U-box domain-containing protein 43 OS=Arabidopsis thaliana OX=3702 GN=PUB43 PE=2 SV=1	False
Q9SFX3	-0.33	0.05899627	0.097104559	OST1A	MEM	Dolichyl-diphosphooligosaccharide--protein glycosyltransferase subunit 1A OS=Arabidopsis thaliana OX=3702 GN=OST1A PE=2 SV=1	False
Q9SG80	1.34	0.002127838	0.013173882	ASD1	MEM	Alpha-L-arabinofuranosidase 1 OS=Arabidopsis thaliana OX=3702 GN=ASD1 PE=1 SV=1	True
Q9SGC1	-0.52	0.001184866	0.010210337	At1g70730	MEM	Probable phosphoglucomutase, cytoplasmic 2 OS=Arabidopsis thaliana OX=3702 GN=At1g70730 PE=1 SV=1	True
Q9SGD6	-1.16	0.001608981	0.011528342	ADT6	MEM	Arogenate dehydratase/prephenate dehydratase 6, chloroplastic OS=Arabidopsis thaliana OX=3702 GN=ADT6 PE=1 SV=1	True
Q9SGE0	-0.11	0.536048051	0.623571238	AXS2	SOL	UDP-D-apiose/UDP-D-xylose synthase 2 OS=Arabidopsis thaliana OX=3702 GN=AXS2 PE=2 SV=1	False
Q9SGE9	-0.41	0.04690679	0.12953718	At1g72550	SOL	Phenylalanine--tRNA ligase beta subunit, cytoplasmic OS=Arabidopsis thaliana OX=3702 GN=At1g72550 PE=2 SV=1	False
Q9SGG3	-0.17	0.801647231	0.834365823	ALA5	MEM	Probable phospholipid-transporting ATPase 5 OS=Arabidopsis thaliana OX=3702 GN=ALA5 PE=3 SV=1	False
Q9SGH4	-1.25	0.002530706	0.014384008	PNSL3	MEM	Photosynthetic NDH subunit of lumenal location 3, chloroplastic OS=Arabidopsis thaliana OX=3702 GN=PNSL3 PE=1 SV=1	True
Q9SGH6	1.07	1.48681e-06	0.002302814	DOX1	MEM	Alpha-dioxygenase 1 OS=Arabidopsis thaliana OX=3702 GN=DOX1 PE=1 SV=1	True
Q9SGI3	-0.34	9.11758e-05	0.016285805	At3g01920	SOL	At3g1920/F28J7.25 OS=Arabidopsis thaliana OX=3702 GN=At3g01920 PE=1 SV=1	True
Q9SGP2	0.77	0.016416039	0.03990175	HSL1	MEM	Receptor-like protein kinase HSL1 OS=Arabidopsis thaliana OX=3702 GN=HSL1 PE=2 SV=1	True
Q9SGR6	0.94	0.017256547	0.040982646	sks5	MEM	AT1G76160 protein OS=Arabidopsis thaliana OX=3702 GN=sks5 PE=1 SV=1	True
Q9SGS4	0.04	0.437715678	0.535065834	CDSP32	SOL	Thioredoxin-like protein CDSP32, chloroplastic OS=Arabidopsis thaliana OX=3702 GN=CDSP32 PE=1 SV=1	False
Q9SGT7	-0.1	0.107662396	0.207964457	NOP56	SOL	At1g56110/T6H22_9 OS=Arabidopsis thaliana OX=3702 GN=NOP56 PE=1 SV=1	False
Q9SGW3	1.18	2.75323e-05	0.003642269	RPN12A	MEM	26S proteasome non-ATPase regulatory subunit 8 homolog A OS=Arabidopsis thaliana OX=3702 GN=RPN12A PE=1 SV=1	True
Q9SGW5	0.71	0.026206188	0.054227145	At1g64500	MEM	F1N19.7 OS=Arabidopsis thaliana OX=3702 GN=At1g64500 PE=1 SV=1	False
Q9SGY2	0.24	0.024764426	0.0521377	ACLA-1	MEM	ATP-citrate synthase alpha chain protein 1 OS=Arabidopsis thaliana OX=3702 GN=ACLA-1 PE=1 SV=1	False
Q9SGZ5	0.36	0.001214905	0.030707342	BXL7	SOL	Probable beta-D-xylosidase 7 OS=Arabidopsis thaliana OX=3702 GN=BXL7 PE=2 SV=2	True
Q9SH69	0.27	0.007531369	0.026115302	PGD1	MEM	6-phosphogluconate dehydrogenase, decarboxylating 1, chloroplastic OS=Arabidopsis thaliana OX=3702 GN=PGD1 PE=1 SV=1	True
Q9SHA0	2.03	0.005382708	0.047112964	At2g37870	SOL	Bifunctional inhibitor/lipid-transfer protein/seed storage 2S albumin superfamily protein OS=Arabidopsis thaliana OX=3702 GN=At2g37870 PE=1 SV=1	True
Q9SHC8	0.32	0.151664897	0.206266924	PVA12	MEM	Vesicle-associated protein 1-2 OS=Arabidopsis thaliana OX=3702 GN=PVA12 PE=1 SV=1	False
Q9SHE8	-1.25	0.004067361	0.018233473	PSAF	MEM	Photosystem I reaction center subunit III, chloroplastic OS=Arabidopsis thaliana OX=3702 GN=PSAF PE=1 SV=1	True
Q9SHF3	0.08	0.069651936	0.160061052	AGO2	SOL	Protein argonaute 2 OS=Arabidopsis thaliana OX=3702 GN=AGO2 PE=1 SV=1	False
Q9SHG8	0.31	0.393144756	0.495330398	AtHBP1	SOL	At1g17100 OS=Arabidopsis thaliana OX=3702 GN=AtHBP1 PE=1 SV=1	False
Q9SHH6	0.81	0.004448142	0.019325191	GSTU24	MEM	Glutathione S-transferase U24 OS=Arabidopsis thaliana OX=3702 GN=GSTU24 PE=2 SV=1	True
Q9SHH7	0.23	0.027880214	0.056422218	GSTU25	MEM	Glutathione S-transferase U25 OS=Arabidopsis thaliana OX=3702 GN=GSTU25 PE=1 SV=1	False
Q9SHH8	1.16	0.020927076	0.086577248	GSTU26	SOL	Glutathione S-transferase U26 OS=Arabidopsis thaliana OX=3702 GN=GSTU26 PE=2 SV=1	False
Q9SHI1	0.94	0.00131053	0.010458911	At1g17220	MEM	Translation initiation factor IF-2, chloroplastic OS=Arabidopsis thaliana OX=3702 GN=At1g17220 PE=2 SV=2	True
Q9SHJ6	-0.49	0.006229471	0.023504049	PMD2	MEM	Peroxisomal and mitochondrial division factor 2 OS=Arabidopsis thaliana OX=3702 GN=PMD2 PE=1 SV=1	True
Q9SHJ8	-0.38	0.026254347	0.054299892	At1g06550	MEM	3-hydroxyisobutyryl-CoA hydrolase-like protein 5 OS=Arabidopsis thaliana OX=3702 GN=At1g06550 PE=1 SV=2	False
Q9SHP0	0.12	0.034473447	0.111072484	PSAT2	SOL	Phosphoserine aminotransferase 2, chloroplastic OS=Arabidopsis thaliana OX=3702 GN=PSAT2 PE=1 SV=1	False
Q9SHS8	-0.45	0.013210149	0.035296697	LSG1-1	MEM	GTPase LSG1-1 OS=Arabidopsis thaliana OX=3702 GN=LSG1-1 PE=1 SV=1	True
Q9SHU7	-0.19	0.08309237	0.126808207	TIC21	MEM	Protein TIC 21, chloroplastic OS=Arabidopsis thaliana OX=3702 GN=TIC21 PE=1 SV=1	False
Q9SI16	0.43	0.176057709	0.280206647	PER15	SOL	Peroxidase 15 OS=Arabidopsis thaliana OX=3702 GN=PER15 PE=2 SV=1	False
Q9SI20	0.97	0.00333136	0.016383931	At2g18110	MEM	Elongation factor 1-delta 2 OS=Arabidopsis thaliana OX=3702 GN=At2g18110 PE=1 SV=1	True
Q9SI37	-0.34	0.136505783	0.240658239	WRKY1	SOL	WRKY transcription factor 1 OS=Arabidopsis thaliana OX=3702 GN=WRKY1 PE=1 SV=1	False
Q9SI58	-0.34	0.100063804	0.147065147	NMD3	MEM	60S ribosomal export protein NMD3 OS=Arabidopsis thaliana OX=3702 GN=NMD3 PE=1 SV=1	False
Q9SI61	0.5	0.108477766	0.208946281	ASE1	SOL	Amidophosphoribosyltransferase 1, chloroplastic OS=Arabidopsis thaliana OX=3702 GN=ASE1 PE=2 SV=1	False
Q9SI75	-0.24	0.015342319	0.075512785	CPEFG	SOL	Elongation factor G, chloroplastic OS=Arabidopsis thaliana OX=3702 GN=CPEFG PE=1 SV=1	False
Q9SI85	-1.24	0.001487183	0.011082913	At1g62630	MEM	Probable disease resistance protein At1g62630 OS=Arabidopsis thaliana OX=3702 GN=At1g62630 PE=3 SV=2	True
Q9SI96	-0.68	0.012475244	0.033919238	At2g28720	MEM	Histone H2B.3 OS=Arabidopsis thaliana OX=3702 GN=At2g28720 PE=1 SV=3	True
Q9SIB9	0.48	0.005846052	0.022655279	ACO3	MEM	Aconitate hydratase 3, mitochondrial OS=Arabidopsis thaliana OX=3702 GN=ACO3 PE=1 SV=2	True
Q9SID0	0.32	0.262469339	0.371583238	At2g31390	SOL	Probable fructokinase-1 OS=Arabidopsis thaliana OX=3702 GN=At2g31390 PE=2 SV=1	False
Q9SIE1	-0.31	1.04846e-05	0.009253624	PAT	SOL	Bifunctional aspartate aminotransferase and glutamate/aspartate-prephenate aminotransferase OS=Arabidopsis thaliana OX=3702 GN=PAT PE=1 SV=2	True
Q9SIE3	0.29	0.001212999	0.030707342	At2g22230	SOL	(3R)-hydroxymyristoyl-[acyl-carrier-protein] dehydratase OS=Arabidopsis thaliana OX=3702 GN=At2g22230 PE=1 SV=2	True
Q9SIE7	0.46	0.000690532	0.008298263	PLAT2	MEM	PLAT domain-containing protein 2 OS=Arabidopsis thaliana OX=3702 GN=PLAT2 PE=2 SV=1	True
Q9SIF2	-0.08	0.169723547	0.272813255	HSP90-5	SOL	Heat shock protein 90-5, chloroplastic OS=Arabidopsis thaliana OX=3702 GN=HSP90-5 PE=1 SV=1	False
Q9SIH0	0.29	0.038595278	0.117205358	RPS14A	SOL	40S ribosomal protein S14-1 OS=Arabidopsis thaliana OX=3702 GN=RPS14A PE=1 SV=1	False
Q9SIH1	0.25	0.219692151	0.326183666	CYP18-2	SOL	Peptidyl-prolyl cis-trans isomerase CYP18-2 OS=Arabidopsis thaliana OX=3702 GN=CYP18-2 PE=2 SV=1	False
Q9SII8	0.38	0.098380432	0.145045794	DSK2B	MEM	Ubiquitin domain-containing protein DSK2b OS=Arabidopsis thaliana OX=3702 GN=DSK2B PE=1 SV=1	False
Q9SII9	-0.21	0.031801423	0.107191588	DSK2A	SOL	Ubiquitin domain-containing protein DSK2a OS=Arabidopsis thaliana OX=3702 GN=DSK2A PE=1 SV=2	False
Q9SIL6	-0.45	0.022757237	0.04910216	PHB6	MEM	Prohibitin-6, mitochondrial OS=Arabidopsis thaliana OX=3702 GN=PHB6 PE=1 SV=1	True
Q9SIM4	0.35	0.174511642	0.27894085	RPL14A	SOL	60S ribosomal protein L14-1 OS=Arabidopsis thaliana OX=3702 GN=RPL14A PE=2 SV=1	False
Q9SIN3	2.66	0.000362523	0.022452568	At2g42560	SOL	Late embryogenesis abundant domain-containing protein / LEA domain-containing protein OS=Arabidopsis thaliana OX=3702 GN=At2g42560 PE=1 SV=1	True
Q9SIN5	-0.44	0.076377055	0.118730674	COR15B	MEM	Protein COLD-REGULATED 15B, chloroplastic OS=Arabidopsis thaliana OX=3702 GN=COR15B PE=1 SV=1	False
Q9SIP0	0.77	0.016196756	0.039640889	RABA5D	MEM	Ras-related protein RABA5d OS=Arabidopsis thaliana OX=3702 GN=RABA5D PE=1 SV=1	True
Q9SIP1	-0.31	0.017078912	0.040758688	UP3	MEM	Stress-response A/B barrel domain-containing protein UP3 OS=Arabidopsis thaliana OX=3702 GN=UP3 PE=1 SV=1	True
Q9SIP7	-0.02	0.721539433	0.763331679	RPS3A	MEM	40S ribosomal protein S3-1 OS=Arabidopsis thaliana OX=3702 GN=RPS3A PE=1 SV=1	False
Q9SIR5	0.09	0.182544419	0.288093444	At2g25280	SOL	AmmeMemoRadiSam system protein B OS=Arabidopsis thaliana OX=3702 GN=At2g25280 PE=1 SV=1	False
Q9SIT1	0.48	0.029754185	0.102886623	TMK3	SOL	Receptor-like kinase TMK3 OS=Arabidopsis thaliana OX=3702 GN=TMK3 PE=1 SV=1	False
Q9SIU0	-0.73	0.015506377	0.038588366	NAD-ME1	MEM	NAD-dependent malic enzyme 1, mitochondrial OS=Arabidopsis thaliana OX=3702 GN=NAD-ME1 PE=1 SV=1	True
Q9SIU2	-0.18	0.038591637	0.117205358	ABH1	SOL	Nuclear cap-binding protein subunit 1 OS=Arabidopsis thaliana OX=3702 GN=ABH1 PE=1 SV=2	False
Q9SIU8	0.67	0.01126538	0.032132958	PPC3-1.2	MEM	Probable protein phosphatase 2C 20 OS=Arabidopsis thaliana OX=3702 GN=PPC3-1.2 PE=1 SV=3	True
Q9SIV0	-0.58	0.007977648	0.026864376	SUR1	MEM	S-alkyl-thiohydroximate lyase SUR1 OS=Arabidopsis thaliana OX=3702 GN=SUR1 PE=1 SV=1	True
Q9SIV2	0.18	0.000831989	0.009025555	RPN1A	MEM	26S proteasome non-ATPase regulatory subunit 2 homolog A OS=Arabidopsis thaliana OX=3702 GN=RPN1A PE=1 SV=2	True
Q9SIV9	0.57	0.061409281	0.149862847	PAP10	SOL	Purple acid phosphatase 10 OS=Arabidopsis thaliana OX=3702 GN=PAP10 PE=2 SV=1	False
Q9SIX1	-0.93	0.002384407	0.013870358	KCS9	MEM	3-ketoacyl-CoA synthase 9 OS=Arabidopsis thaliana OX=3702 GN=KCS9 PE=2 SV=1	True
Q9SIY3	0.4	0.025528293	0.095094429	TTM3	SOL	Triphosphate tunnel metalloenzyme 3 OS=Arabidopsis thaliana OX=3702 GN=TTM3 PE=1 SV=1	False
Q9SIZ2	0.15	0.015925097	0.039151303	At2g40290	MEM	Eukaryotic translation initiation factor 2 subunit alpha homolog OS=Arabidopsis thaliana OX=3702 GN=At2g40290 PE=1 SV=2	True
Q9SJ03	-0.26	0.041398374	0.0747455	At2g21960	MEM	Expressed protein OS=Arabidopsis thaliana OX=3702 GN=At2g21960 PE=1 SV=2	False
Q9SJ12	0.9	0.022215793	0.089235438	At2g21870	SOL	Probable ATP synthase 24 kDa subunit, mitochondrial OS=Arabidopsis thaliana OX=3702 GN=At2g21870 PE=1 SV=1	False
Q9SJ13	-0.65	0.000969333	0.009593192	At2g21860	MEM	At2g21860/F7D8.18 OS=Arabidopsis thaliana OX=3702 GN=At2g21860 PE=1 SV=1	True
Q9SJ20	-0.62	0.000569376	0.007733351	RNR1	MEM	Ribonucleoside-diphosphate reductase large subunit OS=Arabidopsis thaliana OX=3702 GN=RNR1 PE=1 SV=1	True
Q9SJ31	-1.29	0.006098373	0.023222793	At2g05310	MEM	Expressed protein OS=Arabidopsis thaliana OX=3702 GN=At2g05310 PE=1 SV=1	True
Q9SJ40	-0.25	0.057419623	0.094997429	VPS11	MEM	Vacuolar protein-sorting-associated protein 11 homolog OS=Arabidopsis thaliana OX=3702 GN=VPS11 PE=1 SV=1	False
Q9SJ44	0.06	0.215779059	0.322237578	UEV1C	SOL	Ubiquitin-conjugating enzyme E2 variant 1C OS=Arabidopsis thaliana OX=3702 GN=UEV1C PE=1 SV=1	False
Q9SJ62	1.08	0.000164908	0.004693355	WDL4	MEM	Protein WVD2-like 4 OS=Arabidopsis thaliana OX=3702 GN=WDL4 PE=1 SV=2	True
Q9SJ66	-0.3	0.138109168	0.242277909	SPP2	SOL	Probable sucrose-phosphatase 2 OS=Arabidopsis thaliana OX=3702 GN=SPP2 PE=2 SV=2	False
Q9SJ67	-0.45	0.000240749	0.019007358	At2g35830	SOL	At2g35830/F11F19.26 OS=Arabidopsis thaliana OX=3702 GN=At2g35830 PE=1 SV=2	True
Q9SJ81	1.43	4.05467e-05	0.003642269	FLA7	MEM	Fasciclin-like arabinogalactan protein 7 OS=Arabidopsis thaliana OX=3702 GN=FLA7 PE=2 SV=1	True
Q9SJ89	0.23	0.332723285	0.43795569	FTRC	SOL	Ferredoxin-thioredoxin reductase catalytic chain, chloroplastic OS=Arabidopsis thaliana OX=3702 GN=FTRC PE=1 SV=1	False
Q9SJA6	-0.13	0.344314874	0.408023224	RSZ22A	MEM	Serine/arginine-rich splicing factor RSZ22A OS=Arabidopsis thaliana OX=3702 GN=RSZ22A PE=1 SV=1	False
Q9SJA7	-0.2	0.104202068	0.203226597	At2g24580	SOL	Probable sarcosine oxidase OS=Arabidopsis thaliana OX=3702 GN=At2g24580 PE=2 SV=1	False
Q9SJB9	-0.21	0.085821456	0.18043837	At2g04520	SOL	Eukaryotic translation initiation factor 4C OS=Arabidopsis thaliana OX=3702 GN=At2g04520 PE=1 SV=1	False
Q9SJD4	-0.41	0.001821057	0.01231824	LACS8	MEM	Long chain acyl-CoA synthetase 8 OS=Arabidopsis thaliana OX=3702 GN=LACS8 PE=1 SV=1	True
Q9SJE1	-0.41	0.006883271	0.025006346	CHLD	MEM	Magnesium-chelatase subunit ChlD, chloroplastic OS=Arabidopsis thaliana OX=3702 GN=CHLD PE=1 SV=3	True
Q9SJH7	0.2	0.033930619	0.110104119	CSY3	SOL	Citrate synthase 3, peroxisomal OS=Arabidopsis thaliana OX=3702 GN=CSY3 PE=2 SV=1	False
Q9SJI7	-0.18	0.089560672	0.184407135	At2g42690	SOL	Phospholipase A1-IIdelta OS=Arabidopsis thaliana OX=3702 GN=At2g42690 PE=1 SV=1	False
Q9SJI8	0.35	0.080070546	0.172948306	MBF1A	SOL	Multiprotein-bridging factor 1a OS=Arabidopsis thaliana OX=3702 GN=MBF1A PE=2 SV=1	False
Q9SJJ5	0.5	0.033041384	0.108876294	CKS2	SOL	Cyclin-dependent kinases regulatory subunit 2 OS=Arabidopsis thaliana OX=3702 GN=CKS2 PE=1 SV=1	False
Q9SJL8	0.37	0.007619251	0.026282741	METK3	MEM	S-adenosylmethionine synthase 3 OS=Arabidopsis thaliana OX=3702 GN=METK3 PE=1 SV=1	True
Q9SJM0	-0.66	0.013061067	0.034990754	CALS10	MEM	Callose synthase 10 OS=Arabidopsis thaliana OX=3702 GN=CALS10 PE=2 SV=5	True
Q9SJM7	-0.22	0.09143087	0.187325775	URH1	SOL	Uridine nucleosidase 1 OS=Arabidopsis thaliana OX=3702 GN=URH1 PE=1 SV=2	False
Q9SJQ0	0.41	0.020094219	0.084890287	At2g36580	SOL	Pyruvate kinase OS=Arabidopsis thaliana OX=3702 GN=At2g36580 PE=1 SV=2	False
Q9SJQ5	0.33	0.106623513	0.155160086	CBSCBSPB2	MEM	CBS domain-containing protein CBSCBSPB2 OS=Arabidopsis thaliana OX=3702 GN=CBSCBSPB2 PE=2 SV=1	False
Q9SJQ9	0.25	0.151771908	0.206352062	FBA6	MEM	Fructose-bisphosphate aldolase 6, cytosolic OS=Arabidopsis thaliana OX=3702 GN=FBA6 PE=1 SV=1	False
Q9SJR2	-0.78	0.005620062	0.022159463	At2g36430	MEM	Transmembrane protein, putative (DUF247) OS=Arabidopsis thaliana OX=3702 GN=At2g36430 PE=1 SV=1	True
Q9SJT1	-0.61	0.008511087	0.057407605	SAE2	SOL	SUMO-activating enzyme subunit 2 OS=Arabidopsis thaliana OX=3702 GN=SAE2 PE=1 SV=1	False
Q9SJT7	-0.52	0.00658948	0.024353894	VHA-a2	MEM	V-type proton ATPase subunit a2 OS=Arabidopsis thaliana OX=3702 GN=VHA-a2 PE=1 SV=1	True
Q9SJT9	-0.68	0.001666606	0.011777771	At2g21390	MEM	Coatomer subunit alpha-2 OS=Arabidopsis thaliana OX=3702 GN=At2g21390 PE=2 SV=1	True
Q9SJU0	-0.51	0.028609831	0.057374009	KIN7M	MEM	Kinesin-like protein KIN-7M, chloroplastic OS=Arabidopsis thaliana OX=3702 GN=KIN7M PE=2 SV=2	False
Q9SJU4	-0.42	0.372624178	0.477161858	FBA1	SOL	Fructose-bisphosphate aldolase 1, chloroplastic OS=Arabidopsis thaliana OX=3702 GN=FBA1 PE=1 SV=2	False
Q9SJU9	-0.44	0.000435075	0.006899584	GC1	MEM	Epimerase family protein SDR39U1 homolog, chloroplastic OS=Arabidopsis thaliana OX=3702 GN=GC1 PE=2 SV=2	True
Q9SJV2	0.13	0.906812556	0.929067159	At2g21250	SOL	NAD(P)-linked oxidoreductase superfamily protein OS=Arabidopsis thaliana OX=3702 GN=At2g21250 PE=1 SV=1	False
Q9SJW3	0.81	0.014349619	0.073590076	SPR1	SOL	Protein SPIRAL1 OS=Arabidopsis thaliana OX=3702 GN=SPR1 PE=2 SV=1	False
Q9SJX7	-0.65	0.006881682	0.025006346	RUS2	MEM	Protein root UVB sensitive 2, chloroplastic OS=Arabidopsis thaliana OX=3702 GN=RUS2 PE=1 SV=2	True
Q9SJZ2	0.48	0.061575796	0.150170575	PER17	SOL	Peroxidase 17 OS=Arabidopsis thaliana OX=3702 GN=PER17 PE=2 SV=1	False
Q9SJZ7	-0.26	0.015937811	0.077160178	DJA6	SOL	Chaperone protein dnaJ A6, chloroplastic OS=Arabidopsis thaliana OX=3702 GN=DJA6 PE=2 SV=2	False
Q9SK09	2.69	0.045796375	0.128323099	At2g28490	SOL	Vicilin-like seed storage protein At2g28490 OS=Arabidopsis thaliana OX=3702 GN=At2g28490 PE=2 SV=1	False
Q9SK27	0.08	0.238912414	0.347394525	At2g25060	SOL	Early nodulin-like protein 1 OS=Arabidopsis thaliana OX=3702 GN=At2g25060 PE=2 SV=2	False
Q9SK39	0.21	0.297392549	0.406161374	MP3	SOL	Probable steroid-binding protein 3 OS=Arabidopsis thaliana OX=3702 GN=MP3 PE=1 SV=1	False
Q9SK50	0.08	0.50917993	0.567976124	TIC55	MEM	Protein TIC 55, chloroplastic OS=Arabidopsis thaliana OX=3702 GN=TIC55 PE=1 SV=1	False
Q9SK66	-0.42	0.096795172	0.143053043	At2g20360	MEM	NADH dehydrogenase [ubiquinone] 1 alpha subcomplex subunit 9, mitochondrial OS=Arabidopsis thaliana OX=3702 GN=At2g20360 PE=1 SV=2	False
Q9SK74	-0.09	0.334810411	0.439804873	At2g20280	SOL	Zinc finger CCCH domain-containing protein 21 OS=Arabidopsis thaliana OX=3702 GN=At2g20280 PE=4 SV=1	False
Q9SK82	0.4	0.019544214	0.083998296	UGT85A1	SOL	UDP-glycosyltransferase 85A1 OS=Arabidopsis thaliana OX=3702 GN=UGT85A1 PE=2 SV=1	False
Q9SK84	0.0	0.935212311	0.949653278	At1g22410	SOL	Phospho-2-dehydro-3-deoxyheptonate aldolase OS=Arabidopsis thaliana OX=3702 GN=At1g22410 PE=1 SV=1	False
Q9SK86	-0.71	0.002547937	0.014448869	At1g22430	MEM	Alcohol dehydrogenase-like 1 OS=Arabidopsis thaliana OX=3702 GN=At1g22430 PE=2 SV=1	True
Q9SK87	0.79	0.01056946	0.0310054	At1g22440	MEM	Alcohol dehydrogenase-like 2 OS=Arabidopsis thaliana OX=3702 GN=At1g22440 PE=2 SV=1	True
Q9SKA5	0.1	0.790862834	0.837165487	At1g22630	SOL	At1g22630/F12K8_2 OS=Arabidopsis thaliana OX=3702 GN=At1g22630 PE=1 SV=1	False
Q9SKB2	-0.24	0.105884923	0.154206017	SOBIR1	MEM	Leucine-rich repeat receptor-like serine/threonine/tyrosine-protein kinase SOBIR1 OS=Arabidopsis thaliana OX=3702 GN=SOBIR1 PE=1 SV=1	False
Q9SKC1	-1.21	0.000755229	0.008600916	UGT74C1	MEM	UDP-glycosyltransferase 74C1 OS=Arabidopsis thaliana OX=3702 GN=UGT74C1 PE=2 SV=1	True
Q9SKC5	0.28	0.00917384	0.028987587	UGT74D1	MEM	UDP-glycosyltransferase 74D1 OS=Arabidopsis thaliana OX=3702 GN=UGT74D1 PE=1 SV=1	True
Q9SKC9	0.68	0.018551532	0.042887864	At2g02050	MEM	NADH dehydrogenase [ubiquinone] 1 beta subcomplex subunit 7 OS=Arabidopsis thaliana OX=3702 GN=At2g02050 PE=1 SV=1	True
Q9SKI0	-0.53	0.052281782	0.088465877	At2g10940	MEM	At2g10940/F15K19.1 OS=Arabidopsis thaliana OX=3702 GN=At2g10940 PE=1 SV=1	False
Q9SKI2	-0.08	0.248632866	0.357091386	VPS2.1	SOL	Vacuolar protein sorting-associated protein 2 homolog 1 OS=Arabidopsis thaliana OX=3702 GN=VPS2.1 PE=1 SV=2	False
Q9SKJ7	-0.92	0.000348837	0.006319193	At2g25520	MEM	Probable sugar phosphate/phosphate translocator At2g25520 OS=Arabidopsis thaliana OX=3702 GN=At2g25520 PE=1 SV=1	True
Q9SKK4	-0.28	0.127874194	0.231087825	GSL-OH	SOL	Probable 2-oxoacid dependent dioxygenase OS=Arabidopsis thaliana OX=3702 GN=GSL-OH PE=1 SV=1	False
Q9SKL6	1.36	0.000565802	0.024419573	At2g15220	SOL	At2g15220/F15A23.4 OS=Arabidopsis thaliana OX=3702 GN=At2g15220 PE=1 SV=1	True
Q9SKM7	-0.15	0.235000349	0.295995967	At2g28430	MEM	At2g28430/T1B3.5 OS=Arabidopsis thaliana OX=3702 GN=At2g28430 PE=1 SV=1	False
Q9SKP6	0.2	0.276596654	0.34004666	TIM	MEM	Triosephosphate isomerase, chloroplastic OS=Arabidopsis thaliana OX=3702 GN=TIM PE=1 SV=1	False
Q9SKQ0	0.66	0.024593801	0.051872491	CYP19-2	MEM	Peptidyl-prolyl cis-trans isomerase CYP19-2 OS=Arabidopsis thaliana OX=3702 GN=CYP19-2 PE=2 SV=1	False
Q9SKR7	-0.81	0.001868272	0.012436858	At2g20940	MEM	At2g20940 OS=Arabidopsis thaliana OX=3702 GN=At2g20940 PE=1 SV=1	True
Q9SKT0	-0.18	0.001407349	0.032276056	THF1	SOL	Protein THYLAKOID FORMATION 1, chloroplastic OS=Arabidopsis thaliana OX=3702 GN=THF1 PE=1 SV=1	True
Q9SKT4	-0.37	0.017588434	0.080381088	At2g20830	SOL	Expressed protein OS=Arabidopsis thaliana OX=3702 GN=At2g20830 PE=1 SV=2	False
Q9SKU1	-0.21	0.164704282	0.220166411	At2g20760	MEM	Clathrin light chain 1 OS=Arabidopsis thaliana OX=3702 GN=At2g20760 PE=2 SV=1	False
Q9SKU8	0.06	0.102731265	0.201689836	At2g20690	SOL	At2g20690/F5H14.34 OS=Arabidopsis thaliana OX=3702 GN=At2g20690 PE=1 SV=2	False
Q9SKX2	0.87	0.020268984	0.085191642	PME16	SOL	Probable pectinesterase/pectinesterase inhibitor 16 OS=Arabidopsis thaliana OX=3702 GN=PME16 PE=2 SV=1	False
Q9SKX4	0.7	0.063819863	0.153576878	RPL3A	SOL	50S ribosomal protein L3-1, chloroplastic OS=Arabidopsis thaliana OX=3702 GN=RPL3A PE=2 SV=1	False
Q9SKZ0	-0.04	0.245991212	0.354535539	At2g32090	SOL	At2g32090/F22D22.16 OS=Arabidopsis thaliana OX=3702 GN=At2g32090 PE=1 SV=2	False
Q9SKZ1	-0.45	0.011329704	0.032247149	PURA1	MEM	Transcription factor Pur-alpha 1 OS=Arabidopsis thaliana OX=3702 GN=PURA1 PE=1 SV=2	True
Q9SKZ3	1.06	0.00136417	0.010653135	RPS12C	MEM	40S ribosomal protein S12-2 OS=Arabidopsis thaliana OX=3702 GN=RPS12C PE=1 SV=1	True
Q9SL03	0.05	0.930966758	0.941196049	CALS2	MEM	Callose synthase 2 OS=Arabidopsis thaliana OX=3702 GN=CALS2 PE=2 SV=3	False
Q9SL05	0.65	0.123343046	0.174039922	PGR5	MEM	Protein PROTON GRADIENT REGULATION 5, chloroplastic OS=Arabidopsis thaliana OX=3702 GN=PGR5 PE=1 SV=1	False
Q9SL09	0.71	0.140223164	0.194028271	At2g05580	MEM	Glycine-rich protein family OS=Arabidopsis thaliana OX=3702 GN=At2g05580 PE=1 SV=1	False
Q9SL13	0.2	0.073971905	0.115610648	At2g05540	MEM	At2g05540/T20G20.11 OS=Arabidopsis thaliana OX=3702 GN=At2g05540 PE=1 SV=1	False
Q9SL15	0.62	0.017891938	0.042028183	GRP3	MEM	Glycine-rich protein 3 OS=Arabidopsis thaliana OX=3702 GN=GRP3 PE=1 SV=1	True
Q9SL42	0.19	0.107097785	0.207176331	PIN1	SOL	Peptidyl-prolyl cis-trans isomerase Pin1 OS=Arabidopsis thaliana OX=3702 GN=PIN1 PE=1 SV=1	False
Q9SL48	0.39	0.047094875	0.08204008	SLY1	MEM	SEC1 family transport protein SLY1 OS=Arabidopsis thaliana OX=3702 GN=SLY1 PE=1 SV=1	False
Q9SL67	-0.03	0.21029641	0.317559972	RPT2B	SOL	26S proteasome regulatory subunit 4 homolog B OS=Arabidopsis thaliana OX=3702 GN=RPT2B PE=1 SV=1	False
Q9SL80	0.71	0.012798978	0.034545717	At2g20010	MEM	Gls protein (DUF810) OS=Arabidopsis thaliana OX=3702 GN=At2g20010 PE=1 SV=1	True
Q9SL96	-0.09	0.09613293	0.192914881	At2g25670	SOL	Expressed protein OS=Arabidopsis thaliana OX=3702 GN=At2g25670 PE=1 SV=1	False
Q9SLA8	0.38	0.082480953	0.126135587	MOD1	MEM	Enoyl-[acyl-carrier-protein] reductase [NADH], chloroplastic OS=Arabidopsis thaliana OX=3702 GN=MOD1 PE=1 SV=1	False
Q9SLF3	-0.29	0.027529213	0.056090545	TOC132	MEM	Translocase of chloroplast 132, chloroplastic OS=Arabidopsis thaliana OX=3702 GN=TOC132 PE=1 SV=1	False
Q9SLF7	5.12	0.000499003	0.007350779	RPP2B	MEM	60S acidic ribosomal protein P2-2 OS=Arabidopsis thaliana OX=3702 GN=RPP2B PE=1 SV=1	True
Q9SLI4	-0.72	0.020264443	0.045520298	F20D21.31	MEM	At1g54500/F20D21_31 OS=Arabidopsis thaliana OX=3702 GN=F20D21.31 PE=1 SV=1	True
Q9SLJ2	0.4	0.229443994	0.290295853	HIRD11	MEM	Dehydrin HIRD11 OS=Arabidopsis thaliana OX=3702 GN=HIRD11 PE=1 SV=1	False
Q9SLK0	-0.23	0.000605439	0.024419573	ICDH	SOL	Peroxisomal isocitrate dehydrogenase [NADP] OS=Arabidopsis thaliana OX=3702 GN=ICDH PE=1 SV=1	True
Q9SLK2	1.17	0.004712981	0.019862917	ALIS3	MEM	ALA-interacting subunit 3 OS=Arabidopsis thaliana OX=3702 GN=ALIS3 PE=1 SV=1	True
Q9SLL7	0.89	0.020638377	0.086062729	RPL31A	SOL	60S ribosomal protein L31-1 OS=Arabidopsis thaliana OX=3702 GN=RPL31A PE=3 SV=1	False
Q9SLM4	-0.22	0.120520423	0.170965698	At2g40980	MEM	Protein kinase superfamily protein OS=Arabidopsis thaliana OX=3702 GN=At2g40980 PE=1 SV=2	False
Q9SLM6	0.19	0.151426129	0.206002492	GSTF3	MEM	Glutathione S-transferase F3 OS=Arabidopsis thaliana OX=3702 GN=GSTF3 PE=2 SV=1	False
Q9SLN5	-0.2	0.99439662	0.995271746	MAP1A	SOL	Methionine aminopeptidase 1A OS=Arabidopsis thaliana OX=3702 GN=MAP1A PE=1 SV=1	False
Q9SLV3	0.41	0.054388729	0.091073242	ZW9	MEM	At1g58270/F19C14_8 OS=Arabidopsis thaliana OX=3702 GN=ZW9 PE=1 SV=1	False
Q9SMM7	-0.81	0.039209931	0.117903776	T8P19.230	SOL	HXXXD-type acyl-transferase family protein OS=Arabidopsis thaliana OX=3702 GN=T8P19.230 PE=1 SV=1	False
Q9SMM8	-0.38	0.065840265	0.156013714	DEK1	SOL	DEK domain-containing chromatin-associated protein 1 OS=Arabidopsis thaliana OX=3702 GN=DEK1 PE=1 SV=1	False
Q9SMM9	1.4	0.010757763	0.064520528	CXE13	SOL	Probable carboxylesterase 13 OS=Arabidopsis thaliana OX=3702 GN=CXE13 PE=1 SV=1	False
Q9SMN0	0.11	0.152428949	0.20706362	CXE12	MEM	Probable carboxylesterase 12 OS=Arabidopsis thaliana OX=3702 GN=CXE12 PE=1 SV=1	False
Q9SMN1	-1.23	0.001249768	0.010275314	GAMMACAL2	MEM	Gamma carbonic anhydrase-like 2, mitochondrial OS=Arabidopsis thaliana OX=3702 GN=GAMMACAL2 PE=1 SV=1	True
Q9SMQ6	-0.27	0.013573433	0.035838067	RABA4B	MEM	Ras-related protein RABA4b OS=Arabidopsis thaliana OX=3702 GN=RABA4B PE=1 SV=1	True
Q9SMR7	0.81	0.0094826	0.029432799	At4g39860	MEM	Hematological/neurological-like protein OS=Arabidopsis thaliana OX=3702 GN=At4g39860 PE=1 SV=1	True
Q9SMT7	0.75	0.001350914	0.010612038	AAE3	MEM	Oxalate--CoA ligase OS=Arabidopsis thaliana OX=3702 GN=AAE3 PE=1 SV=1	True
Q9SMU7	0.1	0.621717739	0.697145695	SRP9	SOL	Signal recognition particle 9 kDa protein OS=Arabidopsis thaliana OX=3702 GN=SRP9 PE=3 SV=1	False
Q9SMU8	0.87	0.116273254	0.217607196	PER34	SOL	Peroxidase 34 OS=Arabidopsis thaliana OX=3702 GN=PER34 PE=1 SV=1	False
Q9SMV6	0.11	0.514830907	0.573384901	XPO1	MEM	Protein EXPORTIN 1A OS=Arabidopsis thaliana OX=3702 GN=XPO1 PE=1 SV=1	False
Q9SMW7	0.44	0.124773736	0.175685202	BTF3	MEM	Basic transcription factor 3 OS=Arabidopsis thaliana OX=3702 GN=BTF3 PE=1 SV=1	False
Q9SMX3	0.11	0.188410583	0.246570842	VDAC3	MEM	Mitochondrial outer membrane protein porin 3 OS=Arabidopsis thaliana OX=3702 GN=VDAC3 PE=1 SV=3	False
Q9SMY7	0.19	0.000606929	0.024419573	PME44	SOL	Probable pectinesterase/pectinesterase inhibitor 44 OS=Arabidopsis thaliana OX=3702 GN=PME44 PE=2 SV=2	True
Q9SN26	-0.26	0.128588535	0.180318885	PHYL1.1	MEM	Phytolongin Phyl1.1 OS=Arabidopsis thaliana OX=3702 GN=PHYL1.1 PE=2 SV=1	False
Q9SN35	-0.11	0.11286919	0.162543528	RABA1D	MEM	Ras-related protein RABA1d OS=Arabidopsis thaliana OX=3702 GN=RABA1D PE=1 SV=1	False
Q9SN38	2.02	0.000384767	0.006560809	RLP51	MEM	Receptor-like protein 51 OS=Arabidopsis thaliana OX=3702 GN=RLP51 PE=1 SV=1	True
Q9SN46	-0.51	0.082821821	0.176357302	LRX5	SOL	Leucine-rich repeat extensin-like protein 5 OS=Arabidopsis thaliana OX=3702 GN=LRX5 PE=2 SV=2	False
Q9SN86	0.27	0.026237238	0.096523931	At3g47520	SOL	Malate dehydrogenase, chloroplastic OS=Arabidopsis thaliana OX=3702 GN=At3g47520 PE=1 SV=1	False
Q9SN95	0.16	0.058250197	0.144623193	UXS5	SOL	UDP-glucuronic acid decarboxylase 5 OS=Arabidopsis thaliana OX=3702 GN=UXS5 PE=2 SV=1	False
Q9SNC6	-0.57	0.002626035	0.014583799	PUB13	MEM	U-box domain-containing protein 13 OS=Arabidopsis thaliana OX=3702 GN=PUB13 PE=1 SV=1	True
Q9SNE0	-0.32	0.014230228	0.073230489	F11C1_110	SOL	Anthranilate N-hydroxycinnamoyl/benzoyltransferase-like protein OS=Arabidopsis thaliana OX=3702 GN=F11C1_110 PE=1 SV=1	False
Q9SNY3	0.23	0.91984945	0.937796265	GMD1	SOL	GDP-mannose 4,6 dehydratase 1 OS=Arabidopsis thaliana OX=3702 GN=GMD1 PE=1 SV=1	False
Q9SP02	0.19	0.159648736	0.214923323	CYP20-1	MEM	Peptidyl-prolyl cis-trans isomerase CYP20-1 OS=Arabidopsis thaliana OX=3702 GN=CYP20-1 PE=1 SV=1	False
Q9SPE5	1.51	5.08527e-05	0.003642269	GSNAP	MEM	Gamma-soluble NSF attachment protein OS=Arabidopsis thaliana OX=3702 GN=GSNAP PE=2 SV=1	True
Q9SPE6	0.35	0.003557809	0.016790124	ASNAP2	MEM	Alpha-soluble NSF attachment protein 2 OS=Arabidopsis thaliana OX=3702 GN=ASNAP2 PE=1 SV=1	True
Q9SPK5	0.18	0.032055764	0.061958031	THFS	MEM	Formate--tetrahydrofolate ligase OS=Arabidopsis thaliana OX=3702 GN=THFS PE=2 SV=1	False
Q9SPM5	-1.04	0.001418804	0.010887652	APY2	MEM	Apyrase 2 OS=Arabidopsis thaliana OX=3702 GN=APY2 PE=1 SV=1	True
Q9SQI8	0.96	0.014868118	0.037503749	LTA2	MEM	Dihydrolipoyllysine-residue acetyltransferase component 4 of pyruvate dehydrogenase complex, chloroplastic OS=Arabidopsis thaliana OX=3702 GN=LTA2 PE=2 SV=1	True
Q9SQR1	0.5	0.022918149	0.049334806	At3g04010	MEM	Glucan endo-1,3-beta-D-glucosidase OS=Arabidopsis thaliana OX=3702 GN=At3g04010 PE=1 SV=1	True
Q9SQR2	0.22	0.019487247	0.083947671	ChlADR2	SOL	NADPH-dependent aldehyde reductase 2, chloroplastic OS=Arabidopsis thaliana OX=3702 GN=ChlADR2 PE=1 SV=1	False
Q9SQR3	-0.36	0.040396799	0.11972481	D14	SOL	Strigolactone esterase D14 OS=Arabidopsis thaliana OX=3702 GN=D14 PE=1 SV=1	False
Q9SQR4	-0.13	0.432694704	0.53111238	At3g03980	SOL	NADPH-dependent aldehyde reductase-like protein, chloroplastic OS=Arabidopsis thaliana OX=3702 GN=At3g03980 PE=3 SV=1	False
Q9SQT8	-0.14	0.086657979	0.181747685	EMB3004	SOL	Bifunctional 3-dehydroquinate dehydratase/shikimate dehydrogenase, chloroplastic OS=Arabidopsis thaliana OX=3702 GN=EMB3004 PE=1 SV=1	False
Q9SQZ9	0.16	0.020435402	0.085504205	At3g04780	SOL	PITH domain-containing protein At3g04780 OS=Arabidopsis thaliana OX=3702 GN=At3g04780 PE=1 SV=2	False
Q9SR06	-0.11	0.145047062	0.249260367	CLPS3	SOL	Protein CLP1 homolog OS=Arabidopsis thaliana OX=3702 GN=CLPS3 PE=1 SV=1	False
Q9SR09	-0.23	0.056442197	0.141984418	At3g04650	SOL	AT3g04650/F7O18_13 OS=Arabidopsis thaliana OX=3702 GN=At3g04650 PE=1 SV=1	False
Q9SR19	0.46	0.020052724	0.045170807	RAF1.2	MEM	Rubisco accumulation factor 1.2, chloroplastic OS=Arabidopsis thaliana OX=3702 GN=RAF1.2 PE=1 SV=1	True
Q9SR22	0.01	0.499790888	0.593519986	PAE5	SOL	Pectin acetylesterase 5 OS=Arabidopsis thaliana OX=3702 GN=PAE5 PE=2 SV=1	False
Q9SR33	0.14	0.18526923	0.243385207	ORP3B	MEM	Oxysterol-binding protein-related protein 3B OS=Arabidopsis thaliana OX=3702 GN=ORP3B PE=2 SV=1	False
Q9SR36	0.42	0.005740881	0.02244426	GSTU8	MEM	Glutathione S-transferase U8 OS=Arabidopsis thaliana OX=3702 GN=GSTU8 PE=2 SV=1	True
Q9SR37	0.52	0.017950504	0.042075299	BGLU23	MEM	Beta-glucosidase 23 OS=Arabidopsis thaliana OX=3702 GN=BGLU23 PE=1 SV=1	True
Q9SR40	0.58	0.005875086	0.049386611	LAC7	SOL	Laccase-7 OS=Arabidopsis thaliana OX=3702 GN=LAC7 PE=2 SV=1	True
Q9SR59	-0.3	0.03391802	0.110104119	MDAR3	SOL	Monodehydroascorbate reductase 3 OS=Arabidopsis thaliana OX=3702 GN=MDAR3 PE=2 SV=1	False
Q9SR62	-0.26	0.145209007	0.249260367	RLPH2	SOL	Tyrosine-protein phosphatase RLPH2 OS=Arabidopsis thaliana OX=3702 GN=RLPH2 PE=1 SV=1	False
Q9SR67	0.99	0.005282139	0.021332864	T22K18.16	MEM	AT3g10020/T22K18_16 OS=Arabidopsis thaliana OX=3702 GN=T22K18.16 PE=1 SV=1	True
Q9SR70	-0.55	0.109500253	0.158601286	FKBP16-4	MEM	Peptidyl-prolyl cis-trans isomerase FKBP16-4, chloroplastic OS=Arabidopsis thaliana OX=3702 GN=FKBP16-4 PE=1 SV=1	False
Q9SR73	0.8	0.035879238	0.067481432	RPS28A	MEM	40S ribosomal protein S28-1 OS=Arabidopsis thaliana OX=3702 GN=RPS28A PE=3 SV=1	False
Q9SRD4	0.14	0.000125334	0.004436412	IGMT5	MEM	Indole glucosinolate O-methyltransferase 5 OS=Arabidopsis thaliana OX=3702 GN=IGMT5 PE=2 SV=1	True
Q9SRE0	-0.22	0.001373369	0.03201959	COG0212	SOL	5-formyltetrahydrofolate cyclo-ligase-like protein COG0212 OS=Arabidopsis thaliana OX=3702 GN=COG0212 PE=2 SV=1	True
Q9SRG3	0.4	0.010440562	0.030928957	PDIL1-2	MEM	Protein disulfide isomerase-like 1-2 OS=Arabidopsis thaliana OX=3702 GN=PDIL1-2 PE=2 SV=1	True
Q9SRH5	0.0	0.61268306	0.665069931	VDAC1	MEM	Mitochondrial outer membrane protein porin 1 OS=Arabidopsis thaliana OX=3702 GN=VDAC1 PE=1 SV=3	False
Q9SRH6	1.04	0.01115577	0.03198954	HIR3	MEM	Hypersensitive-induced response protein 3 OS=Arabidopsis thaliana OX=3702 GN=HIR3 PE=1 SV=1	True
Q9SRI1	-0.07	0.123904804	0.225892197	SEC13A	SOL	Protein transport protein SEC13 homolog A OS=Arabidopsis thaliana OX=3702 GN=SEC13A PE=1 SV=1	False
Q9SRL6	-0.92	0.003911883	0.017785288	F9F8.12	MEM	Outer membrane OMP85 family protein OS=Arabidopsis thaliana OX=3702 GN=F9F8.12 PE=1 SV=1	True
Q9SRM5	0.3	0.009805301	0.061701167	CPRD49	SOL	GDSL esterase/lipase CPRD49 OS=Arabidopsis thaliana OX=3702 GN=CPRD49 PE=2 SV=1	False
Q9SRQ3	-0.14	0.837053023	0.875090182	PEX19-1	SOL	Peroxisome biogenesis protein 19-1 OS=Arabidopsis thaliana OX=3702 GN=PEX19-1 PE=1 SV=1	False
Q9SRQ6	0.13	0.127550832	0.179188191	NPC3	MEM	Non-specific phospholipase C3 OS=Arabidopsis thaliana OX=3702 GN=NPC3 PE=1 SV=1	False
Q9SRR8	-0.32	0.041037916	0.074238924	F21O3.19	MEM	2Fe-2S ferredoxin-like superfamily protein OS=Arabidopsis thaliana OX=3702 GN=F21O3.19 PE=1 SV=1	False
Q9SRS5	0.36	0.015447978	0.038519179	RABA5B	MEM	Ras-related protein RABA5b OS=Arabidopsis thaliana OX=3702 GN=RABA5B PE=1 SV=1	True
Q9SRT4	-0.08	0.386324403	0.490060881	F21O3.3	SOL	Glucan endo-1,3-beta-D-glucosidase OS=Arabidopsis thaliana OX=3702 GN=F21O3.3 PE=1 SV=1	False
Q9SRT8	-0.18	0.089326537	0.133997015	At3g02220	MEM	Small acidic-like protein OS=Arabidopsis thaliana OX=3702 GN=At3g02220 PE=1 SV=1	False
Q9SRT9	0.79	0.094794199	0.191677739	RGP1	SOL	UDP-arabinopyranose mutase 1 OS=Arabidopsis thaliana OX=3702 GN=RGP1 PE=1 SV=1	False
Q9SRV5	-0.8	0.000916013	0.009375006	MS2	MEM	5-methyltetrahydropteroyltriglutamate--homocysteine methyltransferase 2 OS=Arabidopsis thaliana OX=3702 GN=MS2 PE=1 SV=1	True
Q9SRX2	-0.35	0.015754601	0.076668262	RPL19A	SOL	60S ribosomal protein L19-1 OS=Arabidopsis thaliana OX=3702 GN=RPL19A PE=2 SV=1	False
Q9SRX5	0.54	0.085156608	0.129412977	F22D16.19	MEM	F22D16.19 protein OS=Arabidopsis thaliana OX=3702 GN=F22D16.19 PE=1 SV=1	False
Q9SRY4	-0.97	0.011613338	0.032773382	LPA1	MEM	Protein LOW PSII ACCUMULATION 1, chloroplastic OS=Arabidopsis thaliana OX=3702 GN=LPA1 PE=1 SV=1	True
Q9SRY5	0.8	0.01050723	0.030997996	GSTF7	MEM	Glutathione S-transferase F7 OS=Arabidopsis thaliana OX=3702 GN=GSTF7 PE=2 SV=3	True
Q9SRZ6	0.57	0.03080489	0.060229296	CICDH	MEM	Cytosolic isocitrate dehydrogenase [NADP] OS=Arabidopsis thaliana OX=3702 GN=CICDH PE=1 SV=1	False
Q9SS48	-0.43	0.008552683	0.027964776	SDP6	MEM	Glycerol-3-phosphate dehydrogenase SDP6, mitochondrial OS=Arabidopsis thaliana OX=3702 GN=SDP6 PE=1 SV=1	True
Q9SS82	-0.8	0.008768173	0.028316623	MZB10.8	MEM	8-amino-7-oxononanoate synthase OS=Arabidopsis thaliana OX=3702 GN=MZB10.8 PE=1 SV=1	True
Q9SS89	-0.55	0.007848579	0.055432669	At3g01660	SOL	At3g01660 OS=Arabidopsis thaliana OX=3702 GN=At3g01660 PE=1 SV=1	False
Q9SS96	0.21	0.060374017	0.147773161	At3g01590	SOL	Glucose-6-phosphate 1-epimerase OS=Arabidopsis thaliana OX=3702 GN=At3g01590 PE=1 SV=1	False
Q9SSA4	-0.43	0.02727416	0.055705223	At3g01490	MEM	AT3g01490/F4P13_4 OS=Arabidopsis thaliana OX=3702 GN=At3g01490 PE=1 SV=1	False
Q9SSA5	-0.51	0.000516062	0.023671957	CYP38	SOL	Peptidyl-prolyl cis-trans isomerase CYP38, chloroplastic OS=Arabidopsis thaliana OX=3702 GN=CYP38 PE=1 SV=1	True
Q9SSB5	-0.14	0.025378718	0.053093854	RPT1A	MEM	26S proteasome regulatory subunit 7 homolog A OS=Arabidopsis thaliana OX=3702 GN=RPT1A PE=1 SV=1	False
Q9SSB7	1.05	0.028114248	0.099864713	DGR1	SOL	At1g80240 OS=Arabidopsis thaliana OX=3702 GN=DGR1 PE=1 SV=1	False
Q9SSB8	-0.5	0.125265575	0.176270894	COX5B-2	MEM	Cytochrome c oxidase subunit 5b-2, mitochondrial OS=Arabidopsis thaliana OX=3702 GN=COX5B-2 PE=1 SV=1	False
Q9SSD2	-0.72	0.000943282	0.009448905	PRP8A	MEM	Pre-mRNA-processing-splicing factor 8A OS=Arabidopsis thaliana OX=3702 GN=PRP8A PE=1 SV=1	True
Q9SSE7	-0.16	0.041179509	0.074422632	ADT2	MEM	Arogenate dehydratase/prephenate dehydratase 2, chloroplastic OS=Arabidopsis thaliana OX=3702 GN=ADT2 PE=1 SV=1	False
Q9SSF8	0.14	0.420188344	0.481599689	CPK30	MEM	Calcium-dependent protein kinase 30 OS=Arabidopsis thaliana OX=3702 GN=CPK30 PE=1 SV=1	False
Q9SSG3	1.2	9.65683e-06	0.002789082	HIPL1	MEM	HIPL1 protein OS=Arabidopsis thaliana OX=3702 GN=HIPL1 PE=3 SV=2	True
Q9SSK1	-0.03	0.505990394	0.598347329	SYNC3	SOL	Asparagine--tRNA ligase, cytoplasmic 3 OS=Arabidopsis thaliana OX=3702 GN=SYNC3 PE=1 SV=1	False
Q9SSK5	-0.22	0.004993002	0.046074248	MLP43	SOL	MLP-like protein 43 OS=Arabidopsis thaliana OX=3702 GN=MLP43 PE=1 SV=1	True
Q9SSK7	0.19	0.003185712	0.016098324	MLP34	MEM	MLP-like protein 34 OS=Arabidopsis thaliana OX=3702 GN=MLP34 PE=2 SV=1	True
Q9SSK9	0.85	0.010336011	0.030736815	MLP28	MEM	MLP-like protein 28 OS=Arabidopsis thaliana OX=3702 GN=MLP28 PE=1 SV=1	True
Q9SSL0	-0.59	0.003229231	0.040850582	At1g70820	SOL	At1g70820 OS=Arabidopsis thaliana OX=3702 GN=At1g70820 PE=1 SV=1	True
Q9SSL1	-0.22	0.035765668	0.113336751	CAR7	SOL	Protein C2-DOMAIN ABA-RELATED 7 OS=Arabidopsis thaliana OX=3702 GN=CAR7 PE=1 SV=1	False
Q9SSL9	0.02	0.882953866	0.901965101	PEPR1	MEM	Leucine-rich repeat receptor-like protein kinase PEPR1 OS=Arabidopsis thaliana OX=3702 GN=PEPR1 PE=1 SV=1	False
Q9SSN3	-1.85	4.3119e-05	0.012816697	TIR	SOL	Toll/interleukin-1 receptor-like protein OS=Arabidopsis thaliana OX=3702 GN=TIR PE=1 SV=1	True
Q9SSP5	-0.37	0.00175092	0.012087623	TS2	MEM	Threonine synthase 2, chloroplastic OS=Arabidopsis thaliana OX=3702 GN=TS2 PE=1 SV=1	True
Q9SSP6	-0.66	0.021316738	0.047020282	F6D8.36	MEM	At1g52420 OS=Arabidopsis thaliana OX=3702 GN=F6D8.36 PE=1 SV=1	True
Q9SSQ9	-0.28	0.12824046	0.231412059	PLDALPHA2	SOL	Phospholipase D alpha 2 OS=Arabidopsis thaliana OX=3702 GN=PLDALPHA2 PE=2 SV=1	False
Q9SSS7	0.28	0.010368608	0.030794334	At1g52730	MEM	AT1G52730 protein OS=Arabidopsis thaliana OX=3702 GN=At1g52730 PE=1 SV=1	True
Q9SSS9	-0.5	0.022006351	0.047781546	ATPD	MEM	ATP synthase subunit delta, chloroplastic OS=Arabidopsis thaliana OX=3702 GN=ATPD PE=1 SV=1	True
Q9ST43	0.0	0.345133333	0.450419003	PH1	SOL	Pleckstrin homology domain-containing protein 1 OS=Arabidopsis thaliana OX=3702 GN=PH1 PE=2 SV=2	False
Q9STE8	-0.39	0.016204795	0.039649776	TOC75-3	MEM	Protein TOC75-3, chloroplastic OS=Arabidopsis thaliana OX=3702 GN=TOC75-3 PE=1 SV=1	True
Q9STF2	0.37	0.073423471	0.11505554	PTAC16	MEM	Protein PLASTID TRANSCRIPTIONALLY ACTIVE 16, chloroplastic OS=Arabidopsis thaliana OX=3702 GN=PTAC16 PE=1 SV=1	False
Q9STG6	0.25	0.41541022	0.516585768	DUT	SOL	Deoxyuridine 5'-triphosphate nucleotidohydrolase OS=Arabidopsis thaliana OX=3702 GN=DUT PE=1 SV=1	False
Q9STG9	0.34	0.057156814	0.142850916	ASE2	SOL	Amidophosphoribosyltransferase 2, chloroplastic OS=Arabidopsis thaliana OX=3702 GN=ASE2 PE=1 SV=1	False
Q9STH7	-0.8	0.002854454	0.015080411	At4g12340	MEM	AT4g12340/T4C9_180 OS=Arabidopsis thaliana OX=3702 GN=At4g12340 PE=1 SV=1	True
Q9STI0	-0.1	0.302066332	0.366032393	''cytochrome	MEM	At4g12310 OS=Arabidopsis thaliana OX=3702 GN=''cytochrome P450 PE=1 SV=1	False
Q9STI1	-0.39	0.036076044	0.067728218	''cytochrome	MEM	Cytochrome P450, family 706, subfamily A, polypeptide 4 OS=Arabidopsis thaliana OX=3702 GN=''cytochrome P450 PE=1 SV=1	False
Q9STL1	-0.7	0.001000568	0.009665573	CYP71A22	MEM	Cytochrome P450 71A22 OS=Arabidopsis thaliana OX=3702 GN=CYP71A22 PE=2 SV=1	True
Q9STL2	-0.68	0.027656814	0.056190375	CYP71A21	MEM	Cytochrome P450 71A21 OS=Arabidopsis thaliana OX=3702 GN=CYP71A21 PE=2 SV=1	False
Q9STL5	0.28	0.132840949	0.236781264	CEP3	SOL	KDEL-tailed cysteine endopeptidase CEP3 OS=Arabidopsis thaliana OX=3702 GN=CEP3 PE=2 SV=1	False
Q9STP8	-0.37	0.055164852	0.092086756	ACBP2	MEM	Acyl-CoA-binding domain-containing protein 2 OS=Arabidopsis thaliana OX=3702 GN=ACBP2 PE=1 SV=1	False
Q9STS1	-0.35	0.11922134	0.169727937	ALDH10A9	MEM	Betaine aldehyde dehydrogenase 2, mitochondrial OS=Arabidopsis thaliana OX=3702 GN=ALDH10A9 PE=1 SV=1	False
Q9STS7	0.22	0.488166039	0.547008605	CHL	MEM	Chloroplastic lipocalin OS=Arabidopsis thaliana OX=3702 GN=CHL PE=1 SV=1	False
Q9STT2	-0.16	0.026394688	0.054521293	VPS29	MEM	Vacuolar protein sorting-associated protein 29 OS=Arabidopsis thaliana OX=3702 GN=VPS29 PE=2 SV=1	False
Q9STT3	-0.63	0.022651676	0.048885746	T23J7.130	MEM	Aldose 1-epimerase OS=Arabidopsis thaliana OX=3702 GN=T23J7.130 PE=1 SV=1	True
Q9STU3	-0.82	0.00173248	0.012030638	MAG2	MEM	RINT1-like protein MAG2 OS=Arabidopsis thaliana OX=3702 GN=MAG2 PE=1 SV=1	True
Q9STV4	-0.1	0.394230027	0.457947455	CIPK8	MEM	CBL-interacting serine/threonine-protein kinase 8 OS=Arabidopsis thaliana OX=3702 GN=CIPK8 PE=1 SV=1	False
Q9STW1	-0.32	0.061697508	0.100433046	At4g24330	MEM	At4g24330 OS=Arabidopsis thaliana OX=3702 GN=At4g24330 PE=1 SV=1	False
Q9STW5	-0.17	0.554837066	0.610406162	At4g24290	MEM	MACPF domain-containing protein At4g24290 OS=Arabidopsis thaliana OX=3702 GN=At4g24290 PE=2 SV=1	False
Q9STW6	-0.02	0.247023675	0.35519213	HSP70-6	SOL	Heat shock 70 kDa protein 6, chloroplastic OS=Arabidopsis thaliana OX=3702 GN=HSP70-6 PE=1 SV=1	False
Q9STX2	0.78	0.00326574	0.016245178	VEP1	MEM	3-oxo-Delta(4,5)-steroid 5-beta-reductase OS=Arabidopsis thaliana OX=3702 GN=VEP1 PE=1 SV=1	True
Q9STX5	-0.43	0.000100873	0.004249764	HSP90-7	MEM	Endoplasmin homolog OS=Arabidopsis thaliana OX=3702 GN=HSP90-7 PE=1 SV=1	True
Q9STY0	-0.72	0.012894443	0.034712646	PEX11B	MEM	Peroxisomal membrane protein 11B OS=Arabidopsis thaliana OX=3702 GN=PEX11B PE=1 SV=1	True
Q9STY4	-0.26	0.003443447	0.016582151	PYRR	MEM	Riboflavin biosynthesis protein PYRR, chloroplastic OS=Arabidopsis thaliana OX=3702 GN=PYRR PE=1 SV=1	True
Q9STY6	0.88	0.027634002	0.056173538	RPS20B	MEM	40S ribosomal protein S20-2 OS=Arabidopsis thaliana OX=3702 GN=RPS20B PE=2 SV=1	False
Q9STZ8	0.16	0.125909177	0.228202706	AtENODL19	SOL	At4g12880 OS=Arabidopsis thaliana OX=3702 GN=AtENODL19 PE=1 SV=1	False
Q9SU13	1.99	3.56596e-06	0.002757313	FLA2	MEM	Fasciclin-like arabinogalactan protein 2 OS=Arabidopsis thaliana OX=3702 GN=FLA2 PE=2 SV=1	True
Q9SU26	1.91	0.002877832	0.015113096	At4g12600	MEM	Ribonucloprotein OS=Arabidopsis thaliana OX=3702 GN=At4g12600 PE=1 SV=1	True
Q9SU40	0.28	0.016803808	0.040382154	SKU5	MEM	Monocopper oxidase-like protein SKU5 OS=Arabidopsis thaliana OX=3702 GN=SKU5 PE=1 SV=1	True
Q9SU63	0.49	0.01360863	0.03585625	ALDH2B4	MEM	Aldehyde dehydrogenase family 2 member B4, mitochondrial OS=Arabidopsis thaliana OX=3702 GN=ALDH2B4 PE=1 SV=1	True
Q9SU72	-0.26	0.257842258	0.320087738	EDS1	MEM	Protein EDS1 OS=Arabidopsis thaliana OX=3702 GN=EDS1 PE=1 SV=1	False
Q9SU79	0.02	0.490546063	0.5860527	PAO5	SOL	Probable polyamine oxidase 5 OS=Arabidopsis thaliana OX=3702 GN=PAO5 PE=1 SV=1	False
Q9SU81	-1.15	0.000130817	0.004436412	At4g29700	MEM	Alkaline-phosphatase-like family protein OS=Arabidopsis thaliana OX=3702 GN=At4g29700 PE=1 SV=1	True
Q9SU82	-0.15	0.078955106	0.122064515	At4g29690	MEM	Alkaline-phosphatase-like family protein OS=Arabidopsis thaliana OX=3702 GN=At4g29690 PE=1 SV=1	False
Q9SU83	0.44	0.027554061	0.098676738	At4g29680	SOL	Alkaline-phosphatase-like family protein OS=Arabidopsis thaliana OX=3702 GN=At4g29680 PE=1 SV=1	False
Q9SU88	-0.21	0.070355961	0.160866199	At4g29590	SOL	S-adenosyl-L-methionine-dependent methyltransferases superfamily protein OS=Arabidopsis thaliana OX=3702 GN=At4g29590 PE=1 SV=1	False
Q9SU93	-0.5	0.000382309	0.006530882	At4g29520	MEM	Nucleophosmin OS=Arabidopsis thaliana OX=3702 GN=At4g29520 PE=1 SV=1	True
Q9SU94	-0.44	0.123881737	0.17468496	PRMT11	MEM	Protein arginine N-methyltransferase 1.1 OS=Arabidopsis thaliana OX=3702 GN=PRMT11 PE=1 SV=1	False
Q9SUA1	-0.35	0.13106583	0.183239772	DEK3	MEM	DEK domain-containing chromatin-associated protein 3 OS=Arabidopsis thaliana OX=3702 GN=DEK3 PE=1 SV=1	False
Q9SUB2	1.34	0.01194323	0.033295649	At4g21020	MEM	Late embryogenesis abundant protein (LEA) family protein OS=Arabidopsis thaliana OX=3702 GN=At4g21020 PE=1 SV=1	True
Q9SUC6	0.88	0.000430468	0.023403654	FAD-OXR	SOL	Berberine bridge enzyme-like 22 OS=Arabidopsis thaliana OX=3702 GN=FAD-OXR PE=2 SV=1	True
Q9SUD0	0.02	0.942290462	0.954083912	SKU5	SOL	Multi-copper oxidase type I family protein OS=Arabidopsis thaliana OX=3702 GN=SKU5 similar 10 PE=1 SV=1	False
Q9SUE9	-0.14	0.050072402	0.134076599	At4g08310	SOL	DNA ligase OS=Arabidopsis thaliana OX=3702 GN=At4g08310 PE=1 SV=1	False
Q9SUF2	-0.16	0.067919803	0.158316203	At4g08280	SOL	Glutaredoxin-like protein OS=Arabidopsis thaliana OX=3702 GN=At4g08280 PE=1 SV=1	False
Q9SUG6	0.03	0.341623951	0.446544869	PUX3	SOL	Plant UBX domain-containing protein 3 OS=Arabidopsis thaliana OX=3702 GN=PUX3 PE=1 SV=1	False
Q9SUI4	-1.01	0.000832336	0.009025555	PSAL	MEM	Photosystem I reaction center subunit XI, chloroplastic OS=Arabidopsis thaliana OX=3702 GN=PSAL PE=1 SV=2	True
Q9SUI5	-3.19	0.000175903	0.004817749	PSAK	MEM	Photosystem I reaction center subunit psaK, chloroplastic OS=Arabidopsis thaliana OX=3702 GN=PSAK PE=2 SV=2	True
Q9SUI6	-1.46	0.002086787	0.013064687	PSAH2	MEM	Photosystem I reaction center subunit VI-2, chloroplastic OS=Arabidopsis thaliana OX=3702 GN=PSAH2 PE=2 SV=1	True
Q9SUL8	-0.71	0.009795843	0.029915467	YIP4b	MEM	Protein YIP OS=Arabidopsis thaliana OX=3702 GN=YIP4b PE=1 SV=1	True
Q9SUP0	1.37	0.000255386	0.005481077	At4g20390	MEM	CASP-like protein 1B2 OS=Arabidopsis thaliana OX=3702 GN=At4g20390 PE=2 SV=1	True
Q9SUP5	0.42	0.254473035	0.363206556	F9D16.290	SOL	Pectin lyase-like superfamily protein OS=Arabidopsis thaliana OX=3702 GN=F9D16.290 PE=1 SV=1	False
Q9SUQ3	-0.61	0.037505412	0.069651838	At4g23740	MEM	Probable inactive receptor kinase At4g23740 OS=Arabidopsis thaliana OX=3702 GN=At4g23740 PE=1 SV=1	False
Q9SUQ8	0.37	0.089473976	0.184377171	DIR6	SOL	Dirigent protein 6 OS=Arabidopsis thaliana OX=3702 GN=DIR6 PE=1 SV=1	False
Q9SUQ9	0.91	0.000706878	0.024959718	At4g23680	SOL	AT4g23680/F9D16_150 OS=Arabidopsis thaliana OX=3702 GN=At4g23680 PE=1 SV=1	True
Q9SUR0	0.26	0.03021836	0.104055899	At4g23670	SOL	AT4G23670 protein OS=Arabidopsis thaliana OX=3702 GN=At4g23670 PE=1 SV=1	False
Q9SUR3	-0.14	0.138861321	0.19228703	RTNLB1	MEM	Reticulon-like protein B1 OS=Arabidopsis thaliana OX=3702 GN=RTNLB1 PE=1 SV=1	False
Q9SUR6	-1.0	0.011830233	0.033133923	CORI3	MEM	Cystine lyase CORI3 OS=Arabidopsis thaliana OX=3702 GN=CORI3 PE=1 SV=1	True
Q9SUR9	0.14	0.238109726	0.299425396	SGT1A	MEM	Protein SGT1 homolog A OS=Arabidopsis thaliana OX=3702 GN=SGT1A PE=1 SV=1	False
Q9SUS0	1.13	0.001086034	0.00976055	At4g23560	MEM	Endoglucanase 20 OS=Arabidopsis thaliana OX=3702 GN=At4g23560 PE=2 SV=1	True
Q9SUS3	-0.38	0.015439738	0.038519179	BETAB-AD	MEM	Beta-adaptin-like protein B OS=Arabidopsis thaliana OX=3702 GN=BETAB-AD PE=1 SV=1	True
Q9SUT2	0.84	0.000637572	0.024468046	PER39	SOL	Peroxidase 39 OS=Arabidopsis thaliana OX=3702 GN=PER39 PE=1 SV=1	True
Q9SUT4	-0.61	0.0064227	0.023938326	At4g11270	MEM	Transducin/WD40 repeat-like superfamily protein OS=Arabidopsis thaliana OX=3702 GN=At4g11270 PE=1 SV=1	True
Q9SUT5	0.27	0.004510659	0.019460333	SGT1B	MEM	Protein SGT1 homolog B OS=Arabidopsis thaliana OX=3702 GN=SGT1B PE=1 SV=1	True
Q9SUT9	0.02	0.438056646	0.498941097	RTNLB2	MEM	Reticulon-like protein B2 OS=Arabidopsis thaliana OX=3702 GN=RTNLB2 PE=1 SV=1	False
Q9SUU5	-0.47	0.051063625	0.086903892	QCR7-1	MEM	Cytochrome b-c1 complex subunit 7-1, mitochondrial OS=Arabidopsis thaliana OX=3702 GN=QCR7-1 PE=1 SV=1	False
Q9SUU6	0.24	0.072856669	0.164303311	At4g32460	SOL	Uncharacterized protein AT4g32460 OS=Arabidopsis thaliana OX=3702 GN=At4g32460 PE=1 SV=1	False
Q9SUV1	-0.77	0.010716491	0.031230074	BT1	MEM	Adenine nucleotide transporter BT1, chloroplastic/mitochondrial OS=Arabidopsis thaliana OX=3702 GN=BT1 PE=1 SV=1	True
Q9SUV2	-1.18	0.00772458	0.026484277	At4g32390	MEM	Probable sugar phosphate/phosphate translocator At4g32390 OS=Arabidopsis thaliana OX=3702 GN=At4g32390 PE=3 SV=1	True
Q9SUW6	0.59	0.019824577	0.084422025	At4g22530	SOL	S-adenosyl-L-methionine-dependent methyltransferases superfamily protein OS=Arabidopsis thaliana OX=3702 GN=At4g22530 PE=1 SV=1	False
Q9SUX0	-1.13	0.153012918	0.257248642	At4g22490	SOL	Bifunctional inhibitor/lipid-transfer protein/seed storage 2S albumin superfamily protein OS=Arabidopsis thaliana OX=3702 GN=At4g22490 PE=1 SV=1	False
Q9SUY2	-0.97	0.009875722	0.030077373	F4F15.340	MEM	AT3g52230/F4F15_340 OS=Arabidopsis thaliana OX=3702 GN=F4F15.340 PE=1 SV=1	True
Q9SV20	-0.52	0.001830491	0.035701778	At4g31490	SOL	Coatomer subunit beta-2 OS=Arabidopsis thaliana OX=3702 GN=At4g31490 PE=2 SV=2	True
Q9SV21	-0.45	0.019571979	0.044513559	At4g31480	MEM	Coatomer subunit beta-1 OS=Arabidopsis thaliana OX=3702 GN=At4g31480 PE=3 SV=2	True
Q9SV31	-0.75	0.005778899	0.022526555	PIP2-5	MEM	Probable aquaporin PIP2-5 OS=Arabidopsis thaliana OX=3702 GN=PIP2-5 PE=1 SV=1	True
Q9SV64	-0.25	0.114324333	0.215510557	FATA2	SOL	Oleoyl-acyl carrier protein thioesterase 2, chloroplastic OS=Arabidopsis thaliana OX=3702 GN=FATA2 PE=2 SV=1	False
Q9SV68	0.06	0.265953791	0.37486772	CEQORH	SOL	Chloroplast envelope quinone oxidoreductase homolog OS=Arabidopsis thaliana OX=3702 GN=CEQORH PE=1 SV=1	False
Q9SV71	0.26	0.16888153	0.224603423	At4g12980	MEM	Cytochrome b561 and DOMON domain-containing protein At4g12980 OS=Arabidopsis thaliana OX=3702 GN=At4g12980 PE=2 SV=1	False
Q9SV91	0.31	0.604660066	0.683484781	F24G24.100	SOL	At4g10300 OS=Arabidopsis thaliana OX=3702 GN=F24G24.100 PE=1 SV=1	False
Q9SVA6	-0.18	0.043271321	0.124728155	DRG3	SOL	Developmentally-regulated G-protein 3 OS=Arabidopsis thaliana OX=3702 GN=DRG3 PE=1 SV=1	False
Q9SVA7	-0.61	0.038498434	0.071028095	CYP96A12	MEM	AT4g39510/F23K16_140 OS=Arabidopsis thaliana OX=3702 GN=CYP96A12 PE=1 SV=1	False
Q9SVC2	0.55	0.009041654	0.028785234	SYP122	MEM	Syntaxin-122 OS=Arabidopsis thaliana OX=3702 GN=SYP122 PE=1 SV=1	True
Q9SVD1	-0.24	0.042563636	0.123262033	F22O6_120	SOL	At3g52500 OS=Arabidopsis thaliana OX=3702 GN=F22O6_120 PE=1 SV=1	False
Q9SVG3	0.25	0.121415926	0.222665781	At4g20840	SOL	Berberine bridge enzyme-like 21 OS=Arabidopsis thaliana OX=3702 GN=At4g20840 PE=2 SV=1	False
Q9SVG4	0.31	0.003434213	0.016582151	At4g20830	MEM	Berberine bridge enzyme-like 19 OS=Arabidopsis thaliana OX=3702 GN=At4g20830 PE=1 SV=2	True
Q9SVM9	-0.94	0.000501115	0.007350779	CER26	MEM	Protein ECERIFERUM 26 OS=Arabidopsis thaliana OX=3702 GN=CER26 PE=2 SV=1	True
Q9SVN5	0.41	0.019405221	0.044220873	At4g13780	MEM	Methionine--tRNA ligase, cytoplasmic OS=Arabidopsis thaliana OX=3702 GN=At4g13780 PE=2 SV=1	True
Q9SVP6	0.0	0.463144546	0.523515746	PRR2	MEM	Pinoresinol reductase 2 OS=Arabidopsis thaliana OX=3702 GN=PRR2 PE=1 SV=1	False
Q9SVQ9	1.07	3.57135e-05	0.003642269	At4g13180	MEM	AT4g13180/F17N18_70 OS=Arabidopsis thaliana OX=3702 GN=At4g13180 PE=1 SV=1	True
Q9SVR0	-0.41	0.004949671	0.020497903	RPL13AC	MEM	60S ribosomal protein L13a-3 OS=Arabidopsis thaliana OX=3702 GN=RPL13AC PE=2 SV=1	True
Q9SVW7	-0.28	0.039221926	0.117903776	MRPL11	SOL	At4g35490 OS=Arabidopsis thaliana OX=3702 GN=MRPL11 PE=1 SV=1	False
Q9SVW8	0.69	0.02937449	0.058440833	PIRL4	MEM	Plant intracellular Ras-group-related LRR protein 4 OS=Arabidopsis thaliana OX=3702 GN=PIRL4 PE=1 SV=1	False
Q9SW09	-0.11	0.069018904	0.159626354	RPS10A	SOL	40S ribosomal protein S10-1 OS=Arabidopsis thaliana OX=3702 GN=RPS10A PE=1 SV=1	False
Q9SW18	-0.78	0.007238132	0.0255915	CHLM	MEM	Magnesium protoporphyrin IX methyltransferase, chloroplastic OS=Arabidopsis thaliana OX=3702 GN=CHLM PE=1 SV=1	True
Q9SW33	0.52	0.045603866	0.08012795	At4g24930	MEM	Thylakoid lumenal 17.9 kDa protein, chloroplastic OS=Arabidopsis thaliana OX=3702 GN=At4g24930 PE=1 SV=1	False
Q9SW43	-0.46	0.006033235	0.050036799	T11I11.160	SOL	AT4g34920/F11I11_160 OS=Arabidopsis thaliana OX=3702 GN=T11I11.160 PE=1 SV=1	False
Q9SW44	-0.06	0.212915639	0.319244575	RH16	SOL	DEAD-box ATP-dependent RNA helicase 16 OS=Arabidopsis thaliana OX=3702 GN=RH16 PE=2 SV=1	False
Q9SW48	0.37	0.353078867	0.457973305	INVB	SOL	Probable alkaline/neutral invertase B OS=Arabidopsis thaliana OX=3702 GN=INVB PE=1 SV=1	False
Q9SW96	0.23	0.041746037	0.075110536	SYNC1	MEM	Asparagine--tRNA ligase, cytoplasmic 1 OS=Arabidopsis thaliana OX=3702 GN=SYNC1 PE=1 SV=1	False
Q9SWG0	0.54	0.005289169	0.046576541	IVD	SOL	Isovaleryl-CoA dehydrogenase, mitochondrial OS=Arabidopsis thaliana OX=3702 GN=IVD PE=1 SV=2	True
Q9SX22	-0.11	0.481319512	0.578003441	At1g68590	SOL	30S ribosomal protein 3-1, chloroplastic OS=Arabidopsis thaliana OX=3702 GN=At1g68590 PE=1 SV=1	False
Q9SX52	-0.06	0.183333802	0.289062908	FYPP1	SOL	Phytochrome-associated serine/threonine-protein phosphatase 1 OS=Arabidopsis thaliana OX=3702 GN=FYPP1 PE=1 SV=1	False
Q9SX68	0.39	0.036606506	0.114535977	RPL18	SOL	50S ribosomal protein L18, chloroplastic OS=Arabidopsis thaliana OX=3702 GN=RPL18 PE=2 SV=1	False
Q9SX77	0.22	0.412659795	0.514609919	SDH5	SOL	Succinate dehydrogenase subunit 5, mitochondrial OS=Arabidopsis thaliana OX=3702 GN=SDH5 PE=1 SV=1	False
Q9SX78	0.07	0.631592319	0.683042874	CXE2	MEM	Probable carboxylesterase 2 OS=Arabidopsis thaliana OX=3702 GN=CXE2 PE=2 SV=1	False
Q9SX80	0.25	0.108167707	0.156817863	RBP47C'	MEM	Polyadenylate-binding protein RBP47C' OS=Arabidopsis thaliana OX=3702 GN=RBP47C' PE=2 SV=1	False
Q9SXB6	-0.78	0.003101456	0.015814486	MLO2	MEM	MLO-like protein 2 OS=Arabidopsis thaliana OX=3702 GN=MLO2 PE=1 SV=1	True
Q9SXB8	-0.73	0.008359366	0.027625744	At1g11330	MEM	G-type lectin S-receptor-like serine/threonine-protein kinase At1g11330 OS=Arabidopsis thaliana OX=3702 GN=At1g11330 PE=1 SV=3	True
Q9SXC0	-0.48	0.000495311	0.023597535	At1g59960	SOL	NAD(P)-linked oxidoreductase superfamily protein OS=Arabidopsis thaliana OX=3702 GN=At1g59960 PE=1 SV=1	True
Q9SXC8	0.06	0.257042684	0.365846425	At1g27530	SOL	Ubiquitin-fold modifier-conjugating enzyme 1 OS=Arabidopsis thaliana OX=3702 GN=At1g27530 PE=2 SV=1	False
Q9SXE1	-2.9	0.000153896	0.017518085	FMOGS-OX3	SOL	Flavin-containing monooxygenase FMO GS-OX3 OS=Arabidopsis thaliana OX=3702 GN=FMOGS-OX3 PE=1 SV=1	True
Q9SXE9	1.4	0.026174636	0.096432188	At1g62480	SOL	At1g62480/T3P18_4 OS=Arabidopsis thaliana OX=3702 GN=At1g62480 PE=1 SV=1	False
Q9SXJ6	-0.17	0.084858818	0.179277135	CLPP3	SOL	ATP-dependent Clp protease proteolytic subunit 3, chloroplastic OS=Arabidopsis thaliana OX=3702 GN=CLPP3 PE=1 SV=1	False
Q9SXJ7	-0.86	0.000411524	0.006768655	CLPC2	MEM	Chaperone protein ClpC2, chloroplastic OS=Arabidopsis thaliana OX=3702 GN=CLPC2 PE=1 SV=1	True
Q9SXP7	-0.37	0.025213787	0.094487294	LIP2	SOL	Octanoyltransferase LIP2, mitochondrial OS=Arabidopsis thaliana OX=3702 GN=LIP2 PE=1 SV=1	False
Q9SXS7	0.17	0.119229986	0.169727937	CYSD2	MEM	Bifunctional L-3-cyanoalanine synthase/cysteine synthase D2 OS=Arabidopsis thaliana OX=3702 GN=CYSD2 PE=1 SV=1	False
Q9SY33	0.44	0.101582569	0.14877964	PER7	MEM	Peroxidase 7 OS=Arabidopsis thaliana OX=3702 GN=PER7 PE=2 SV=1	False
Q9SY56	-0.56	0.037437546	0.069593286	At1g10140	MEM	At1g10140 OS=Arabidopsis thaliana OX=3702 GN=At1g10140 PE=1 SV=1	False
Q9SY97	-1.07	0.005957585	0.022868168	LHCA3	MEM	Photosystem I chlorophyll a/b-binding protein 3-1, chloroplastic OS=Arabidopsis thaliana OX=3702 GN=LHCA3 PE=1 SV=1	True
Q9SYB5	-0.24	0.270673644	0.333426587	OST3B	MEM	Probable dolichyl-diphosphooligosaccharide--protein glycosyltransferase subunit 3B OS=Arabidopsis thaliana OX=3702 GN=OST3B PE=2 SV=1	False
Q9SYB8	-0.08	0.096199471	0.142421808	F11M15.2	MEM	Trafficking protein particle complex subunit OS=Arabidopsis thaliana OX=3702 GN=F11M15.2 PE=1 SV=1	False
Q9SYE2	-0.1	0.994099502	0.995170875	F11M15.26	SOL	At1g51400/F5D21_10 OS=Arabidopsis thaliana OX=3702 GN=F11M15.26 PE=1 SV=1	False
Q9SYG5	-0.23	0.002964954	0.01540152	ATEXO70D2	MEM	Exocyst subunit Exo70 family protein OS=Arabidopsis thaliana OX=3702 GN=ATEXO70D2 PE=1 SV=1	True
Q9SYG7	0.92	0.001394845	0.010783937	ALDH7B4	MEM	Aldehyde dehydrogenase family 7 member B4 OS=Arabidopsis thaliana OX=3702 GN=ALDH7B4 PE=2 SV=3	True
Q9SYI5	0.55	0.019999107	0.045109635	At4g01870	MEM	TolB protein-like protein OS=Arabidopsis thaliana OX=3702 GN=At4g01870 PE=1 SV=1	True
Q9SYL6	-0.09	0.21417945	0.320945249	GGH1	SOL	Gamma-glutamyl hydrolase 1 OS=Arabidopsis thaliana OX=3702 GN=GGH1 PE=2 SV=1	False
Q9SYL9	-0.13	0.430178325	0.529134585	RPL13	SOL	50S ribosomal protein L13, chloroplastic OS=Arabidopsis thaliana OX=3702 GN=RPL13 PE=2 SV=1	False
Q9SYM1	-0.25	0.028341603	0.05702068	MSL6	MEM	Mechanosensitive ion channel protein 6 OS=Arabidopsis thaliana OX=3702 GN=MSL6 PE=1 SV=1	False
Q9SYM5	-0.21	0.02308406	0.090860754	RHM1	SOL	Trifunctional UDP-glucose 4,6-dehydratase/UDP-4-keto-6-deoxy-D-glucose 3,5-epimerase/UDP-4-keto-L-rhamnose-reductase RHM1 OS=Arabidopsis thaliana OX=3702 GN=RHM1 PE=1 SV=1	False
Q9SYP1	-0.75	1.85011e-05	0.003285165	BRR2A	MEM	DExH-box ATP-dependent RNA helicase DExH12 OS=Arabidopsis thaliana OX=3702 GN=BRR2A PE=1 SV=1	True
Q9SYP2	0.34	0.000798569	0.008876914	PFP-ALPHA1	MEM	Pyrophosphate--fructose 6-phosphate 1-phosphotransferase subunit alpha 1 OS=Arabidopsis thaliana OX=3702 GN=PFP-ALPHA1 PE=1 SV=1	True
Q9SYT0	0.32	0.06452354	0.104082149	ANN1	MEM	Annexin D1 OS=Arabidopsis thaliana OX=3702 GN=ANN1 PE=1 SV=1	False
Q9SYX1	-0.53	0.019748932	0.044773561	LIL3.1	MEM	Light-harvesting complex-like protein 3 isotype 1, chloroplastic OS=Arabidopsis thaliana OX=3702 GN=LIL3.1 PE=1 SV=1	True
Q9SZ11	0.75	0.004482608	0.019393332	GDPDL3	MEM	Glycerophosphodiester phosphodiesterase GDPDL3 OS=Arabidopsis thaliana OX=3702 GN=GDPDL3 PE=2 SV=3	True
Q9SZ30	-0.41	0.032475076	0.062541383	HISN4	MEM	Imidazole glycerol phosphate synthase hisHF, chloroplastic OS=Arabidopsis thaliana OX=3702 GN=HISN4 PE=2 SV=1	False
Q9SZ51	0.78	0.02719989	0.055602414	ENODL15	MEM	Early nodulin-like protein 15 OS=Arabidopsis thaliana OX=3702 GN=ENODL15 PE=1 SV=1	False
Q9SZ52	-0.86	0.010411887	0.030866796	PGR3	MEM	Pentatricopeptide repeat-containing protein At4g31850, chloroplastic OS=Arabidopsis thaliana OX=3702 GN=PGR3 PE=1 SV=1	True
Q9SZ54	-0.27	0.115170176	0.216501285	GPX7	SOL	Putative glutathione peroxidase 7, chloroplastic OS=Arabidopsis thaliana OX=3702 GN=GPX7 PE=3 SV=2	False
Q9SZ63	-0.07	0.867243861	0.898437074	NUDT14	SOL	Nudix hydrolase 14, chloroplastic OS=Arabidopsis thaliana OX=3702 GN=NUDT14 PE=1 SV=2	False
Q9SZ83	0.26	0.005585935	0.047876683	At4g09670	SOL	Uncharacterized oxidoreductase At4g09670 OS=Arabidopsis thaliana OX=3702 GN=At4g09670 PE=1 SV=1	True
Q9SZ91	0.23	0.214279846	0.321030955	At4g09750	SOL	NAD(P)-binding Rossmann-fold superfamily protein OS=Arabidopsis thaliana OX=3702 GN=At4g09750 PE=1 SV=1	False
Q9SZA3	0.65	0.023161945	0.049629687	TIF3K1	MEM	Eukaryotic translation initiation factor 3 subunit K OS=Arabidopsis thaliana OX=3702 GN=TIF3K1 PE=2 SV=1	True
Q9SZB2	-0.57	0.000147191	0.004436412	TIC22	MEM	Protein TIC 22, chloroplastic OS=Arabidopsis thaliana OX=3702 GN=TIC22 PE=1 SV=1	True
Q9SZB7	0.16	0.489158671	0.54781291	At4g33400	MEM	Dem-like protein OS=Arabidopsis thaliana OX=3702 GN=At4g33400 PE=1 SV=1	False
Q9SZB9	0.88	0.002500057	0.038147683	PER47	SOL	Peroxidase 47 OS=Arabidopsis thaliana OX=3702 GN=PER47 PE=2 SV=2	True
Q9SZC9	-0.91	0.070848912	0.112029766	PAA1	MEM	Copper-transporting ATPase PAA1, chloroplastic OS=Arabidopsis thaliana OX=3702 GN=PAA1 PE=1 SV=1	False
Q9SZD4	-0.22	0.021656058	0.047509383	RPT2A	MEM	26S proteasome regulatory subunit 4 homolog A OS=Arabidopsis thaliana OX=3702 GN=RPT2A PE=1 SV=1	True
Q9SZD6	0.28	0.109911216	0.159097341	PETs	MEM	Polyprotein of EF-Ts, chloroplastic OS=Arabidopsis thaliana OX=3702 GN=PETs PE=1 SV=1	False
Q9SZE1	0.49	0.033529633	0.064020175	At4g29120	MEM	Probable 3-hydroxyisobutyrate dehydrogenase-like 1, mitochondrial OS=Arabidopsis thaliana OX=3702 GN=At4g29120 PE=1 SV=1	False
Q9SZE4	-0.13	0.634428143	0.685471542	VPS32.2	MEM	Vacuolar protein sorting-associated protein 32 homolog 2 OS=Arabidopsis thaliana OX=3702 GN=VPS32.2 PE=1 SV=1	False
Q9SZE7	1.12	0.000813199	0.025005634	PER51	SOL	Peroxidase 51 OS=Arabidopsis thaliana OX=3702 GN=PER51 PE=2 SV=1	True
Q9SZE9	-0.62	0.002725561	0.014785848	At4g37550	MEM	Acetamidase/Formamidase family protein OS=Arabidopsis thaliana OX=3702 GN=At4g37550 PE=1 SV=1	True
Q9SZI2	0.25	0.006906893	0.025052987	NAP1;1	MEM	Nucleosome assembly protein 1;1 OS=Arabidopsis thaliana OX=3702 GN=NAP1;1 PE=1 SV=1	True
Q9SZI4	-0.49	0.034086426	0.064871012	At4g26130	MEM	AT4g26130/F20B18_240 OS=Arabidopsis thaliana OX=3702 GN=At4g26130 PE=1 SV=1	False
Q9SZJ5	-0.2	0.045672292	0.128294268	SHM1	SOL	Serine hydroxymethyltransferase 1, mitochondrial OS=Arabidopsis thaliana OX=3702 GN=SHM1 PE=1 SV=1	False
Q9SZN1	0.59	0.00190311	0.012557739	VHA-B2	MEM	V-type proton ATPase subunit B2 OS=Arabidopsis thaliana OX=3702 GN=VHA-B2 PE=1 SV=1	True
Q9SZN7	0.33	0.116179603	0.166206425	HIPP26	MEM	Heavy metal-associated isoprenylated plant protein 26 OS=Arabidopsis thaliana OX=3702 GN=HIPP26 PE=1 SV=1	False
Q9SZP6	-0.41	0.003828686	0.017499051	F20M13.250	MEM	AT4g38690/F20M13_250 OS=Arabidopsis thaliana OX=3702 GN=F20M13.250 PE=1 SV=1	True
Q9SZP8	0.76	0.010536514	0.06375964	EIF4B3	SOL	Eukaryotic translation initiation factor 4B3 OS=Arabidopsis thaliana OX=3702 GN=EIF4B3 PE=1 SV=1	False
Q9SZR1	0.07	0.852395784	0.876251551	ACA10	MEM	Calcium-transporting ATPase 10, plasma membrane-type OS=Arabidopsis thaliana OX=3702 GN=ACA10 PE=1 SV=2	False
Q9SZR6	-0.78	0.004208892	0.018669802	At4g29960	MEM	Transmembrane protein OS=Arabidopsis thaliana OX=3702 GN=At4g29960 PE=1 SV=1	True
Q9SZV0	-0.49	0.002580527	0.014450233	RNC1	MEM	Ribonuclease III domain-containing protein RNC1, chloroplastic OS=Arabidopsis thaliana OX=3702 GN=RNC1 PE=2 SV=1	True
Q9SZV4	-0.47	0.01205316	0.033435929	At4g30010	MEM	AT4g30010/F6G3_40 OS=Arabidopsis thaliana OX=3702 GN=At4g30010 PE=1 SV=1	True
Q9SZX3	-0.02	0.915573566	0.935335052	At4g24830	SOL	Argininosuccinate synthase, chloroplastic OS=Arabidopsis thaliana OX=3702 GN=At4g24830 PE=1 SV=3	False
Q9SZX9	-0.25	0.164837869	0.22028161	RPL9D	MEM	60S ribosomal protein L9-2 OS=Arabidopsis thaliana OX=3702 GN=RPL9D PE=2 SV=1	False
Q9SZZ6	0.49	0.018119571	0.042254748	At4g25680	MEM	At4g25680 OS=Arabidopsis thaliana OX=3702 GN=At4g25680 PE=1 SV=1	True
Q9T017	0.87	0.058124893	0.144456883	DIR13	SOL	Dirigent protein 13 OS=Arabidopsis thaliana OX=3702 GN=DIR13 PE=2 SV=1	False
Q9T019	1.66	0.009088684	0.059347988	DIR14	SOL	Dirigent protein 14 OS=Arabidopsis thaliana OX=3702 GN=DIR14 PE=2 SV=1	False
Q9T024	0.47	0.002245805	0.013569745	At4g39150	MEM	AT4g39150/T22F8_50 OS=Arabidopsis thaliana OX=3702 GN=At4g39150 PE=1 SV=1	True
Q9T030	-0.35	0.060687543	0.148247578	PCBER1	SOL	Phenylcoumaran benzylic ether reductase 1 OS=Arabidopsis thaliana OX=3702 GN=PCBER1 PE=1 SV=1	False
Q9T034	0.77	0.001007207	0.00970952	At4g39280	MEM	Phenylalanine--tRNA ligase alpha subunit, cytoplasmic OS=Arabidopsis thaliana OX=3702 GN=At4g39280 PE=2 SV=3	True
Q9T041	0.32	0.447393966	0.508330129	TOR1	MEM	Microtubule-associated protein TORTIFOLIA1 OS=Arabidopsis thaliana OX=3702 GN=TOR1 PE=1 SV=2	False
Q9T043	0.34	0.069624972	0.110437738	RPL14B	MEM	60S ribosomal protein L14-2 OS=Arabidopsis thaliana OX=3702 GN=RPL14B PE=1 SV=1	False
Q9T053	-0.59	0.016199019	0.077761568	PLDGAMMA1	SOL	Phospholipase D gamma 1 OS=Arabidopsis thaliana OX=3702 GN=PLDGAMMA1 PE=1 SV=1	False
Q9T069	-1.25	0.000655423	0.008088777	At4g37820	MEM	Transmembrane protein OS=Arabidopsis thaliana OX=3702 GN=At4g37820 PE=1 SV=1	True
Q9T074	0.88	0.001900551	0.012557739	PCK1	MEM	Phosphoenolpyruvate carboxykinase (ATP) 1 OS=Arabidopsis thaliana OX=3702 GN=PCK1 PE=1 SV=1	True
Q9T075	0.24	0.08533861	0.129647164	RMD5	MEM	Protein RMD5 homolog OS=Arabidopsis thaliana OX=3702 GN=RMD5 PE=1 SV=1	False
Q9T076	1.29	0.008913465	0.028582519	At4g27520	MEM	Early nodulin-like protein 2 OS=Arabidopsis thaliana OX=3702 GN=At4g27520 PE=1 SV=1	True
Q9T080	-0.92	0.00234856	0.03740771	UGT79B2	SOL	UDP-glycosyltransferase 79B2 OS=Arabidopsis thaliana OX=3702 GN=UGT79B2 PE=2 SV=1	True
Q9T0A0	0.22	0.044824906	0.078953345	LACS4	MEM	Long chain acyl-CoA synthetase 4 OS=Arabidopsis thaliana OX=3702 GN=LACS4 PE=2 SV=1	False
Q9T0A4	-0.83	0.007850596	0.02669039	ndhS	MEM	NAD(P)H-quinone oxidoreductase subunit S, chloroplastic OS=Arabidopsis thaliana OX=3702 GN=ndhS PE=1 SV=1	True
Q9T0G2	0.19	0.319542999	0.427226344	CYTC-2	SOL	Cytochrome c-2 OS=Arabidopsis thaliana OX=3702 GN=CYTC-2 PE=1 SV=1	False
Q9T0H1	-0.54	0.002004459	0.012828816	At4g13500	MEM	At4g13500 OS=Arabidopsis thaliana OX=3702 GN=At4g13500 PE=1 SV=1	True
Q9T0I8	0.23	0.006118977	0.050293993	MTN1	SOL	5'-methylthioadenosine nucleosidase OS=Arabidopsis thaliana OX=3702 GN=MTN1 PE=1 SV=1	False
Q9T0I9	0.86	0.00200967	0.012844471	At4g38810	MEM	Calcium-binding EF-hand family protein OS=Arabidopsis thaliana OX=3702 GN=At4g38810 PE=1 SV=1	True
Q9T0J6	-0.19	0.014621221	0.074034416	At4g38890	SOL	tRNA-dihydrouridine(47) synthase [NAD(P)(+)]-like OS=Arabidopsis thaliana OX=3702 GN=At4g38890 PE=1 SV=2	False
Q9T0K5	-1.01	0.012753221	0.034462252	LRX3	MEM	Leucine-rich repeat extensin-like protein 3 OS=Arabidopsis thaliana OX=3702 GN=LRX3 PE=1 SV=1	True
Q9T0K7	-0.36	0.086987082	0.131506582	At4g13360	MEM	3-hydroxyisobutyryl-CoA hydrolase-like protein 3, mitochondrial OS=Arabidopsis thaliana OX=3702 GN=At4g13360 PE=1 SV=2	False
Q9T0P4	0.34	0.002897054	0.040259894	GLU2	SOL	Ferredoxin-dependent glutamate synthase 2, chloroplastic OS=Arabidopsis thaliana OX=3702 GN=GLU2 PE=1 SV=2	True
Q9XEA0	-0.15	0.113791786	0.215162026	EMB2369	SOL	Leucine--tRNA ligase, chloroplastic/mitochondrial OS=Arabidopsis thaliana OX=3702 GN=EMB2369 PE=2 SV=1	False
Q9XEA1	-0.52	0.028421481	0.05713191	OSCA1	MEM	Protein OSCA1 OS=Arabidopsis thaliana OX=3702 GN=OSCA1 PE=1 SV=1	False
Q9XEE2	1.14	0.000637712	0.007922808	ANN2	MEM	Annexin D2 OS=Arabidopsis thaliana OX=3702 GN=ANN2 PE=1 SV=1	True
Q9XES1	-0.83	0.007242617	0.0255915	ECA4	MEM	Calcium-transporting ATPase 4, endoplasmic reticulum-type OS=Arabidopsis thaliana OX=3702 GN=ECA4 PE=2 SV=2	True
Q9XEX2	1.32	0.031364136	0.060976342	PRXIIB	MEM	Peroxiredoxin-2B OS=Arabidopsis thaliana OX=3702 GN=PRXIIB PE=1 SV=1	False
Q9XF57	-0.18	0.421237272	0.482504372	PEX7	MEM	Peroxisome biogenesis protein 7 OS=Arabidopsis thaliana OX=3702 GN=PEX7 PE=1 SV=2	False
Q9XF88	-0.75	0.010587036	0.0310054	LHCB4.2	MEM	Chlorophyll a-b binding protein CP29.2, chloroplastic OS=Arabidopsis thaliana OX=3702 GN=LHCB4.2 PE=1 SV=1	True
Q9XF89	-1.05	0.005897683	0.022755958	LHCB5	MEM	Chlorophyll a-b binding protein CP26, chloroplastic OS=Arabidopsis thaliana OX=3702 GN=LHCB5 PE=1 SV=1	True
Q9XF91	-1.42	0.003400437	0.016582151	PSBS	MEM	Photosystem II 22 kDa protein, chloroplastic OS=Arabidopsis thaliana OX=3702 GN=PSBS PE=2 SV=1	True
Q9XFD1	-0.07	0.257430394	0.366257947	CBP20	SOL	Nuclear cap-binding protein subunit 2 OS=Arabidopsis thaliana OX=3702 GN=CBP20 PE=1 SV=1	False
Q9XFH8	-0.48	0.072173168	0.163099175	At3g02730	SOL	Thioredoxin F1, chloroplastic OS=Arabidopsis thaliana OX=3702 GN=At3g02730 PE=1 SV=2	False
Q9XFH9	-0.19	0.734163584	0.774145734	At5g16400	MEM	Thioredoxin F2, chloroplastic OS=Arabidopsis thaliana OX=3702 GN=At5g16400 PE=1 SV=1	False
Q9XFM6	0.52	0.051818812	0.087858459	MSBP1	MEM	Membrane steroid-binding protein 1 OS=Arabidopsis thaliana OX=3702 GN=MSBP1 PE=1 SV=2	False
Q9XFS7	0.59	0.003242175	0.040850582	LTP5	SOL	Non-specific lipid-transfer protein 5 OS=Arabidopsis thaliana OX=3702 GN=LTP5 PE=1 SV=1	True
Q9XFT3	0.34	0.059592737	0.146682222	PSBQ1	SOL	Oxygen-evolving enhancer protein 3-1, chloroplastic OS=Arabidopsis thaliana OX=3702 GN=PSBQ1 PE=1 SV=3	False
Q9XGM1	0.75	0.001312487	0.010458911	VHA-D	MEM	V-type proton ATPase subunit D OS=Arabidopsis thaliana OX=3702 GN=VHA-D PE=1 SV=2	True
Q9XGN1	-0.04	0.068525932	0.159206906	TTG1	SOL	Protein TRANSPARENT TESTA GLABRA 1 OS=Arabidopsis thaliana OX=3702 GN=TTG1 PE=1 SV=1	False
Q9XGX9	0.32	0.104032538	0.203010974	TIM9	SOL	Mitochondrial import inner membrane translocase subunit TIM9 OS=Arabidopsis thaliana OX=3702 GN=TIM9 PE=1 SV=2	False
Q9XGZ3	-0.32	0.048511264	0.083747943	At5g25940	MEM	Early nodulin-like protein OS=Arabidopsis thaliana OX=3702 GN=At5g25940 PE=1 SV=1	False
Q9XH75	-1.15	0.003769641	0.017376625	TATB	MEM	Sec-independent protein translocase protein TATB, chloroplastic OS=Arabidopsis thaliana OX=3702 GN=TATB PE=1 SV=1	True
Q9XI01	0.37	0.001093035	0.00976055	PDIL1-1	MEM	Protein disulfide isomerase-like 1-1 OS=Arabidopsis thaliana OX=3702 GN=PDIL1-1 PE=1 SV=1	True
Q9XI10	1.35	0.000718429	0.008387392	At1g21680	MEM	DPP6 N-terminal domain-like protein OS=Arabidopsis thaliana OX=3702 GN=At1g21680 PE=1 SV=1	True
Q9XI11	1.07	0.003852174	0.017556769	At1g21670	MEM	DPP6 amino-terminal domain protein OS=Arabidopsis thaliana OX=3702 GN=At1g21670 PE=1 SV=1	True
Q9XI12	-0.46	0.018019268	0.042122873	At1g21660	MEM	At1g21660 OS=Arabidopsis thaliana OX=3702 GN=At1g21660 PE=1 SV=1	True
Q9XI19	-0.3	0.001329134	0.010493537	PTAC6	MEM	PLASTID TRANSCRIPTIONALLY ACTIVE protein 6, chloroplastic OS=Arabidopsis thaliana OX=3702 GN=PTAC6 PE=1 SV=1	True
Q9XI21	-0.79	0.006316423	0.023716574	At1g15480	MEM	Pentatricopeptide repeat-containing protein At1g15480, mitochondrial OS=Arabidopsis thaliana OX=3702 GN=At1g15480 PE=2 SV=2	True
Q9XI22	-0.77	0.016991162	0.040675727	At1g15470	MEM	F9L1.42 protein OS=Arabidopsis thaliana OX=3702 GN=At1g15470 PE=1 SV=1	True
Q9XI36	0.07	0.137922474	0.242179088	MBD10	SOL	Methyl-CpG-binding domain-containing protein 10 OS=Arabidopsis thaliana OX=3702 GN=MBD10 PE=1 SV=1	False
Q9XI42	0.41	0.352129471	0.457140828	At1g15270	SOL	F9L1.21 protein OS=Arabidopsis thaliana OX=3702 GN=At1g15270 PE=1 SV=1	False
Q9XI55	-0.29	0.00109775	0.028622374	At1g15140	SOL	F9L1.8 protein OS=Arabidopsis thaliana OX=3702 GN=At1g15140 PE=1 SV=1	True
Q9XI73	-0.57	0.010545065	0.0310054	PNSL2	MEM	Photosynthetic NDH subunit of lumenal location 2, chloroplastic OS=Arabidopsis thaliana OX=3702 GN=PNSL2 PE=1 SV=1	True
Q9XI82	0.34	0.152936815	0.257178881	F7A19.14	SOL	F7A19.14 protein OS=Arabidopsis thaliana OX=3702 GN=F7A19.14 PE=1 SV=1	False
Q9XI84	-0.21	0.059045103	0.097152098	LSMT-L	MEM	[Fructose-bisphosphate aldolase]-lysine N-methyltransferase, chloroplastic OS=Arabidopsis thaliana OX=3702 GN=LSMT-L PE=1 SV=1	False
Q9XI87	-0.12	0.053259139	0.137898488	VH1-interacting	SOL	At1g14000 OS=Arabidopsis thaliana OX=3702 GN=VH1-interacting kinase PE=1 SV=1	False
Q9XI91	-0.2	0.158661575	0.262061383	ELF5A-1	SOL	Eukaryotic translation initiation factor 5A-1 OS=Arabidopsis thaliana OX=3702 GN=ELF5A-1 PE=1 SV=1	False
Q9XI93	1.02	0.012023696	0.033374016	At1g13930	MEM	Nodulin-related protein 2 OS=Arabidopsis thaliana OX=3702 GN=At1g13930 PE=1 SV=1	True
Q9XI98	0.57	0.191622531	0.249670826	RABG3E	MEM	Ras-related protein RABG3e OS=Arabidopsis thaliana OX=3702 GN=RABG3E PE=2 SV=1	False
Q9XIA4	-1.0	0.004393458	0.019176912	CCS1	MEM	Cytochrome c biogenesis protein CCS1, chloroplastic OS=Arabidopsis thaliana OX=3702 GN=CCS1 PE=1 SV=1	True
Q9XIA9	0.21	0.056641497	0.093877195	LACS2	MEM	Long chain acyl-CoA synthetase 2 OS=Arabidopsis thaliana OX=3702 GN=LACS2 PE=2 SV=1	False
Q9XIB5	0.0	0.459318966	0.556348694	REM19	SOL	B3 domain-containing protein REM19 OS=Arabidopsis thaliana OX=3702 GN=REM19 PE=1 SV=1	False
Q9XID3	-0.33	0.084354641	0.128320131	At1g34300	MEM	G-type lectin S-receptor-like serine/threonine-protein kinase At1g34300 OS=Arabidopsis thaliana OX=3702 GN=At1g34300 PE=1 SV=1	False
Q9XIE2	-0.92	0.014864879	0.074886411	ABCG36	SOL	ABC transporter G family member 36 OS=Arabidopsis thaliana OX=3702 GN=ABCG36 PE=1 SV=1	False
Q9XIE6	-0.64	0.009012121	0.028740438	ALA3	MEM	Phospholipid-transporting ATPase 3 OS=Arabidopsis thaliana OX=3702 GN=ALA3 PE=1 SV=2	True
Q9XIF8	0.38	0.021982684	0.08890885	GSTU16	SOL	Glutathione S-transferase U16 OS=Arabidopsis thaliana OX=3702 GN=GSTU16 PE=2 SV=1	False
Q9XII1	-1.08	0.00530541	0.021398947	PDV2	MEM	Plastid division protein PDV2 OS=Arabidopsis thaliana OX=3702 GN=PDV2 PE=1 SV=1	True
Q9XIK0	-0.25	0.098084432	0.195406278	PRIN2	SOL	Protein PLASTID REDOX INSENSITIVE 2, chloroplastic OS=Arabidopsis thaliana OX=3702 GN=PRIN2 PE=1 SV=1	False
Q9XIM0	0.31	0.331924236	0.395610096	MEE14	MEM	CCG-binding protein 1 OS=Arabidopsis thaliana OX=3702 GN=MEE14 PE=1 SV=1	False
Q9XIN6	-1.37	0.001390505	0.010759337	At2g27290	MEM	At2g27290 OS=Arabidopsis thaliana OX=3702 GN=At2g27290 PE=1 SV=1	True
Q9XIP8	-0.31	0.028108361	0.099864713	CDI	SOL	Protein CDI OS=Arabidopsis thaliana OX=3702 GN=CDI PE=2 SV=1	False
Q9XIQ1	-0.49	0.020955808	0.046700798	''cytochrome	MEM	Cytochrome P450, family 89, subfamily A, polypeptide 5 OS=Arabidopsis thaliana OX=3702 GN=''cytochrome P450 PE=1 SV=1	True
Q9XIR0	-0.77	0.010034022	0.030380022	At1g64850	MEM	At1g64850/F13O11_15 OS=Arabidopsis thaliana OX=3702 GN=At1g64850 PE=1 SV=1	True
Q9XJ27	0.92	0.00012662	0.004436412	RPS9	MEM	30S ribosomal protein S9, chloroplastic OS=Arabidopsis thaliana OX=3702 GN=RPS9 PE=2 SV=1	True
Q9XJ35	0.11	0.596422929	0.649543922	CLPR1	MEM	ATP-dependent Clp protease proteolytic subunit-related protein 1, chloroplastic OS=Arabidopsis thaliana OX=3702 GN=CLPR1 PE=1 SV=1	False
Q9XJ36	-0.28	0.118336769	0.219675376	CLPR2	SOL	ATP-dependent Clp protease proteolytic subunit-related protein 2, chloroplastic OS=Arabidopsis thaliana OX=3702 GN=CLPR2 PE=1 SV=1	False
Q9XQC7	0.48	0.117430042	0.167748393	grpE	MEM	GrpE protein homolog OS=Arabidopsis thaliana OX=3702 GN=grpE PE=1 SV=1	False
Q9ZNR6	0.07	0.072210508	0.163099175	PDX12	SOL	Pyridoxal 5'-phosphate synthase-like subunit PDX1.2 OS=Arabidopsis thaliana OX=3702 GN=PDX12 PE=1 SV=1	False
Q9ZNT0	-0.33	0.056823625	0.094095144	SKD1	MEM	Protein SUPPRESSOR OF K(+) TRANSPORT GROWTH DEFECT 1 OS=Arabidopsis thaliana OX=3702 GN=SKD1 PE=1 SV=1	False
Q9ZNT1	-0.27	0.054555537	0.091249929	CBR1	MEM	NADH--cytochrome b5 reductase 1 OS=Arabidopsis thaliana OX=3702 GN=CBR1 PE=1 SV=1	False
Q9ZNT7	0.31	0.097452843	0.143979216	PHB2	MEM	Prohibitin-2, mitochondrial OS=Arabidopsis thaliana OX=3702 GN=PHB2 PE=1 SV=1	False
Q9ZNV8	-0.28	0.12974205	0.233159171	AHP2	SOL	Histidine-containing phosphotransfer protein 2 OS=Arabidopsis thaliana OX=3702 GN=AHP2 PE=1 SV=1	False
Q9ZNW0	0.12	0.243726159	0.304920193	MOCS3	MEM	Adenylyltransferase and sulfurtransferase MOCS3 OS=Arabidopsis thaliana OX=3702 GN=MOCS3 PE=2 SV=1	False
Q9ZNZ7	0.05	0.275966367	0.38568856	GLU1	SOL	Ferredoxin-dependent glutamate synthase 1, chloroplastic/mitochondrial OS=Arabidopsis thaliana OX=3702 GN=GLU1 PE=1 SV=3	False
Q9ZP05	-0.21	0.020065769	0.084865525	PMDH2	SOL	Malate dehydrogenase 2, peroxisomal OS=Arabidopsis thaliana OX=3702 GN=PMDH2 PE=1 SV=1	False
Q9ZP06	0.19	0.030487383	0.104605275	At1g53240	SOL	Malate dehydrogenase 1, mitochondrial OS=Arabidopsis thaliana OX=3702 GN=At1g53240 PE=1 SV=1	False
Q9ZPE7	-0.03	0.43109112	0.529844214	EXO	SOL	Protein EXORDIUM OS=Arabidopsis thaliana OX=3702 GN=EXO PE=2 SV=1	False
Q9ZPF5	-0.1	0.177081094	0.281594181	ARGAH2	SOL	Arginase 2, chloroplastic/mitochondrial OS=Arabidopsis thaliana OX=3702 GN=ARGAH2 PE=1 SV=1	False
Q9ZPH2	0.18	0.170773211	0.226843261	GRXS17	MEM	Monothiol glutaredoxin-S17 OS=Arabidopsis thaliana OX=3702 GN=GRXS17 PE=1 SV=1	False
Q9ZPI1	0.48	0.014935308	0.037582945	At3g11710	MEM	Lysine--tRNA ligase, cytoplasmic OS=Arabidopsis thaliana OX=3702 GN=At3g11710 PE=1 SV=1	True
Q9ZPI5	0.3	0.000225319	0.005170089	MFP2	MEM	Peroxisomal fatty acid beta-oxidation multifunctional protein MFP2 OS=Arabidopsis thaliana OX=3702 GN=MFP2 PE=1 SV=1	True
Q9ZPI6	0.26	0.105401257	0.153573828	AIM1	MEM	Peroxisomal fatty acid beta-oxidation multifunctional protein AIM1 OS=Arabidopsis thaliana OX=3702 GN=AIM1 PE=1 SV=1	False
Q9ZPS7	-0.67	0.003526266	0.01671027	TMN3	MEM	Transmembrane 9 superfamily member 3 OS=Arabidopsis thaliana OX=3702 GN=TMN3 PE=2 SV=1	True
Q9ZPV8	0.05	0.464194661	0.561187801	COAD	SOL	Phosphopantetheine adenylyltransferase OS=Arabidopsis thaliana OX=3702 GN=COAD PE=1 SV=1	False
Q9ZPW5	-0.98	0.001367407	0.010660494	At2g18330	MEM	AAA-type ATPase family protein OS=Arabidopsis thaliana OX=3702 GN=At2g18330 PE=1 SV=2	True
Q9ZPX1	-0.73	0.002716163	0.014785848	ARL2	MEM	ADP-ribosylation factor-like protein 2 OS=Arabidopsis thaliana OX=3702 GN=ARL2 PE=2 SV=1	True
Q9ZPY7	-0.43	0.001026521	0.00976055	CAS	MEM	Exportin-2 OS=Arabidopsis thaliana OX=3702 GN=CAS PE=2 SV=1	True
Q9ZPZ4	0.99	0.000203279	0.0179829	At1g09310	SOL	T31J12.3 protein OS=Arabidopsis thaliana OX=3702 GN=At1g09310 PE=1 SV=1	True
Q9ZQ18	0.28	0.046545084	0.081351037	REIL2	MEM	Cytoplasmic 60S subunit biogenesis factor REI1 homolog 2 OS=Arabidopsis thaliana OX=3702 GN=REIL2 PE=1 SV=1	False
Q9ZQ19	-0.04	0.55933052	0.643702198	RPA2A	SOL	Replication protein A 32 kDa subunit A OS=Arabidopsis thaliana OX=3702 GN=RPA2A PE=1 SV=2	False
Q9ZQ26	0.11	0.279491027	0.388641059	At2g24420	SOL	AT2G24420 protein OS=Arabidopsis thaliana OX=3702 GN=At2g24420 PE=1 SV=2	False
Q9ZQ31	0.24	0.339748554	0.403744669	STY13	MEM	Serine/threonine-protein kinase STY13 OS=Arabidopsis thaliana OX=3702 GN=STY13 PE=1 SV=2	False
Q9ZQ78	-0.27	0.167748925	0.223432817	At2g03420	MEM	Uncharacterized protein At2g03420 OS=Arabidopsis thaliana OX=3702 GN=At2g03420 PE=1 SV=2	False
Q9ZQ80	0.84	0.00556554	0.022046274	NRP1	MEM	Nodulin-related protein 1 OS=Arabidopsis thaliana OX=3702 GN=NRP1 PE=1 SV=1	True
Q9ZQ87	-0.29	0.081851201	0.125394529	At2g03510	MEM	Expressed protein OS=Arabidopsis thaliana OX=3702 GN=At2g03510 PE=1 SV=2	False
Q9ZQ91	-0.45	0.016812422	0.040392409	CXE7	MEM	Probable carboxylesterase 7 OS=Arabidopsis thaliana OX=3702 GN=CXE7 PE=2 SV=1	True
Q9ZQ94	0.47	0.087838792	0.182479749	UGT73C5	SOL	UDP-glycosyltransferase 73C5 OS=Arabidopsis thaliana OX=3702 GN=UGT73C5 PE=2 SV=1	False
Q9ZQE5	-0.68	0.055177004	0.092090498	PCMP-H66	MEM	Pentatricopeptide repeat-containing protein At2g15690, mitochondrial OS=Arabidopsis thaliana OX=3702 GN=PCMP-H66 PE=1 SV=2	False
Q9ZQP2	-0.02	0.220455947	0.326987653	ACX1.2	SOL	Putative peroxisomal acyl-coenzyme A oxidase 1.2 OS=Arabidopsis thaliana OX=3702 GN=ACX1.2 PE=2 SV=1	False
Q9ZQQ0	0.34	0.014278423	0.073376874	SCPL26	SOL	Serine carboxypeptidase-like 26 OS=Arabidopsis thaliana OX=3702 GN=SCPL26 PE=2 SV=1	False
Q9ZQQ1	-0.76	0.021684832	0.047533596	At2g35790	MEM	Expressed protein OS=Arabidopsis thaliana OX=3702 GN=At2g35790 PE=1 SV=1	True
Q9ZQX4	-0.4	0.003958949	0.017941641	VHA-F	MEM	V-type proton ATPase subunit F OS=Arabidopsis thaliana OX=3702 GN=VHA-F PE=2 SV=1	True
Q9ZQY6	-0.59	0.015607264	0.038718181	B'DELTA	MEM	Serine/threonine protein phosphatase 2A 55 kDa regulatory subunit B' delta isoform OS=Arabidopsis thaliana OX=3702 GN=B'DELTA PE=1 SV=1	True
Q9ZR03	-0.64	0.002397012	0.013904765	petC	MEM	Cytochrome b6-f complex iron-sulfur subunit, chloroplastic OS=Arabidopsis thaliana OX=3702 GN=petC PE=1 SV=1	True
Q9ZR72	-0.31	0.027970126	0.056579534	ABCB1	MEM	ABC transporter B family member 1 OS=Arabidopsis thaliana OX=3702 GN=ABCB1 PE=1 SV=1	False
Q9ZRA2	0.38	0.030022943	0.059337135	HGO	MEM	Homogentisate 1,2-dioxygenase OS=Arabidopsis thaliana OX=3702 GN=HGO PE=2 SV=2	False
Q9ZRE2	-0.21	0.054418421	0.091073242	RABD1	MEM	Ras-related protein RABD1 OS=Arabidopsis thaliana OX=3702 GN=RABD1 PE=1 SV=1	False
Q9ZRT5	0.09	0.075117011	0.117046006	GSTT1	MEM	Glutathione S-transferase T1 OS=Arabidopsis thaliana OX=3702 GN=GSTT1 PE=2 SV=1	False
Q9ZRW8	0.49	0.072663854	0.114277407	GSTU19	MEM	Glutathione S-transferase U19 OS=Arabidopsis thaliana OX=3702 GN=GSTU19 PE=1 SV=1	False
Q9ZRZ8	-0.21	0.315207996	0.423028828	RH28	SOL	DEAD-box ATP-dependent RNA helicase 28 OS=Arabidopsis thaliana OX=3702 GN=RH28 PE=2 SV=1	False
Q9ZS91	0.08	0.48609299	0.545362411	MSRB5	MEM	Peptide methionine sulfoxide reductase B5 OS=Arabidopsis thaliana OX=3702 GN=MSRB5 PE=1 SV=1	False
Q9ZS97	0.78	0.011302197	0.032214128	ABCI8	MEM	UPF0051 protein ABCI8, chloroplastic OS=Arabidopsis thaliana OX=3702 GN=ABCI8 PE=2 SV=1	True
Q9ZSA2	-0.23	0.085811414	0.130110209	CPK21	MEM	Calcium-dependent protein kinase 21 OS=Arabidopsis thaliana OX=3702 GN=CPK21 PE=1 SV=1	False
Q9ZSD4	-0.28	0.07970312	0.122934622	SYP121	MEM	Syntaxin-121 OS=Arabidopsis thaliana OX=3702 GN=SYP121 PE=1 SV=1	False
Q9ZSI1	2.53	0.017559675	0.080381088	EXPA17	SOL	Putative expansin-A17 OS=Arabidopsis thaliana OX=3702 GN=EXPA17 PE=2 SV=1	False
Q9ZSI6	-0.36	0.055719163	0.141293504	At4g01700	SOL	At4g01700 OS=Arabidopsis thaliana OX=3702 GN=At4g01700 PE=1 SV=1	False
Q9ZSJ7	1.45	0.013653268	0.035943292	PMP	MEM	AT3g24160/MUJ8_16 OS=Arabidopsis thaliana OX=3702 GN=PMP PE=1 SV=1	True
Q9ZSK1	-0.8	0.002272833	0.01361474	VTE4	MEM	Tocopherol O-methyltransferase, chloroplastic OS=Arabidopsis thaliana OX=3702 GN=VTE4 PE=1 SV=2	True
Q9ZSK4	-0.25	0.916963673	0.930887417	ADF3	MEM	Actin-depolymerizing factor 3 OS=Arabidopsis thaliana OX=3702 GN=ADF3 PE=1 SV=1	False
Q9ZSS6	-0.55	0.056426166	0.141984418	OMR1	SOL	Threonine dehydratase biosynthetic, chloroplastic OS=Arabidopsis thaliana OX=3702 GN=OMR1 PE=1 SV=1	False
Q9ZST4	0.34	0.04457429	0.127005963	GLB1	SOL	Nitrogen regulatory protein P-II homolog OS=Arabidopsis thaliana OX=3702 GN=GLB1 PE=1 SV=1	False
Q9ZSY2	-0.36	0.013837698	0.036220737	ATJ15	MEM	Chaperone protein dnaJ 15 OS=Arabidopsis thaliana OX=3702 GN=ATJ15 PE=1 SV=1	True
Q9ZSZ8	-0.07	0.139125245	0.242670678	FIP37	SOL	FKBP12-interacting protein of 37 kDa OS=Arabidopsis thaliana OX=3702 GN=FIP37 PE=1 SV=1	False
Q9ZT71	-0.53	0.009973434	0.030278707	STA1	MEM	Protein STABILIZED1 OS=Arabidopsis thaliana OX=3702 GN=STA1 PE=1 SV=1	True
Q9ZT82	-0.37	0.050013485	0.085562467	CALS12	MEM	Callose synthase 12 OS=Arabidopsis thaliana OX=3702 GN=CALS12 PE=2 SV=1	False
Q9ZT91	0.12	0.077892295	0.170390828	TUFA	SOL	Elongation factor Tu, mitochondrial OS=Arabidopsis thaliana OX=3702 GN=TUFA PE=1 SV=1	False
Q9ZTZ7	-1.04	0.06800575	0.158466833	KEA1	SOL	K(+) efflux antiporter 1, chloroplastic OS=Arabidopsis thaliana OX=3702 GN=KEA1 PE=1 SV=2	False
Q9ZU23	-0.79	0.006072442	0.05013813	JAL5	SOL	Jacalin-related lectin 5 OS=Arabidopsis thaliana OX=3702 GN=JAL5 PE=2 SV=1	False
Q9ZU25	-0.31	0.036252465	0.068018203	MPPalpha1	MEM	Probable mitochondrial-processing peptidase subunit alpha-1, mitochondrial OS=Arabidopsis thaliana OX=3702 GN=MPPalpha1 PE=1 SV=1	False
Q9ZU32	0.09	0.19085586	0.297262005	QPT	SOL	Nicotinate-nucleotide pyrophosphorylase [carboxylating], chloroplastic OS=Arabidopsis thaliana OX=3702 GN=QPT PE=2 SV=2	False
Q9ZU35	-0.61	0.00279412	0.014911772	ABCG7	MEM	ABC transporter G family member 7 OS=Arabidopsis thaliana OX=3702 GN=ABCG7 PE=2 SV=1	True
Q9ZU38	-0.12	0.750383841	0.803884473	RPI2	SOL	Probable ribose-5-phosphate isomerase 2 OS=Arabidopsis thaliana OX=3702 GN=RPI2 PE=1 SV=1	False
Q9ZU48	0.36	0.301065727	0.410197913	PDE331	SOL	Expressed protein OS=Arabidopsis thaliana OX=3702 GN=PDE331 PE=1 SV=2	False
Q9ZU52	1.21	0.007958291	0.026855264	FBA3	MEM	Fructose-bisphosphate aldolase 3, chloroplastic OS=Arabidopsis thaliana OX=3702 GN=FBA3 PE=1 SV=1	True
Q9ZU66	-0.3	0.044479379	0.127003287	emb2444	SOL	Putative spliceosome-associated protein OS=Arabidopsis thaliana OX=3702 GN=emb2444 PE=1 SV=1	False
Q9ZU91	0.43	0.036407765	0.114208205	At2g01630	SOL	Glucan endo-1,3-beta-glucosidase 3 OS=Arabidopsis thaliana OX=3702 GN=At2g01630 PE=2 SV=2	False
Q9ZU93	-0.06	0.34230332	0.447354198	PUX2	SOL	Plant UBX domain-containing protein 2 OS=Arabidopsis thaliana OX=3702 GN=PUX2 PE=1 SV=2	False
Q9ZUA0	-0.14	0.178637963	0.236176212	OST1B	MEM	Dolichyl-diphosphooligosaccharide--protein glycosyltransferase subunit 1B OS=Arabidopsis thaliana OX=3702 GN=OST1B PE=1 SV=1	False
Q9ZUB3	0.48	0.012131033	0.068045229	SPDSYN1	SOL	Spermidine synthase 1 OS=Arabidopsis thaliana OX=3702 GN=SPDSYN1 PE=1 SV=1	False
Q9ZUC1	0.53	0.120001309	0.170437439	AOR	MEM	NADPH-dependent alkenal/one oxidoreductase, chloroplastic OS=Arabidopsis thaliana OX=3702 GN=AOR PE=1 SV=2	False
Q9ZUC2	-1.09	0.000176784	0.004817749	BCA3	MEM	Beta carbonic anhydrase 3 OS=Arabidopsis thaliana OX=3702 GN=BCA3 PE=2 SV=1	True
Q9ZUF6	0.27	0.148456789	0.252849507	SBT1.8	SOL	Subtilisin-like protease SBT1.8 OS=Arabidopsis thaliana OX=3702 GN=SBT1.8 PE=1 SV=1	False
Q9ZUG4	0.15	0.070745874	0.111923972	At2g05830	MEM	Methylthioribose-1-phosphate isomerase OS=Arabidopsis thaliana OX=3702 GN=At2g05830 PE=1 SV=2	False
Q9ZUI6	-0.52	0.006152232	0.050293993	At1g60070	SOL	AP-1 complex subunit gamma-2 OS=Arabidopsis thaliana OX=3702 GN=At1g60070 PE=1 SV=2	False
Q9ZUJ3	-0.43	0.001035455	0.027694286	At1g60000	SOL	AT1G60000 protein OS=Arabidopsis thaliana OX=3702 GN=At1g60000 PE=1 SV=1	True
Q9ZUL3	-1.01	0.007004711	0.025220264	IDD5	MEM	Protein indeterminate-domain 5, chloroplastic OS=Arabidopsis thaliana OX=3702 GN=IDD5 PE=1 SV=1	True
Q9ZUN8	-0.3	0.085725256	0.130047809	HTD1	MEM	Protein HEAT STRESS TOLERANT DWD 1 OS=Arabidopsis thaliana OX=3702 GN=HTD1 PE=1 SV=1	False
Q9ZUR7	0.83	0.021424069	0.047201013	At2g37500	MEM	Arginine biosynthesis bifunctional protein ArgJ, chloroplastic OS=Arabidopsis thaliana OX=3702 GN=At2g37500 PE=1 SV=2	True
Q9ZUS0	0.04	0.244425193	0.352684195	At2g37470	SOL	Histone H2B.4 OS=Arabidopsis thaliana OX=3702 GN=At2g37470 PE=1 SV=3	False
Q9ZUS6	-0.09	0.06862834	0.159318085	At2g37400	SOL	At2g37400 OS=Arabidopsis thaliana OX=3702 GN=At2g37400 PE=1 SV=1	False
Q9ZUT9	0.13	0.034844265	0.066002396	RPS5A	MEM	40S ribosomal protein S5-1 OS=Arabidopsis thaliana OX=3702 GN=RPS5A PE=1 SV=1	False
Q9ZUU2	-0.44	0.017974705	0.042075299	At2g37240	MEM	Thioredoxin-like protein AAED1, chloroplastic OS=Arabidopsis thaliana OX=3702 GN=At2g37240 PE=1 SV=2	True
Q9ZUU3	-0.75	0.007185545	0.025477022	At2g37230	MEM	Pentatricopeptide repeat-containing protein At2g37230 OS=Arabidopsis thaliana OX=3702 GN=At2g37230 PE=2 SV=1	True
Q9ZUU4	-0.6	0.144605505	0.199172811	CP29B	MEM	RNA-binding protein CP29B, chloroplastic OS=Arabidopsis thaliana OX=3702 GN=CP29B PE=1 SV=1	False
Q9ZUX0	-0.06	0.606870275	0.659453399	At2g27680	MEM	At2g27680/F15K20.22 OS=Arabidopsis thaliana OX=3702 GN=At2g27680 PE=1 SV=1	False
Q9ZUX4	0.77	0.000635019	0.007921046	At2g27730	MEM	Uncharacterized protein At2g27730, mitochondrial OS=Arabidopsis thaliana OX=3702 GN=At2g27730 PE=1 SV=1	True
Q9ZUY3	-0.42	0.066428057	0.156359484	ADT3	SOL	Arogenate dehydratase 3, chloroplastic OS=Arabidopsis thaliana OX=3702 GN=ADT3 PE=1 SV=1	False
Q9ZUY6	0.25	0.014032651	0.03641368	AXS1	MEM	UDP-D-apiose/UDP-D-xylose synthase 1 OS=Arabidopsis thaliana OX=3702 GN=AXS1 PE=1 SV=1	True
Q9ZV05	-0.49	0.003597709	0.042058061	NATA1	SOL	L-ornithine N5-acetyltransferase NATA1 OS=Arabidopsis thaliana OX=3702 GN=NATA1 PE=2 SV=1	True
Q9ZV07	-0.22	0.123894175	0.17468496	PIP2-6	MEM	Probable aquaporin PIP2-6 OS=Arabidopsis thaliana OX=3702 GN=PIP2-6 PE=1 SV=1	False
Q9ZV19	-0.58	0.006318067	0.050732954	DJ1E	SOL	DJ-1 protein homolog E OS=Arabidopsis thaliana OX=3702 GN=DJ1E PE=1 SV=1	False
Q9ZV24	-0.18	0.147895649	0.202921918	OEP161	MEM	Outer envelope pore protein 16-1, chloroplastic OS=Arabidopsis thaliana OX=3702 GN=OEP161 PE=1 SV=1	False
Q9ZV34	0.18	0.153496855	0.257770651	CBP1	SOL	At2g28790 OS=Arabidopsis thaliana OX=3702 GN=CBP1 PE=1 SV=1	False
Q9ZV42	0.0	0.94949638	0.956702793	MSF3.15	MEM	Signal recognition particle receptor subunit beta OS=Arabidopsis thaliana OX=3702 GN=MSF3.15 PE=1 SV=1	False
Q9ZV48	-0.54	0.018460336	0.042770356	TPS11	MEM	Probable alpha,alpha-trehalose-phosphate synthase [UDP-forming] 11 OS=Arabidopsis thaliana OX=3702 GN=TPS11 PE=2 SV=1	True
Q9ZV56	-0.58	0.028321036	0.057001235	CCT1	MEM	Choline-phosphate cytidylyltransferase 1 OS=Arabidopsis thaliana OX=3702 GN=CCT1 PE=1 SV=1	False
Q9ZV85	0.14	0.347213924	0.45249854	GGH3	SOL	Probable gamma-glutamyl hydrolase 3 OS=Arabidopsis thaliana OX=3702 GN=GGH3 PE=2 SV=1	False
Q9ZVA1	-0.15	0.093134268	0.189403597	At1g78820	SOL	EP1-like glycoprotein 1 OS=Arabidopsis thaliana OX=3702 GN=At1g78820 PE=2 SV=1	False
Q9ZVA2	-0.12	0.451404367	0.548371073	At1g78830	SOL	EP1-like glycoprotein 2 OS=Arabidopsis thaliana OX=3702 GN=At1g78830 PE=1 SV=1	False
Q9ZVA4	0.79	2.39084e-06	0.009253624	At1g78850	SOL	EP1-like glycoprotein 3 OS=Arabidopsis thaliana OX=3702 GN=At1g78850 PE=1 SV=1	True
Q9ZVA7	0.06	0.799324543	0.832302207	At1g78880	MEM	F9K20.7 protein OS=Arabidopsis thaliana OX=3702 GN=At1g78880 PE=1 SV=1	False
Q9ZVD0	-0.35	0.007939779	0.055766063	SE	SOL	Serrate RNA effector molecule OS=Arabidopsis thaliana OX=3702 GN=SE PE=1 SV=2	False
Q9ZVD5	-0.73	0.006931596	0.025103397	AGO4	MEM	Protein argonaute 4 OS=Arabidopsis thaliana OX=3702 GN=AGO4 PE=1 SV=2	True
Q9ZVF2	0.58	3.01995e-05	0.003642269	MLP329	MEM	MLP-like protein 329 OS=Arabidopsis thaliana OX=3702 GN=MLP329 PE=2 SV=1	True
Q9ZVF3	0.36	0.010944349	0.031593933	MLP328	MEM	MLP-like protein 328 OS=Arabidopsis thaliana OX=3702 GN=MLP328 PE=2 SV=1	True
Q9ZVH4	-0.52	0.005615653	0.022159463	CUL3A	MEM	Cullin-3A OS=Arabidopsis thaliana OX=3702 GN=CUL3A PE=1 SV=1	True
Q9ZVH7	0.66	0.02162627	0.047489287	FAX3	MEM	Protein FATTY ACID EXPORT 3, chloroplastic OS=Arabidopsis thaliana OX=3702 GN=FAX3 PE=2 SV=2	True
Q9ZVI7	-1.09	0.000359954	0.006398909	GAUT7	MEM	Probable galacturonosyltransferase 7 OS=Arabidopsis thaliana OX=3702 GN=GAUT7 PE=1 SV=2	True
Q9ZVI9	-0.66	0.005133283	0.020953903	PECT1	MEM	Ethanolamine-phosphate cytidylyltransferase OS=Arabidopsis thaliana OX=3702 GN=PECT1 PE=1 SV=1	True
Q9ZVJ4	-0.11	0.169808163	0.272890238	CYP22	SOL	Peptidyl-prolyl cis-trans isomerase CYP22 OS=Arabidopsis thaliana OX=3702 GN=CYP22 PE=2 SV=1	False
Q9ZVJ5	-0.12	0.098306007	0.195690314	SGPP	SOL	Haloacid dehalogenase-like hydrolase domain-containing protein Sgpp OS=Arabidopsis thaliana OX=3702 GN=SGPP PE=1 SV=2	False
Q9ZVL0	1.4	0.009139395	0.028951439	T22H22.25	MEM	Glycoprotein membrane GPI-anchored OS=Arabidopsis thaliana OX=3702 GN=T22H22.25 PE=1 SV=1	True
Q9ZVL6	-0.66	0.007279249	0.025651149	At1g54780	MEM	UPF0603 protein At1g54780, chloroplastic OS=Arabidopsis thaliana OX=3702 GN=At1g54780 PE=1 SV=1	True
Q9ZVM9	0.78	0.012121063	0.033441042	At1g54610	MEM	Probable serine/threonine-protein kinase At1g54610 OS=Arabidopsis thaliana OX=3702 GN=At1g54610 PE=1 SV=1	True
Q9ZVN2	-0.36	0.00792421	0.026787807	At1g54570	MEM	Acyltransferase-like protein At1g54570, chloroplastic OS=Arabidopsis thaliana OX=3702 GN=At1g54570 PE=1 SV=1	True
Q9ZVQ2	-0.49	0.019426627	0.08385338	At2g02400	SOL	NAD(P)-binding Rossmann-fold superfamily protein OS=Arabidopsis thaliana OX=3702 GN=At2g02400 PE=1 SV=1	False
Q9ZVQ3	0.35	0.019478563	0.04434451	GSTZ1	MEM	Glutathione S-transferase Z1 OS=Arabidopsis thaliana OX=3702 GN=GSTZ1 PE=1 SV=1	True
Q9ZVS4	0.64	0.031318972	0.060914024	At1g03220	MEM	Eukaryotic aspartyl protease family protein OS=Arabidopsis thaliana OX=3702 GN=At1g03220 PE=1 SV=1	False
Q9ZVS5	0.67	0.000843177	0.025163256	At1g03230	SOL	Eukaryotic aspartyl protease family protein OS=Arabidopsis thaliana OX=3702 GN=At1g03230 PE=1 SV=1	True
Q9ZVT6	1.08	0.004977653	0.020557197	At1g03350	MEM	BSD domain-containing protein OS=Arabidopsis thaliana OX=3702 GN=At1g03350 PE=1 SV=1	True
Q9ZVU4	-0.29	0.089399203	0.134062739	At1g55450	MEM	At1g55450/T5A14_14 OS=Arabidopsis thaliana OX=3702 GN=At1g55450 PE=1 SV=1	False
Q9ZVW2	-1.01	0.000418085	0.006831782	HEN2	MEM	DExH-box ATP-dependent RNA helicase DExH10 OS=Arabidopsis thaliana OX=3702 GN=HEN2 PE=1 SV=2	True
Q9ZVX7	-0.39	0.136988256	0.241244264	At2g16860	SOL	Pre-mRNA-splicing factor SYF2 OS=Arabidopsis thaliana OX=3702 GN=At2g16860 PE=1 SV=2	False
Q9ZVY7	0.99	0.001558735	0.011409741	OBAP1A	MEM	Oil body-associated protein 1A OS=Arabidopsis thaliana OX=3702 GN=OBAP1A PE=1 SV=1	True
Q9ZW02	-0.01	0.699560844	0.74390879	APUM3	MEM	Pumilio homolog 3 OS=Arabidopsis thaliana OX=3702 GN=APUM3 PE=1 SV=1	False
Q9ZW06	-0.17	0.227772812	0.288574334	APUM2	MEM	Pumilio homolog 2 OS=Arabidopsis thaliana OX=3702 GN=APUM2 PE=1 SV=1	False
Q9ZW19	-0.23	0.032876132	0.108609682	SDR	SOL	Tropinone reductase homolog At2g29360 OS=Arabidopsis thaliana OX=3702 GN=SDR PE=1 SV=1	False
Q9ZW24	0.35	0.009543834	0.02949955	GSTU7	MEM	Glutathione S-transferase U7 OS=Arabidopsis thaliana OX=3702 GN=GSTU7 PE=2 SV=1	True
Q9ZW30	0.5	0.00338145	0.016548279	GSTU1	MEM	Glutathione S-transferase U1 OS=Arabidopsis thaliana OX=3702 GN=GSTU1 PE=2 SV=1	True
Q9ZW33	0.64	0.00980736	0.061701167	TIM10	SOL	Mitochondrial import inner membrane translocase subunit TIM10 OS=Arabidopsis thaliana OX=3702 GN=TIM10 PE=1 SV=1	False
Q9ZW34	0.47	0.002332966	0.013773985	ENO3	MEM	Cytosolic enolase 3 OS=Arabidopsis thaliana OX=3702 GN=ENO3 PE=1 SV=1	True
Q9ZW35	0.79	0.01533742	0.038319161	PCNA2	MEM	Proliferating cell nuclear antigen 2 OS=Arabidopsis thaliana OX=3702 GN=PCNA2 PE=1 SV=1	True
Q9ZW74	0.24	0.275592372	0.385310803	PUX11	SOL	Plant UBX domain-containing protein 11 OS=Arabidopsis thaliana OX=3702 GN=PUX11 PE=1 SV=2	False
Q9ZW84	-2.46	0.001546693	0.033182619	SSU2	SOL	3-isopropylmalate dehydratase small subunit 2 OS=Arabidopsis thaliana OX=3702 GN=SSU2 PE=1 SV=1	True
Q9ZW85	0.29	0.03477933	0.111478135	SSU1	SOL	3-isopropylmalate dehydratase small subunit 1 OS=Arabidopsis thaliana OX=3702 GN=SSU1 PE=1 SV=1	False
Q9ZWA8	0.57	0.003436181	0.041859414	FLA9	SOL	Fasciclin-like arabinogalactan protein 9 OS=Arabidopsis thaliana OX=3702 GN=FLA9 PE=2 SV=1	True
Q9ZWA9	0.46	0.319112002	0.427111183	CRD	SOL	12S seed storage protein CRD OS=Arabidopsis thaliana OX=3702 GN=CRD PE=1 SV=1	False
Q9ZWC4	-2.41	0.001250434	0.010275314	At1g04040	MEM	At1g04040/F21M11_2 OS=Arabidopsis thaliana OX=3702 GN=At1g04040 PE=1 SV=1	True
Q9ZWJ3	0.39	0.036625139	0.114546046	UGT85A2	SOL	UDP-glycosyltransferase 85A2 OS=Arabidopsis thaliana OX=3702 GN=UGT85A2 PE=2 SV=1	False
Q9ZWT2	1.38	3.12605e-05	0.003642269	CYTB5-D	MEM	Cytochrome B5 isoform D OS=Arabidopsis thaliana OX=3702 GN=CYTB5-D PE=1 SV=1	True
X5JA13	-0.54	0.132306391	0.236391686	SEC10a	SOL	Exocyst complex component SEC10a OS=Arabidopsis thaliana OX=3702 GN=SEC10a PE=1 SV=1	False
X5JB51	0.44	0.051881344	0.087863529	SEC10b	MEM	Exocyst complex component SEC10b OS=Arabidopsis thaliana OX=3702 GN=SEC10b PE=1 SV=1	False
