# OSD-522 shoot proteome — SOL/MEM reconciliation
# proteins seen in both fractions; the row with the smaller adjusted p-value was kept
accession	gene	kept_fraction	kept_log2fc	kept_adj_p	dropped
A0A178U9N5	PPD5	MEM	-0.3600	0.4482	SOL log2fc=0.010 adj_p=0.815
A0A178VEL3	AtVIP1	SOL	-0.5500	0.08166	MEM log2fc=-0.170 adj_p=0.26
A0A178W0D3	PTAC4	MEM	0.4900	0.0175	SOL log2fc=-0.490 adj_p=0.0613
A0A1I9LLC0	CID4	MEM	0.6800	0.04127	SOL log2fc=-0.300 adj_p=0.0434
A0A1I9LM53	At3g59350	MEM	0.2100	0.01953	SOL log2fc=-0.430 adj_p=0.0221
A0A1I9LM56	BGAL2	SOL	0.2100	0.2336	MEM log2fc=-0.280 adj_p=0.259
A0A1I9LM90	FLK	MEM	-0.2600	0.0346	SOL log2fc=-0.050 adj_p=0.327
A0A1I9LMI8	At3g23450	MEM	0.5100	0.04749	SOL log2fc=0.950 adj_p=0.0651
A0A1I9LMY7	At3g04920	MEM	0.1500	0.4092	SOL log2fc=0.400 adj_p=0.428
A0A1I9LN83	RHM3	SOL	-0.1300	0.4009	MEM log2fc=0.000 adj_p=0.851
A0A1I9LNS4	At3g62120	MEM	-0.1900	0.1672	SOL log2fc=-0.050 adj_p=0.48
A0A1I9LNT2	SDR1	SOL	-0.4700	0.03686	MEM log2fc=0.150 adj_p=0.0604
A0A1I9LPC7	At3g04760	MEM	0.4400	0.02803	SOL log2fc=-0.580 adj_p=0.0614
A0A1I9LPZ9	DEG7	MEM	-0.2900	0.04698	SOL log2fc=-0.380 adj_p=0.0477
A0A1I9LR04	NACA2	MEM	0.8400	0.01203	SOL log2fc=0.190 adj_p=0.358
A0A1I9LRA3	At3g20370	MEM	0.8800	0.01906	SOL log2fc=0.480 adj_p=0.0986
A0A1I9LRM3	AIR12	MEM	0.1600	0.03344	SOL log2fc=-0.110 adj_p=0.258
A0A1I9LSC3	At3g25580	MEM	0.5200	0.006511	SOL log2fc=0.240 adj_p=0.156
A0A1I9LSL6	At3g07010	SOL	-0.3100	0.02447	MEM log2fc=-0.280 adj_p=0.306
A0A1I9LT21	EXLA1	MEM	0.3800	0.0782	SOL log2fc=0.460 adj_p=0.0833
A0A1I9LT48	CHUP1	MEM	-0.3000	0.08606	SOL log2fc=-0.850 adj_p=0.2
A0A1I9LT70	ARA6	MEM	0.2900	0.09388	SOL log2fc=-0.320 adj_p=0.825
A0A1I9LTQ6	GYRB1	MEM	0.4600	0.01524	SOL log2fc=-0.400 adj_p=0.0477
A0A1P8AM12	RHON1	SOL	-0.0900	0.2286	MEM log2fc=0.060 adj_p=0.323
A0A1P8ANC2	CPK33	MEM	0.0800	0.357	SOL log2fc=0.000 adj_p=0.619
A0A1P8ANX8	VHA-E3	SOL	0.3600	0.07551	MEM log2fc=-0.080 adj_p=0.98
A0A1P8API2	SERPIN1	SOL	0.7900	0.03741	MEM log2fc=0.190 adj_p=0.127
A0A1P8APR6	GAPA-2	SOL	-0.0700	0.2568	MEM log2fc=-0.090 adj_p=0.508
A0A1P8APW3	SR45	MEM	-0.4000	0.03199	SOL log2fc=-0.780 adj_p=0.427
A0A1P8AQ84	EMB3108	MEM	2.0700	0.02357	SOL log2fc=-0.180 adj_p=0.042
A0A1P8AQT8	XTH17	MEM	1.7500	0.004122	SOL log2fc=0.680 adj_p=0.154
A0A1P8AQY7	GC5	MEM	-2.5600	0.003847	SOL log2fc=-0.340 adj_p=0.0798
A0A1P8AR50	At1g01320	SOL	-0.7300	0.04607	MEM log2fc=0.090 adj_p=0.637
A0A1P8ARX7	PDE338	MEM	0.4100	0.04159	SOL log2fc=0.060 adj_p=0.73
A0A1P8ASR5	At1g56220	MEM	-0.5200	0.003594	SOL log2fc=0.490 adj_p=0.0236
A0A1P8AT01	At1g11660	MEM	-0.2100	0.03972	SOL log2fc=-0.080 adj_p=0.294
A0A1P8AT97	ILA	MEM	-0.1500	0.2987	SOL log2fc=-0.060 adj_p=0.574
A0A1P8ATL2	CRB	MEM	-0.2200	0.04298	SOL log2fc=-0.260 adj_p=0.0449
A0A1P8ATN7	At1g50380	SOL	0.4800	0.1467	MEM log2fc=0.090 adj_p=0.618
A0A1P8AU10	PDCB4	MEM	0.3400	0.2552	SOL log2fc=-0.080 adj_p=0.783
A0A1P8AU99	RDH2	MEM	1.6500	0.02017	SOL log2fc=-0.210 adj_p=0.0574
A0A1P8AUD8	UGT72B3	MEM	-0.5600	0.1717	SOL log2fc=-0.410 adj_p=0.19
A0A1P8AUM8	IMD3	MEM	-0.6500	0.1344	SOL log2fc=0.210 adj_p=0.361
A0A1P8AV08	APA1	MEM	0.2200	0.1757	SOL log2fc=0.030 adj_p=0.867
A0A1P8AV73	At1g52360	SOL	-0.7000	0.04388	MEM log2fc=-0.160 adj_p=0.075
A0A1P8AVI9	At1g69800	MEM	-0.0800	0.3554	SOL log2fc=-0.190 adj_p=0.41
A0A1P8AWQ1	At1g62660	SOL	0.5600	0.05702	MEM log2fc=0.160 adj_p=0.265
A0A1P8AWX3	At1g33590	MEM	-0.5600	0.245	SOL log2fc=0.010 adj_p=0.552
A0A1P8AX55	PAG1	MEM	0.1500	0.3822	SOL log2fc=-0.030 adj_p=0.738
A0A1P8AXC1	VAR2	MEM	-1.0000	0.01851	SOL log2fc=-0.190 adj_p=0.0366
A0A1P8AXD8	FTSZ2-1	MEM	-0.4200	0.0264	SOL log2fc=0.270 adj_p=0.0961
A0A1P8AY36	At2g34480	MEM	0.3500	0.1714	SOL log2fc=0.360 adj_p=0.266
A0A1P8AYA1	PIP2B	MEM	-0.0100	0.4997	SOL log2fc=-0.230 adj_p=0.532
A0A1P8AZL4	HEMD	SOL	-0.2000	0.07818	MEM log2fc=-0.280 adj_p=0.321
A0A1P8AZM7	At2g04650	MEM	-0.1800	0.146	SOL log2fc=-0.540 adj_p=0.259
A0A1P8AZS7	NTRA	MEM	1.9300	0.01301	SOL log2fc=0.570 adj_p=0.0403
A0A1P8B0B7	IQD29	MEM	0.6400	0.08548	SOL log2fc=-0.190 adj_p=0.193
A0A1P8B1B5	GRP3S	MEM	1.9100	0.009449	SOL log2fc=1.350 adj_p=0.0234
A0A1P8B1L4	ANNAT4	MEM	0.2900	0.2718	SOL log2fc=0.030 adj_p=0.644
A0A1P8B252	At2g43560	SOL	0.4100	0.491	MEM log2fc=0.050 adj_p=0.743
A0A1P8B2D9	PIP	SOL	0.1300	0.1342	MEM log2fc=0.450 adj_p=0.156
A0A1P8B3U2	At4g16260	MEM	-1.0800	0.04432	SOL log2fc=-0.470 adj_p=0.929
A0A1P8B413	At4g13550	MEM	-0.5500	0.006027	SOL log2fc=-0.050 adj_p=0.435
A0A1P8B485	AGY1	SOL	-0.4000	0.05006	MEM log2fc=0.060 adj_p=0.296
A0A1P8B4X7	WIN2	MEM	-0.0900	0.4164	SOL log2fc=-0.020 adj_p=0.716
A0A1P8B5K1	At4g31210	MEM	-0.3300	0.0244	SOL log2fc=-0.330 adj_p=0.321
A0A1P8B5L9	AGT2	MEM	-0.1900	0.1892	SOL log2fc=-0.100 adj_p=0.411
A0A1P8B687	At4g13720	MEM	0.9400	0.03344	SOL log2fc=-0.320 adj_p=0.169
A0A1P8B6G3	At4g19006	SOL	-0.1300	0.1767	MEM log2fc=-0.080 adj_p=0.558
A0A1P8B6W3	MGD1	MEM	-0.8900	0.004947	SOL log2fc=-0.050 adj_p=0.924
A0A1P8B7W9	CAP1	MEM	0.5400	0.03594	SOL log2fc=-0.480 adj_p=0.153
A0A1P8B8R9	At4g16660	MEM	-0.4900	0.005861	SOL log2fc=-0.090 adj_p=0.22
A0A1P8B9J5	MFC19.17	MEM	-0.5700	0.03309	SOL log2fc=-0.740 adj_p=0.0738
A0A1P8B9K9	AMK2	MEM	0.4400	0.06	SOL log2fc=-0.180 adj_p=0.273
A0A1P8B9L6	MAM1	MEM	-2.7700	0.01377	SOL log2fc=-2.690 adj_p=0.025
A0A1P8B9P2	At5g35100	MEM	-0.4800	0.1335	SOL log2fc=-0.060 adj_p=0.97
A0A1P8B9R0	MRG7.19	SOL	-0.3800	0.09905	MEM log2fc=0.040 adj_p=0.771
A0A1P8B9U3	At5g04885	MEM	-0.4700	0.005024	SOL log2fc=-0.040 adj_p=0.886
A0A1P8BAJ3	RS41	SOL	-0.6100	0.1538	MEM log2fc=0.080 adj_p=0.457
A0A1P8BAQ0	MNC6.3	SOL	0.5600	0.3607	MEM log2fc=0.160 adj_p=0.617
A0A1P8BAU5	RSW3	MEM	0.4500	0.01334	SOL log2fc=0.000 adj_p=0.598
A0A1P8BC80	ADCL	SOL	-0.1100	0.2888	MEM log2fc=-0.140 adj_p=0.534
A0A1P8BCJ3	At5g44380	MEM	1.2000	0.002789	SOL log2fc=1.380 adj_p=0.018
A0A1P8BDP7	KAC2	MEM	-0.3400	0.06853	SOL log2fc=-0.410 adj_p=0.204
A0A1P8BDV1	MQJ2.5	MEM	0.4200	0.04068	SOL log2fc=-0.190 adj_p=0.111
A0A1P8BE58	HEMG2	MEM	0.2300	0.2467	SOL log2fc=-0.140 adj_p=0.355
A0A1P8BG37	HCF136	MEM	0.7700	0.05904	SOL log2fc=0.030 adj_p=0.892
A0A1P8BG38	MJB21.12	MEM	-0.1700	0.0261	SOL log2fc=-0.010 adj_p=0.678
A0A1P8BGI7	At5g17530	SOL	-0.0500	0.4297	MEM log2fc=0.000 adj_p=0.943
A0A1P8BH73	PHOS32	MEM	0.2600	0.0335	SOL log2fc=0.110 adj_p=0.0754
A0A2H1ZEA9	At1g11860	MEM	0.1500	0.2533	SOL log2fc=-0.340 adj_p=0.263
A0A2H1ZEC4	Cpn60beta4	MEM	-0.5000	0.01387	SOL log2fc=-0.240 adj_p=0.0854
A0A2H1ZEJ8	GLDH	MEM	-0.9000	0.009026	SOL log2fc=0.150 adj_p=0.214
A0A2H1ZEM8	AARE	SOL	0.0000	0.5243	MEM log2fc=-0.100 adj_p=0.729
A0A2P2CLF9	atp1	MEM	-0.2400	0.04411	SOL log2fc=-0.280 adj_p=0.0758
A1L4Y4	At5g61510	MEM	0.7700	0.006037	SOL log2fc=0.030 adj_p=0.373
A2RVJ8	HIT4	MEM	-0.4100	0.01671	SOL log2fc=-0.150 adj_p=0.0554
A2RVS6	SR34A	MEM	-1.0000	0.01617	SOL log2fc=-0.680 adj_p=0.475
A2RVV4	MRI1.6	SOL	0.3400	0.1601	MEM log2fc=-0.270 adj_p=0.371
A4GNA8	PSD3	MEM	-0.4200	0.06184	SOL log2fc=-0.260 adj_p=0.241
A4GSN8	NUA	MEM	-0.5500	0.01006	SOL log2fc=-0.930 adj_p=0.0754
A7WM73	HEXO1	MEM	-0.5100	0.1178	SOL log2fc=0.210 adj_p=0.136
A8MQ96	At5g09510	MEM	-1.0300	0.004283	SOL log2fc=-0.200 adj_p=0.388
A8MQA1	BBC1	SOL	0.0100	0.5302	MEM log2fc=0.020 adj_p=0.683
A8MQL8	GASA4	MEM	1.8600	0.002757	SOL log2fc=0.590 adj_p=0.0461
A8MQN9	SCPL34	MEM	0.6500	0.04681	SOL log2fc=0.310 adj_p=0.0521
A8MQP6	At4g10480	MEM	1.4300	0.01982	SOL log2fc=0.170 adj_p=0.406
A8MQR6	ALDH6B2	SOL	0.2000	0.2126	MEM log2fc=0.020 adj_p=0.791
A8MR97	EIF4G	SOL	-0.6400	0.1202	MEM log2fc=0.320 adj_p=0.121
A8MRK6	NAP1:2	MEM	0.7500	0.0265	SOL log2fc=0.080 adj_p=0.703
A8MRQ5	At4g22485	MEM	1.5900	0.05309	SOL log2fc=-0.240 adj_p=0.663
A8MRW1	PIP1B	MEM	2.0000	0.01628	SOL log2fc=-0.430 adj_p=0.317
A8MS32	MHJ24.11	SOL	0.4900	0.3211	MEM log2fc=0.030 adj_p=0.948
A8MS48	MTG13.11	SOL	-0.3200	0.2328	MEM log2fc=0.190 adj_p=0.408
A8MS68	LPD1	MEM	0.4600	0.1305	SOL log2fc=0.330 adj_p=0.223
A8R7K9	VPS35C	SOL	-0.3000	0.1072	MEM log2fc=0.020 adj_p=0.519
B0F9L4	GC6	SOL	-0.5200	0.03664	MEM log2fc=0.230 adj_p=0.273
B3H581	DEG2	MEM	-0.4200	0.091	SOL log2fc=-0.070 adj_p=0.329
B3H604	GRXC2	SOL	0.3300	0.2368	MEM log2fc=0.290 adj_p=0.299
B3H658	BCAT3	SOL	-0.6900	0.04119	MEM log2fc=-0.870 adj_p=0.134
B3H6I9	DDB1A	SOL	-0.3900	0.04406	MEM log2fc=0.140 adj_p=0.26
B3LFA4	At5g38830	SOL	-0.1700	0.09333	MEM log2fc=-0.220 adj_p=0.15
B9DFQ9	EMB1467	MEM	0.3000	0.01299	SOL log2fc=0.110 adj_p=0.716
B9DFR6	OASC	MEM	0.1700	0.2715	SOL log2fc=-0.070 adj_p=0.63
B9DG17	P40	MEM	0.4200	0.1144	SOL log2fc=-0.050 adj_p=0.265
B9DG18	CAT3	MEM	0.0600	0.3666	SOL log2fc=-0.030 adj_p=0.929
B9DGT7	TUBA2	SOL	0.0800	0.455	MEM log2fc=-0.050 adj_p=0.889
B9DH36	GER2	SOL	0.2500	0.07672	MEM log2fc=0.190 adj_p=0.0808
B9DH97	SAR1	MEM	1.3000	0.01022	SOL log2fc=-0.750 adj_p=0.0244
B9DHD7	PVA22	SOL	-0.7300	0.06216	MEM log2fc=0.670 adj_p=0.0919
B9DHQ0	TUBA5	MEM	-0.3000	0.03573	SOL log2fc=-0.410 adj_p=0.212
C0Z352	ADF2	MEM	-1.3100	0.0514	SOL log2fc=0.020 adj_p=0.78
C0Z361	CPN60B3	MEM	-0.6100	0.05234	SOL log2fc=-0.240 adj_p=0.139
F4HQD4	HSP70-15	MEM	0.6500	0.01479	SOL log2fc=-0.090 adj_p=0.23
F4HQE7	At1g79990	MEM	-0.3100	0.01082	SOL log2fc=-0.910 adj_p=0.0454
F4HR91	At1g33610	MEM	0.1500	0.1803	SOL log2fc=-0.070 adj_p=0.932
F4HRT5	CRWN1	MEM	-0.4100	0.04668	SOL log2fc=-0.510 adj_p=0.131
F4HS63	At1g80380	MEM	-0.1900	0.5867	SOL log2fc=-0.060 adj_p=0.696
F4HS76	NHO1	MEM	0.7300	0.003493	SOL log2fc=0.410 adj_p=0.0167
F4HTA1	SEC3A	SOL	-0.7100	0.1287	MEM log2fc=0.230 adj_p=0.229
F4HUG9	At1g14210	SOL	0.3000	0.04384	MEM log2fc=-0.460 adj_p=0.13
F4HUX0	At1g34220	MEM	0.7400	0.003642	SOL log2fc=-0.210 adj_p=0.0936
F4HW26	BSL2	MEM	0.1900	0.1703	SOL log2fc=0.170 adj_p=0.258
F4HWC3	At1g20970	MEM	0.3500	0.04625	SOL log2fc=-0.450 adj_p=0.0651
F4HWQ8	C/VIF1	MEM	0.1900	0.1808	SOL log2fc=1.050 adj_p=0.186
F4HWR0	At1g47980	MEM	1.6700	0.002789	SOL log2fc=3.870 adj_p=0.051
F4HXD2	ALDH10A8	SOL	0.0900	0.2857	MEM log2fc=-0.100 adj_p=0.759
F4HXV6	NUP155	SOL	-0.8300	0.0234	MEM log2fc=-0.440 adj_p=0.0722
F4HXZ1	BRO1	SOL	-0.2100	0.02317	MEM log2fc=0.010 adj_p=0.956
F4HYF3	DCD	SOL	-0.1600	0.04569	MEM log2fc=0.140 adj_p=0.427
F4HZE0	At1g09130	MEM	0.5300	0.03138	SOL log2fc=0.080 adj_p=0.384
F4I082	LTPG6	MEM	-0.1800	0.03063	SOL log2fc=0.470 adj_p=0.0906
F4I0N7	GASA1	MEM	1.1600	0.01426	SOL log2fc=1.230 adj_p=0.0307
F4I116	At1g09620	MEM	0.4700	0.02585	SOL log2fc=-0.380 adj_p=0.0507
F4I2A1	At1g76140	MEM	0.6100	0.01445	SOL log2fc=0.070 adj_p=0.0236
F4I3B3	RBP47A	SOL	-0.4300	0.04535	MEM log2fc=-0.070 adj_p=0.333
F4I3C3	NQR	MEM	-0.5200	0.01028	SOL log2fc=0.080 adj_p=0.335
F4I3J0	At1g56050	MEM	-0.0900	0.1429	SOL log2fc=-0.110 adj_p=0.39
F4I3P9	MURE	SOL	-0.4800	0.04358	MEM log2fc=-0.250 adj_p=0.0671
F4I420	At1g76810	MEM	0.3000	0.02131	SOL log2fc=-0.070 adj_p=0.493
F4I576	MDAR6	MEM	0.2000	0.04108	SOL log2fc=0.450 adj_p=0.0758
F4I5P3	MAC3A	MEM	-0.4300	0.01581	SOL log2fc=-0.300 adj_p=0.0757
F4I6G9	At1g30820	MEM	-0.7400	0.05166	SOL log2fc=-0.150 adj_p=0.396
F4I7I0	ALAAT1	MEM	0.1200	0.05373	SOL log2fc=0.030 adj_p=0.743
F4I7V2	GlcNAc1pUT1	MEM	0.5600	0.0246	SOL log2fc=-0.150 adj_p=0.154
F4I7X1	SKS6	SOL	-0.4300	0.156	MEM log2fc=0.140 adj_p=0.594
F4I8B9	At1g65010	MEM	-0.4000	0.04795	SOL log2fc=-0.310 adj_p=0.0507
F4I907	GLYR2	MEM	0.4700	0.05908	SOL log2fc=-0.020 adj_p=0.662
F4I9J7	Y14	MEM	0.6900	0.03158	SOL log2fc=0.040 adj_p=0.604
F4IA48	At1g78150	SOL	0.5700	0.05073	MEM log2fc=0.200 adj_p=0.52
F4IAG1	SS3	SOL	-0.4300	0.3735	MEM log2fc=0.030 adj_p=0.499
F4IC59	At1g12230	SOL	0.3100	0.1287	MEM log2fc=0.040 adj_p=0.798
F4ICX9	TSA1	MEM	-1.4800	0.003642	SOL log2fc=-1.390 adj_p=0.0382
F4IF15	HTH	MEM	0.2200	0.1946	SOL log2fc=0.170 adj_p=0.22
F4IFC5	EMB2761	MEM	-0.8200	0.004545	SOL log2fc=-0.080 adj_p=0.392
F4IFZ9	P5CS1	MEM	0.0500	0.2363	SOL log2fc=0.060 adj_p=0.264
F4IGR4	At2g27720	MEM	1.2800	0.004436	SOL log2fc=0.150 adj_p=0.258
F4IHW4	UREG	MEM	-0.6200	0.006832	SOL log2fc=-0.240 adj_p=0.084
F4IHY7	PTAC12	MEM	1.1600	0.01926	SOL log2fc=-0.050 adj_p=0.439
F4II29	CTEXP	SOL	-0.5300	0.06859	MEM log2fc=0.360 adj_p=0.17
F4IIM1	CSI1	SOL	-0.4300	0.09918	MEM log2fc=0.000 adj_p=0.955
F4IIU4	AIR9	SOL	-0.9700	0.08335	MEM log2fc=-0.120 adj_p=0.281
F4IJ44	TCH3	MEM	-0.5400	0.01958	SOL log2fc=-0.730 adj_p=0.134
F4IJW3	At2g35390	MEM	-0.0800	0.3419	SOL log2fc=0.090 adj_p=0.884
F4IKM1	At2g29340	MEM	0.5400	0.02841	SOL log2fc=0.180 adj_p=0.0932
F4IL68	At2g07360	SOL	-0.3800	0.04026	MEM log2fc=-0.050 adj_p=0.941
F4INU4	RPT2	SOL	-0.5400	0.1338	MEM log2fc=-0.180 adj_p=0.211
F4IPY2	SYCO	MEM	-0.4300	0.01298	SOL log2fc=-0.140 adj_p=0.638
F4IQ05	At2g37130	MEM	0.5800	0.0332	SOL log2fc=1.740 adj_p=0.0403
F4IRR2	SAD2	MEM	-0.2500	0.08447	SOL log2fc=-0.140 adj_p=0.13
F4IRX7	SOUL-1	MEM	0.6300	0.02659	SOL log2fc=0.250 adj_p=0.17
F4IS20	At2g43640	MEM	-0.4000	0.2234	SOL log2fc=-0.030 adj_p=0.428
F4ISU2	At2g32240	MEM	-0.1300	0.1243	SOL log2fc=-0.090 adj_p=0.203
F4IT21	At2g43945	MEM	0.2900	0.2858	SOL log2fc=0.360 adj_p=0.392
F4IVR2	HSP60-2	MEM	0.4800	0.0437	SOL log2fc=-0.190 adj_p=0.074
F4IVY6	At2g39670	MEM	-0.4600	0.0331	SOL log2fc=-0.150 adj_p=0.437
F4IW05	RNS2	MEM	0.7400	0.03095	SOL log2fc=0.170 adj_p=0.269
F4IW47	TKL-2	MEM	-0.8100	0.02706	SOL log2fc=0.110 adj_p=0.497
F4IWK4	At3g27570	MEM	-0.5000	0.1268	SOL log2fc=-0.040 adj_p=0.778
F4IWV2	At3g55410	MEM	0.4700	0.06595	SOL log2fc=-0.080 adj_p=0.273
F4IX23	At3g62010	MEM	-0.4800	0.05217	SOL log2fc=-0.230 adj_p=0.151
F4IXW2	BIG5	SOL	-0.8100	0.07541	MEM log2fc=0.080 adj_p=0.748
F4IY75	At3g56130	MEM	0.7700	0.01976	SOL log2fc=0.320 adj_p=0.0651
F4IYF8	At3g02760	SOL	-0.1800	0.03457	MEM log2fc=0.230 adj_p=0.058
F4IYH1	VTC4	SOL	0.4800	0.3803	MEM log2fc=0.130 adj_p=0.759
F4IYK3	At3g08943	MEM	0.2300	0.2709	SOL log2fc=-0.060 adj_p=0.491
F4J0P2	At3g50590	SOL	-0.8600	0.141	MEM log2fc=0.140 adj_p=0.6
F4J0U9	CRD1	MEM	-0.4400	0.02763	SOL log2fc=0.120 adj_p=0.456
F4J110	SEC31B	SOL	-0.3000	0.04342	MEM log2fc=0.530 adj_p=0.0618
F4J117	LSF1	MEM	-0.1600	0.006511	SOL log2fc=-0.280 adj_p=0.448
F4J1U2	At3g29185	SOL	-0.1500	0.1113	MEM log2fc=0.150 adj_p=0.305
F4J1V2	J3	SOL	-0.3000	0.1877	MEM log2fc=0.080 adj_p=0.382
F4J1Y2	CEF	SOL	-0.6900	0.02813	MEM log2fc=0.090 adj_p=0.574
F4J2Z7	SDR4	MEM	1.0500	0.01032	SOL log2fc=0.740 adj_p=0.171
F4J3M2	PTAC3	SOL	-0.4500	0.02501	MEM log2fc=0.380 adj_p=0.028
F4J447	At3g23600	MEM	0.5500	0.01479	SOL log2fc=-0.230 adj_p=0.0529
F4J4T3	At3g04600	MEM	0.0700	0.03212	SOL log2fc=0.000 adj_p=0.63
F4J4V4	TPR10	SOL	0.0100	0.5983	MEM log2fc=0.010 adj_p=0.766
F4J504	MSD1	SOL	-0.2000	0.1705	MEM log2fc=0.040 adj_p=0.304
F4J573	At3g17520	MEM	1.9800	0.004851	SOL log2fc=2.740 adj_p=0.0163
F4J5A7	At3g23900	MEM	-1.7000	0.01671	SOL log2fc=-0.560 adj_p=0.175
F4J5I0	At3g45190	MEM	-0.2700	0.06107	SOL log2fc=-0.560 adj_p=0.137
F4J5M5	HMGB1	MEM	0.6500	0.09777	SOL log2fc=0.070 adj_p=0.204
F4J5R9	NOXY38	SOL	-0.3200	0.0234	MEM log2fc=0.130 adj_p=0.0641
F4J5T2	LTA3	SOL	-0.1000	0.1902	MEM log2fc=-0.190 adj_p=0.278
F4J6A1	EIF3G1	MEM	0.7400	0.03094	SOL log2fc=0.040 adj_p=0.156
F4J6A8	At3g11450	SOL	-0.3500	0.05073	MEM log2fc=0.110 adj_p=0.408
F4J6Z1	UEV1D-4	MEM	-0.3200	0.02686	SOL log2fc=-0.040 adj_p=0.412
F4J738	At3g59020	MEM	-0.3700	0.0556	SOL log2fc=-0.230 adj_p=0.0803
F4J7I2	UBP13	SOL	-0.3400	0.07154	MEM log2fc=-0.120 adj_p=0.149
F4J8D3	TPLATE	MEM	-0.2600	0.04609	SOL log2fc=-0.560 adj_p=0.0647
F4J8G7	VIR	MEM	-1.0600	0.01284	SOL log2fc=-0.800 adj_p=0.173
F4J8J7	At3g11930	MEM	0.3200	0.01511	SOL log2fc=0.210 adj_p=0.0651
F4J9A0	NodGS	MEM	-0.0200	0.7316	SOL log2fc=-0.170 adj_p=0.826
F4J9K9	At3g05900	MEM	0.4800	0.01445	SOL log2fc=0.650 adj_p=0.0403
F4J9W8	At3g18860	MEM	-0.4200	0.09579	SOL log2fc=-0.310 adj_p=0.112
F4JAE0	At3g53390	SOL	-0.2200	0.2067	MEM log2fc=-0.070 adj_p=0.946
F4JAF3	CP29	MEM	0.4400	0.2102	SOL log2fc=-0.120 adj_p=0.213
F4JBC5	At3g26020	SOL	-0.2500	0.1317	MEM log2fc=0.080 adj_p=0.835
F4JBY2	AtTKL1	MEM	0.3800	0.09335	SOL log2fc=-0.130 adj_p=0.937
F4JCX1	At3g54440	MEM	-0.4000	0.01049	SOL log2fc=-0.300 adj_p=0.0933
F4JDC3	ECT2	MEM	0.4800	0.01625	SOL log2fc=-0.270 adj_p=0.0311
F4JE40	ATVPS33	SOL	-0.1500	0.1192	MEM log2fc=0.140 adj_p=0.386
F4JEJ0	ATBFRUCT1	MEM	0.8100	0.01479	SOL log2fc=0.950 adj_p=0.0702
F4JET6	JMJD5	MEM	-0.8100	0.008646	SOL log2fc=-0.640 adj_p=0.0964
F4JF21	PTAC10	SOL	-0.3300	0.06216	MEM log2fc=0.040 adj_p=0.569
F4JFN3	HSP90-6	MEM	-0.6900	0.008444	SOL log2fc=-0.170 adj_p=0.0922
F4JGD2	At4g04460	MEM	1.8400	0.003698	SOL log2fc=1.990 adj_p=0.0225
F4JGR5	PFP-BETA2	MEM	-0.2500	0.01171	SOL log2fc=-0.010 adj_p=0.958
F4JHJ0	At4g02450	SOL	0.2900	0.09851	MEM log2fc=0.230 adj_p=0.437
F4JI63	At4g03200	MEM	-0.3500	0.06734	SOL log2fc=-0.020 adj_p=0.255
F4JIE1	ATARD2	MEM	0.1400	0.07626	SOL log2fc=-0.100 adj_p=0.722
F4JJT9	At4g33760	MEM	-0.1600	0.1609	SOL log2fc=-0.030 adj_p=0.926
F4JJY7	At4g34090	MEM	0.1000	0.3141	SOL log2fc=0.050 adj_p=0.613
F4JK17	At4g09520	MEM	0.2600	0.08888	SOL log2fc=0.040 adj_p=0.993
F4JKH6	REC2	SOL	-0.5700	0.01798	MEM log2fc=0.240 adj_p=0.0606
F4JKM2	CAD5	SOL	0.4100	0.05903	MEM log2fc=0.330 adj_p=0.127
F4JKZ9	At4g16060	MEM	-0.2100	0.1037	SOL log2fc=-0.190 adj_p=0.129
F4JL11	IMPA2	MEM	0.7700	0.003642	SOL log2fc=0.130 adj_p=0.0618
F4JLK2	SPS4	MEM	-1.2400	0.005377	SOL log2fc=-0.700 adj_p=0.0374
F4JLM5	At4g10320	SOL	-0.2800	0.01901	MEM log2fc=0.010 adj_p=0.651
F4JLP5	LPD2	MEM	-0.0900	0.5542	SOL log2fc=0.060 adj_p=0.755
F4JM86	CAT2	MEM	0.3100	0.2593	SOL log2fc=0.210 adj_p=0.263
F4JN13	AKR2	MEM	0.3100	0.05027	SOL log2fc=0.180 adj_p=0.0898
F4JNE1	At4g17100	SOL	-0.5800	0.1073	MEM log2fc=0.090 adj_p=0.895
F4JPR7	PUX8	MEM	-0.4500	0.02335	SOL log2fc=0.160 adj_p=0.441
F4JPZ7	At4g17830	MEM	-0.2500	0.07345	SOL log2fc=-0.050 adj_p=0.222
F4JQ90	At4g30310	SOL	-0.2800	0.1666	MEM log2fc=0.110 adj_p=0.358
F4JQE2	PDE327	MEM	0.5300	0.01387	SOL log2fc=-0.100 adj_p=0.59
F4JQJ7	At4g36945	MEM	0.8600	0.0239	SOL log2fc=0.400 adj_p=0.0311
F4JRN8	At4g18810	SOL	0.2700	0.1271	MEM log2fc=-0.310 adj_p=0.258
F4JTE7	GPP1	MEM	1.9700	0.02678	SOL log2fc=-0.120 adj_p=0.0439
F4JTI1	PHOX4	MEM	0.2000	0.176	SOL log2fc=-0.410 adj_p=0.179
F4JTK8	AQI	MEM	-0.3300	0.02912	SOL log2fc=0.080 adj_p=0.494
F4JTP5	STY46	MEM	-0.3700	0.05125	SOL log2fc=0.110 adj_p=0.681
F4JUM1	At4g14160	SOL	-0.8400	0.04384	MEM log2fc=0.110 adj_p=0.317
F4JVN6	TPP2	MEM	0.2800	0.05555	SOL log2fc=-0.080 adj_p=0.141
F4JVY8	LKR	SOL	0.3900	0.01629	MEM log2fc=0.140 adj_p=0.0877
F4JY76	At5g25754	SOL	-0.2900	0.06191	MEM log2fc=-0.030 adj_p=0.584
F4JYL8	At5g47690	MEM	-0.8800	0.0133	SOL log2fc=-0.650 adj_p=0.0507
F4JZY1	CIP1	MEM	-0.2000	0.09918	SOL log2fc=-0.400 adj_p=0.127
F4K000	MJC20.7	MEM	0.3200	0.03295	SOL log2fc=-0.080 adj_p=0.0772
F4K0E8	ISPG	MEM	-0.3900	0.01244	SOL log2fc=-0.150 adj_p=0.0897
F4K1G7	MEE13.8	MEM	-0.3600	0.005004	SOL log2fc=-0.250 adj_p=0.0481
F4K2Y3	MAB16.20	MEM	0.9800	0.00646	SOL log2fc=-0.120 adj_p=0.0524
F4K329	At5g42765	MEM	-0.3000	0.005861	SOL log2fc=0.180 adj_p=0.211
F4K410	SVR3	MEM	-0.7800	0.003526	SOL log2fc=-0.370 adj_p=0.0421
F4K4D5	TIF3B1	MEM	0.1000	0.2126	SOL log2fc=-0.300 adj_p=0.517
F4K4Y5	DEK4	MEM	-0.7700	0.06035	SOL log2fc=-0.040 adj_p=0.346
F4K5B9	MOJ9.20	SOL	-0.0700	0.2471	MEM log2fc=0.180 adj_p=0.587
F4K5T6	GSDA	MEM	0.4700	0.09721	SOL log2fc=-0.080 adj_p=0.306
F4K6Y8	At5g21060	MEM	0.0000	0.5977	SOL log2fc=-0.050 adj_p=0.613
F4K6Z4	At5g21105	MEM	-0.5600	0.03766	SOL log2fc=-0.550 adj_p=0.128
F4K703	LARP1a	SOL	-0.5800	0.09652	MEM log2fc=-0.120 adj_p=0.509
F4K7E0	MRH10.6	MEM	0.8700	0.02287	SOL log2fc=0.000 adj_p=0.716
F4K7T6	DXR	MEM	-0.3800	0.009333	SOL log2fc=-0.190 adj_p=0.123
F4KAS6	MBK5.9	SOL	0.2400	0.169	MEM log2fc=0.230 adj_p=0.172
F4KBF3	AAE17	MEM	0.3500	0.0374	SOL log2fc=0.120 adj_p=0.294
F4KC57	VPS20.1	SOL	-0.2400	0.1749	MEM log2fc=-0.150 adj_p=0.216
F4KDI1	YKT61	SOL	-0.3400	0.06191	MEM log2fc=-0.130 adj_p=0.148
F4KE63	EMB2247	MEM	-0.5000	0.04094	SOL log2fc=-0.100 adj_p=0.0933
F4KFD7	EMB2107	SOL	-0.0700	0.1559	MEM log2fc=-0.110 adj_p=0.164
F4KFJ2	At5g16880	MEM	0.3100	0.04014	SOL log2fc=-0.010 adj_p=0.567
F4KFV6	DEG8	SOL	-0.3800	0.05326	MEM log2fc=-0.460 adj_p=0.206
F4KG14	MCL19.12	MEM	-0.7000	0.01046	SOL log2fc=-0.640 adj_p=0.0863
F4KG91	At5g52580	MEM	-0.3500	0.05986	SOL log2fc=-0.500 adj_p=0.136
F4KGP6	At5g03660	MEM	0.5400	0.03387	SOL log2fc=0.130 adj_p=0.617
F4KHD5	MPO12.160	MEM	0.5900	0.01046	SOL log2fc=-0.130 adj_p=0.803
F4KHF4	KASI	MEM	0.5600	0.04073	SOL log2fc=0.040 adj_p=0.214
F4KHU8	UXS3	MEM	-0.2100	0.08409	SOL log2fc=0.060 adj_p=0.815
F4KIH8	MXC17.10	SOL	-0.6700	0.1323	MEM log2fc=0.030 adj_p=0.769
O03042	rbcL	SOL	-0.6500	0.02501	MEM log2fc=0.380 adj_p=0.157
O03986	HSP90-4	MEM	-0.4100	0.04138	SOL log2fc=-0.340 adj_p=0.204
O04023	SRC2	MEM	-0.1100	0.5142	SOL log2fc=0.040 adj_p=0.824
O04130	PGDH2	MEM	-0.7500	0.01022	SOL log2fc=-0.640 adj_p=0.0234
O04151	CRT1	MEM	-0.5000	0.04487	SOL log2fc=0.030 adj_p=0.96
O04153	CRT3	MEM	-0.6300	0.01137	SOL log2fc=-0.140 adj_p=0.106
O04202	TIF3F1	SOL	-0.3600	0.03963	MEM log2fc=-0.130 adj_p=0.422
O04209	CLC2	MEM	0.3800	0.06008	SOL log2fc=-0.660 adj_p=0.309
O04309	JAL35	MEM	0.4200	0.08895	SOL log2fc=0.020 adj_p=0.704
O04310	JAL34	MEM	1.3700	0.005139	SOL log2fc=0.820 adj_p=0.0503
O04311	JAL33	SOL	0.7700	0.02715	MEM log2fc=0.700 adj_p=0.0438
O04313	PBP2	MEM	1.0600	0.007316	SOL log2fc=0.820 adj_p=0.0505
O04314	PBP1	MEM	1.5700	0.009666	SOL log2fc=0.750 adj_p=0.025
O04350	TFCA	SOL	0.5500	0.4019	MEM log2fc=-0.120 adj_p=0.873
O04379	AGO1	SOL	-0.1400	0.09792	MEM log2fc=0.120 adj_p=0.134
O04450	CCT5	MEM	0.4100	0.02178	SOL log2fc=0.070 adj_p=0.493
O04482	UCH2	MEM	1.8500	0.01028	SOL log2fc=-0.190 adj_p=0.0507
O04487	At1g09640	MEM	0.6800	0.002757	SOL log2fc=-0.300 adj_p=0.0321
O04496	AED3	SOL	0.0900	0.2693	MEM log2fc=-0.250 adj_p=0.544
O04499	PGM1	MEM	0.0400	0.1297	SOL log2fc=0.120 adj_p=0.295
O04603	RPL5	MEM	0.6300	0.009063	SOL log2fc=0.050 adj_p=0.332
O04630	THRRS	MEM	0.3800	0.04534	SOL log2fc=-0.110 adj_p=0.146
O04904	PYR4	MEM	0.1900	0.2148	SOL log2fc=0.290 adj_p=0.219
O04905	UMK3	MEM	-0.1800	0.07447	SOL log2fc=-0.060 adj_p=0.163
O04922	GPX2	MEM	0.3700	0.00425	SOL log2fc=-0.020 adj_p=0.971
O04983	CAC2	MEM	0.3900	0.08303	SOL log2fc=0.020 adj_p=0.685
O22126	FLA8	MEM	1.0800	0.01703	SOL log2fc=0.090 adj_p=0.392
O22149	PME17	MEM	-0.2800	0.03641	SOL log2fc=0.490 adj_p=0.158
O22160	At2g44920	MEM	0.7400	0.07873	SOL log2fc=0.300 adj_p=0.667
O22173	PAB4	MEM	0.6100	0.02982	SOL log2fc=-0.520 adj_p=0.0867
O22229	NTRC	SOL	-0.0800	0.1013	MEM log2fc=-0.270 adj_p=0.186
O22263	PDIL2-1	MEM	-0.0500	0.1721	SOL log2fc=0.020 adj_p=0.988
O22265	CAO	MEM	0.7600	0.08082	SOL log2fc=-0.010 adj_p=0.687
O22287	CYT1	SOL	0.1600	0.2007	MEM log2fc=-0.070 adj_p=0.512
O22607	MSI4	MEM	-0.3600	0.03647	SOL log2fc=-0.320 adj_p=0.118
O22609	DEGP1	SOL	-0.4800	0.1416	MEM log2fc=-0.090 adj_p=0.727
O22683	CYN	MEM	-0.1900	0.04228	SOL log2fc=0.290 adj_p=0.182
O22715	AP1M2	MEM	-0.4200	0.05215	SOL log2fc=-0.340 adj_p=0.216
O22769	At4g02580	MEM	-0.3100	0.07098	SOL log2fc=-0.040 adj_p=0.484
O22773	At4g02530	SOL	0.2800	0.1821	MEM log2fc=-0.050 adj_p=0.264
O22785	PRP19B	SOL	-0.3800	0.05702	MEM log2fc=-0.060 adj_p=0.321
O22793	MORF2	MEM	-0.7100	0.03302	SOL log2fc=0.190 adj_p=0.269
O22795	RPL28	MEM	-1.0900	0.009666	SOL log2fc=0.410 adj_p=0.26
O22809	CRL1	SOL	0.3300	0.1628	MEM log2fc=0.110 adj_p=0.245
O22822	UGT74F2	MEM	0.7000	0.01117	SOL log2fc=0.650 adj_p=0.0685
O22842	At2g43610	MEM	0.6900	0.01511	SOL log2fc=1.590 adj_p=0.0833
O22860	RPL38A	MEM	0.6700	0.01692	SOL log2fc=0.760 adj_p=0.0885
O22886	HEME2	SOL	-0.1900	0.1334	MEM log2fc=-0.490 adj_p=0.233
O22899	At2g47250	MEM	-0.8400	0.004122	SOL log2fc=-0.480 adj_p=0.145
O22914	CP12-1	MEM	-0.7700	0.2337	SOL log2fc=0.070 adj_p=0.81
O22941	PXM16	MEM	-0.2600	0.03909	SOL log2fc=-0.060 adj_p=0.517
O22957	At2g34040	SOL	-0.4100	0.04239	MEM log2fc=-0.090 adj_p=0.472
O23006	LYM2	MEM	1.0700	0.02513	SOL log2fc=0.180 adj_p=0.38
O23016	KAB1	MEM	0.2500	0.1691	SOL log2fc=0.040 adj_p=0.459
O23034	At1g05350	MEM	0.5100	0.007892	SOL log2fc=0.200 adj_p=0.0414
O23049	RPL6	MEM	0.4600	0.01658	SOL log2fc=0.180 adj_p=0.255
O23138	CYTC-1	SOL	0.1900	0.242	MEM log2fc=-0.190 adj_p=0.855
O23144	PPI1	SOL	-0.0700	0.3763	MEM log2fc=0.120 adj_p=0.61
O23157	C7A10.60	MEM	0.6700	0.01216	SOL log2fc=0.480 adj_p=0.0754
O23179	PLP1	MEM	1.8600	0.01184	SOL log2fc=1.240 adj_p=0.0932
O23193	CBSX1	SOL	0.4100	0.03822	MEM log2fc=-0.270 adj_p=0.651
O23212	U2AF65A	MEM	-0.6500	0.04321	SOL log2fc=-0.120 adj_p=0.222
O23240	D2HGDH	MEM	-0.5000	0.08537	SOL log2fc=-0.020 adj_p=0.593
O23254	SHM4	MEM	0.5600	0.008402	SOL log2fc=0.150 adj_p=0.309
O23255	SAHH1	MEM	0.4700	0.06035	SOL log2fc=0.030 adj_p=0.902
O23264	SBP1	MEM	1.0800	0.003285	SOL log2fc=-0.200 adj_p=0.093
O23290	RPL36AA	SOL	0.8200	0.1427	MEM log2fc=-0.180 adj_p=0.184
O23344	FDC1	SOL	0.1500	0.1941	MEM log2fc=-0.440 adj_p=0.423
O23365	CYP97B3	MEM	-0.3100	0.02962	SOL log2fc=-0.300 adj_p=0.0618
O23392	dl3740c	MEM	0.4000	0.1126	SOL log2fc=0.710 adj_p=0.158
O23404	PPDK	MEM	0.8200	0.008445	SOL log2fc=0.270 adj_p=0.0379
O23406	UGT75D1	MEM	0.7200	0.009461	SOL log2fc=-0.190 adj_p=0.241
O23461	ARA1	SOL	-0.4700	0.06805	MEM log2fc=-0.160 adj_p=0.304
O23523	RGGA	MEM	-0.5000	0.197	SOL log2fc=-0.110 adj_p=0.78
O23553	BAM3	MEM	-0.6600	0.007283	SOL log2fc=-0.760 adj_p=0.0778
O23593	RGGB	MEM	-0.2300	0.1308	SOL log2fc=0.050 adj_p=0.678
O23617	TPS5	SOL	-0.6400	0.1702	MEM log2fc=0.300 adj_p=0.183
O23627	At1g29880	MEM	0.5800	0.009761	SOL log2fc=0.030 adj_p=0.993
O23647	SBE2.1	MEM	-0.5800	0.02395	SOL log2fc=-0.280 adj_p=0.0896
O23653	AK2	SOL	-0.2800	0.03228	MEM log2fc=-0.190 adj_p=0.279
O23654	VHA-A	SOL	0.1700	0.01629	MEM log2fc=0.190 adj_p=0.0522
O23657	RABC1	MEM	-0.0600	0.2014	SOL log2fc=-0.130 adj_p=0.755
O23676	MAGO	MEM	-0.4400	0.02798	SOL log2fc=0.070 adj_p=0.635
O23684	At2g41950	SOL	-0.0400	0.8533	MEM log2fc=-0.100 adj_p=0.949
O23708	PAB1	MEM	0.8000	0.03028	SOL log2fc=0.190 adj_p=0.0541
O23714	PBD1	MEM	0.6000	0.13	SOL log2fc=0.140 adj_p=0.188
O23722	MVD1	MEM	0.1400	0.1378	SOL log2fc=0.070 adj_p=0.544
O24456	RACK1A	MEM	0.2600	0.03499	SOL log2fc=0.130 adj_p=0.348
O24457	PDH-E1	SOL	0.1100	0.1937	MEM log2fc=0.230 adj_p=0.225
O24496	GLX2-2	MEM	0.5500	0.0272	SOL log2fc=0.410 adj_p=0.111
O24603	CHI	SOL	0.8700	0.2597	MEM log2fc=0.130 adj_p=0.578
O24616	PAD2	SOL	0.0500	0.1729	MEM log2fc=0.150 adj_p=0.353
O24633	PBD2	MEM	1.1400	0.007388	SOL log2fc=-0.040 adj_p=0.459
O24653	GDI2	MEM	0.2400	0.01234	SOL log2fc=0.110 adj_p=0.134
O24658	At2g43590	SOL	1.1000	0.1429	MEM log2fc=0.010 adj_p=0.45
O48549	RPS6A	MEM	-0.4300	0.1086	SOL log2fc=0.610 adj_p=0.134
O48593	SYNO	SOL	-0.1000	0.2974	MEM log2fc=-0.080 adj_p=0.46
O48646	GPX6	SOL	0.1400	0.07056	MEM log2fc=0.050 adj_p=0.77
O48661	SPDSYN2	SOL	0.2900	0.1185	MEM log2fc=0.140 adj_p=0.147
O48676	UGT74B1	MEM	-0.2400	0.01991	SOL log2fc=-1.040 adj_p=0.0507
O48724	WEB1	MEM	0.2000	0.1035	SOL log2fc=-0.170 adj_p=0.263
O48737	At1g03680	SOL	0.3500	0.2394	MEM log2fc=0.110 adj_p=0.687
O48741	PORC	MEM	-0.5800	0.01251	SOL log2fc=-0.410 adj_p=0.0316
O48773	PDIL2-3	MEM	-0.5200	0.08338	SOL log2fc=0.140 adj_p=0.241
O48782	HO1	MEM	-0.5700	0.102	SOL log2fc=-1.040 adj_p=0.109
O48802	CLMP1	SOL	-0.4400	0.02457	MEM log2fc=0.650 adj_p=0.0513
O48832	ERD7	MEM	0.3100	0.036	SOL log2fc=-0.030 adj_p=0.236
O48844	RPN2A	MEM	0.2200	0.04303	SOL log2fc=-0.100 adj_p=0.683
O48963	PHOT1	SOL	-0.4800	0.1192	MEM log2fc=-0.010 adj_p=0.869
O49006	PME3	MEM	0.9700	0.07841	SOL log2fc=0.170 adj_p=0.19
O49160	TIF3C1	SOL	-0.4400	0.0364	MEM log2fc=-0.070 adj_p=0.107
O49195	VSP1	MEM	-1.6200	0.002757	SOL log2fc=-2.490 adj_p=0.0461
O49203	NDPK3	MEM	-0.4100	0.03514	SOL log2fc=0.300 adj_p=0.166
O49290	At1g77060	MEM	0.3400	0.1464	SOL log2fc=0.020 adj_p=0.937
O49292	PPD4	MEM	1.1800	0.07434	SOL log2fc=0.390 adj_p=0.322
O49299	At1g23190	MEM	-0.1500	0.0388	SOL log2fc=0.050 adj_p=0.105
O49304	At1g23130	MEM	-0.3000	0.0092	SOL log2fc=-0.530 adj_p=0.259
O49453	At4g28440	MEM	0.5400	0.02401	SOL log2fc=-0.490 adj_p=0.0974
O49485	PGDH1	MEM	0.3000	0.2522	SOL log2fc=0.140 adj_p=0.512
O49499	CCOAOMT1	MEM	0.4300	0.1329	SOL log2fc=0.030 adj_p=0.916
O49543	NIFS1	MEM	-0.0100	0.3477	SOL log2fc=-0.040 adj_p=0.376
O49562	RP1	MEM	-0.8900	0.01943	SOL log2fc=-0.430 adj_p=0.0489
O49627	ISU1	MEM	-0.5100	0.04218	SOL log2fc=0.690 adj_p=0.106
O49629	PAP2	MEM	-0.3400	0.07149	SOL log2fc=-0.140 adj_p=0.234
O49675	CCD4	MEM	-0.4200	0.04301	SOL log2fc=-0.790 adj_p=0.0578
O50008	MS1	MEM	0.5000	0.02231	SOL log2fc=0.040 adj_p=0.892
O64490	EIF2	MEM	0.4300	0.02806	SOL log2fc=-0.110 adj_p=0.451
O64517	AMC4	MEM	0.2500	0.05955	SOL log2fc=-0.010 adj_p=0.627
O64640	CXE8	MEM	-0.7600	0.02602	SOL log2fc=0.240 adj_p=0.515
O64644	At2g45640	MEM	-0.7400	0.03634	SOL log2fc=-0.210 adj_p=0.281
O64691	CCP1	MEM	-0.3000	0.05576	SOL log2fc=0.090 adj_p=0.773
O64696	At2g34510	MEM	-0.5200	0.04751	SOL log2fc=-0.450 adj_p=0.109
O64730	At2g30170	MEM	-0.6900	0.004851	SOL log2fc=-0.170 adj_p=0.672
O64740	SEC13B	MEM	0.2700	0.08095	SOL log2fc=-0.240 adj_p=0.108
O64760	At2g34970	SOL	-0.3300	0.1625	MEM log2fc=0.060 adj_p=0.774
O64764	At2g35010	MEM	1.3500	0.009761	SOL log2fc=0.090 adj_p=0.444
O64767	At2g35040	MEM	0.0600	0.5322	SOL log2fc=0.050 adj_p=0.795
O64768	At2g35050	MEM	0.3200	0.03027	SOL log2fc=-0.270 adj_p=0.422
O64835	YCF37	MEM	-1.3200	0.02253	SOL log2fc=0.090 adj_p=0.727
O64858	At2g44230	SOL	-0.1000	0.3494	MEM log2fc=-0.090 adj_p=0.356
O64864	LTPG13	MEM	0.1400	0.2065	SOL log2fc=-0.170 adj_p=0.597
O64866	At2g44310	MEM	-0.2100	0.3052	SOL log2fc=0.050 adj_p=0.859
O64888	PRS5	MEM	-0.3100	0.1089	SOL log2fc=0.020 adj_p=0.62
O65041	ECR1	MEM	-0.5000	0.02096	SOL log2fc=-0.140 adj_p=0.285
O65202	ACX1	SOL	0.1800	0.1421	MEM log2fc=-0.190 adj_p=0.248
O65271	FOLD4	MEM	-0.2800	0.04792	SOL log2fc=0.170 adj_p=0.209
O65282	CPN20	MEM	0.8300	0.1322	SOL log2fc=0.110 adj_p=0.987
O65351	SBT1.7	SOL	1.0000	0.07303	MEM log2fc=0.310 adj_p=0.0887
O65370	At1g12080	SOL	1.5300	0.02501	MEM log2fc=0.940 adj_p=0.036
O65398	GLX1	SOL	0.2700	0.03202	MEM log2fc=0.150 adj_p=0.526
O65423	F18E5.200	SOL	0.2300	0.04206	MEM log2fc=0.150 adj_p=0.114
O65449	sks4	SOL	0.2400	0.1361	MEM log2fc=0.070 adj_p=0.342
O65502	HCF244	MEM	0.2900	0.2934	SOL log2fc=-0.130 adj_p=0.504
O65570	VLN4	MEM	0.4900	0.01097	SOL log2fc=-0.120 adj_p=0.416
O65572	CCD1	MEM	-0.3500	0.02147	SOL log2fc=-0.410 adj_p=0.0818
O65581	FBA5	SOL	-0.7700	0.03228	MEM log2fc=-0.110 adj_p=0.811
O65639	CSP1	SOL	-0.1200	0.1982	MEM log2fc=-0.020 adj_p=0.293
O65655	At4g39680	MEM	0.6300	0.03101	SOL log2fc=-0.530 adj_p=0.258
O65660	PLAT1	MEM	-0.7300	0.03997	SOL log2fc=0.010 adj_p=0.911
O65719	HSP70-3	MEM	0.3500	0.02165	SOL log2fc=-0.290 adj_p=0.109
O65896	CDA1	MEM	0.2500	0.04461	SOL log2fc=0.380 adj_p=0.2
O80397	MKK4	MEM	-0.5300	0.05135	SOL log2fc=-0.190 adj_p=0.487
O80448	PDX11	MEM	0.4700	0.005245	SOL log2fc=-0.240 adj_p=0.106
O80456	At2g23390	MEM	-0.9900	0.004283	SOL log2fc=-0.600 adj_p=0.0482
O80477	MES3	SOL	0.3200	0.1509	MEM log2fc=0.070 adj_p=0.392
O80480	IMPA4	MEM	-0.4900	0.02412	SOL log2fc=0.040 adj_p=0.96
O80501	RABH1B	MEM	0.3000	0.1445	SOL log2fc=0.100 adj_p=0.302
O80504	CPN10-2	SOL	-0.0800	0.7589	MEM log2fc=-0.130 adj_p=0.898
O80526	ACLA-3	MEM	-0.2300	0.03138	SOL log2fc=0.070 adj_p=0.737
O80574	DAPB1	MEM	0.6400	0.07602	SOL log2fc=0.080 adj_p=0.431
O80575	At2g44050	SOL	0.3300	0.1798	MEM log2fc=0.060 adj_p=0.833
O80576	late	MEM	0.6900	0.008402	SOL log2fc=-0.010 adj_p=0.954
O80585	MTHFR2	MEM	0.1900	0.03641	SOL log2fc=-0.240 adj_p=0.0403
O80653	SKIP	MEM	-0.9900	0.009329	SOL log2fc=-0.070 adj_p=0.551
O80763	At1g60420	MEM	-0.1600	0.09819	SOL log2fc=-0.390 adj_p=0.12
O80837	DBP	MEM	0.6900	0.08914	SOL log2fc=-0.220 adj_p=0.394
O80840	PMM	MEM	0.3700	0.05011	SOL log2fc=-0.180 adj_p=0.0799
O80852	GSTF9	SOL	-0.4700	0.1555	MEM log2fc=-0.040 adj_p=0.864
O80858	At2g30930	MEM	2.4400	0.007775	SOL log2fc=0.710 adj_p=0.0799
O80910	TOL6	MEM	0.8000	0.02053	SOL log2fc=-0.690 adj_p=0.169
O80925	AGD7	MEM	-0.2600	0.05568	SOL log2fc=-0.570 adj_p=0.0843
O80929	RPL36A	MEM	-0.7900	0.008402	SOL log2fc=0.270 adj_p=0.219
O80934	At2g37660	MEM	-0.1700	0.3957	SOL log2fc=-0.110 adj_p=0.434
O80950	JAL22	MEM	0.5200	0.008445	SOL log2fc=0.470 adj_p=0.0569
O80977	VSR3	MEM	-0.4500	0.02242	SOL log2fc=0.200 adj_p=0.319
O80988	GLDP2	MEM	-0.7300	0.02989	SOL log2fc=-0.280 adj_p=0.106
O81014	ISPE	SOL	-0.2300	0.08335	MEM log2fc=-0.420 adj_p=0.192
O81027	HMGCL	SOL	0.0800	0.1141	MEM log2fc=0.020 adj_p=0.776
O81098	NRPB5A	MEM	-0.6500	0.009819	SOL log2fc=-0.220 adj_p=0.18
O81146	PAA1	MEM	1.1500	0.03093	SOL log2fc=0.250 adj_p=0.247
O81147	PAA2	MEM	0.6700	0.021	SOL log2fc=-0.020 adj_p=0.484
O81148	PAC1	MEM	1.2200	0.006685	SOL log2fc=0.010 adj_p=0.854
O81149	PAE1	MEM	0.5800	0.07396	SOL log2fc=0.110 adj_p=0.0927
O81283	TOC159	SOL	-0.4100	0.0236	MEM log2fc=0.140 adj_p=0.143
O81439	PAP1	MEM	0.4000	0.03127	SOL log2fc=-0.180 adj_p=0.143
O81493	F9D12.8	MEM	1.0000	0.004818	SOL log2fc=0.750 adj_p=0.0388
O81629	KLCR1	SOL	-0.4100	0.07832	MEM log2fc=0.110 adj_p=0.487
O81644	VLN2	MEM	0.6000	0.005373	SOL log2fc=-0.210 adj_p=0.189
O81645	VLN3	MEM	1.1200	0.01578	SOL log2fc=-0.240 adj_p=0.159
O81716	PPC4-2	MEM	0.4500	0.02541	SOL log2fc=-0.220 adj_p=0.142
O81826	At4g27230	SOL	0.2100	0.4292	MEM log2fc=-0.150 adj_p=0.553
O81852	AKHSDH2	MEM	-0.4800	0.004436	SOL log2fc=-0.230 adj_p=0.096
O81862	ChiC	MEM	1.5500	0.01022	SOL log2fc=1.410 adj_p=0.141
O81884	LGALDH	MEM	0.1000	0.2776	SOL log2fc=-0.080 adj_p=0.448
O82179	GDH2	SOL	0.5300	0.06319	MEM log2fc=0.230 adj_p=0.5
O82197	VPS32.1	MEM	1.0700	0.086	SOL log2fc=-0.280 adj_p=0.637
O82204	RPL28A	MEM	1.6800	0.02075	SOL log2fc=-0.140 adj_p=0.431
O82230	STIC2	SOL	-0.0700	0.3654	MEM log2fc=-0.110 adj_p=0.798
O82233	EIF(ISO)4G2	SOL	-0.4900	0.07816	MEM log2fc=-0.320 adj_p=0.0999
O82290	SKL2	MEM	0.0500	0.4373	SOL log2fc=0.130 adj_p=0.509
O82291	PAP3	MEM	-0.9800	0.03407	SOL log2fc=-0.370 adj_p=0.0436
O82299	At2g35410	SOL	-0.3600	0.1632	MEM log2fc=-0.130 adj_p=0.774
O82314	At2g25830	MEM	-0.4600	0.1866	SOL log2fc=-0.040 adj_p=0.553
O82326	At2g14880	SOL	-0.2500	0.2932	MEM log2fc=-0.210 adj_p=0.551
O82399	PMDH1	SOL	0.2100	0.2536	MEM log2fc=-0.010 adj_p=0.966
O82413	At3g46100	SOL	-0.2700	0.214	MEM log2fc=-0.020 adj_p=0.581
O82462	At5g26710	SOL	-0.3100	0.05461	MEM log2fc=0.140 adj_p=0.179
O82487	T12H20.10	MEM	0.5900	0.1234	SOL log2fc=0.120 adj_p=0.321
O82514	ADK1	MEM	-0.1700	0.07617	SOL log2fc=0.390 adj_p=0.182
O82597	PPA5	MEM	-0.1000	0.2234	SOL log2fc=0.200 adj_p=0.293
O82628	VHA-G1	SOL	0.2400	0.5962	MEM log2fc=0.040 adj_p=0.691
O82629	VHA-G2	MEM	1.6100	0.003126	SOL log2fc=0.600 adj_p=0.376
O82656	PTP1	MEM	-0.1100	0.2032	SOL log2fc=-0.040 adj_p=0.456
O82659	CML20	MEM	1.3900	0.007892	SOL log2fc=0.060 adj_p=0.772
O82662	At2g20420	SOL	0.0600	0.7185	MEM log2fc=-0.080 adj_p=0.857
O82663	SDH1-1	MEM	0.1300	0.2878	SOL log2fc=0.040 adj_p=0.58
O82762	At2g25970	SOL	-0.0500	0.04535	MEM log2fc=-0.430 adj_p=0.168
O82782	HISN3	MEM	0.3700	0.1615	SOL log2fc=-0.030 adj_p=0.378
P06525	ADH1	MEM	0.6300	0.01445	SOL log2fc=0.700 adj_p=0.0782
P09468	atpE	MEM	0.7600	0.004702	SOL log2fc=-0.320 adj_p=0.216
P0CJ46	ACT1	SOL	-0.1300	0.2199	MEM log2fc=-0.030 adj_p=0.829
P0CZ23	ACX3	MEM	0.1400	0.1732	SOL log2fc=-0.130 adj_p=0.424
P0DH99	A1	MEM	1.4600	0.004122	SOL log2fc=0.170 adj_p=0.263
P0DI79	At3g28300	MEM	-0.2500	0.05986	SOL log2fc=0.090 adj_p=0.421
P0DKC4	PGLP1B	MEM	-0.7100	0.1357	SOL log2fc=0.060 adj_p=0.603
P0DKL6	SAP130B	MEM	-0.4700	0.04487	SOL log2fc=-0.120 adj_p=0.156
P10795	RBCS-1A	SOL	-0.4800	0.01263	MEM log2fc=0.120 adj_p=0.781
P10798	RBCS-3B	SOL	-0.5900	0.01798	MEM log2fc=0.020 adj_p=0.558
P10896	RCA	SOL	-0.3600	0.02588	MEM log2fc=0.160 adj_p=0.204
P11035	NIA2	MEM	0.5200	0.04227	SOL log2fc=-0.010 adj_p=0.626
P11139	TUBA1	MEM	-0.7800	0.007892	SOL log2fc=-0.310 adj_p=0.213
P12411	TUBB1	MEM	1.5300	0.003642	SOL log2fc=0.050 adj_p=0.393
P14671	TSB1	SOL	-0.2100	0.09602	MEM log2fc=0.490 adj_p=0.101
P15455	CRA1	MEM	2.2900	0.004122	SOL log2fc=1.780 adj_p=0.212
P16127	CHLI1	MEM	-0.3700	0.007892	SOL log2fc=-0.090 adj_p=0.264
P16180	RPS17	MEM	0.6200	0.0374	SOL log2fc=-0.180 adj_p=0.0527
P16181	RPS11A	MEM	0.1200	0.1177	SOL log2fc=-0.060 adj_p=0.249
P17094	ARP1	MEM	-0.1100	0.2456	SOL log2fc=0.150 adj_p=0.951
P17562	SAM2	SOL	0.4100	0.1876	MEM log2fc=0.060 adj_p=0.627
P17597	ALS	MEM	-0.3100	0.07463	SOL log2fc=-0.110 adj_p=0.266
P17745	TUFA	SOL	0.2300	0.1359	MEM log2fc=-0.080 adj_p=0.217
P18612	KIN1	MEM	1.6200	0.02278	SOL log2fc=1.860 adj_p=0.0849
P18616	NRPB1	MEM	-0.7100	0.01108	SOL log2fc=-0.390 adj_p=0.067
P19366	atpB	SOL	-0.3100	0.02457	MEM log2fc=0.670 adj_p=0.083
P20115	CSY4	MEM	0.2300	0.08847	SOL log2fc=-0.010 adj_p=0.896
P21218	PORB	MEM	-0.9000	0.004283	SOL log2fc=-0.520 adj_p=0.037
P21238	CPN60A1	SOL	-0.1100	0.2545	MEM log2fc=-0.090 adj_p=0.969
P21240	CPN60B1	SOL	-0.1700	0.1608	MEM log2fc=0.170 adj_p=0.278
P21276	FSD1	SOL	0.9900	0.0354	MEM log2fc=0.800 adj_p=0.162
P22953	HSP70-1	MEM	0.4900	0.007283	SOL log2fc=-0.190 adj_p=0.12
P22954	HSP70-2	MEM	0.3500	0.129	SOL log2fc=0.070 adj_p=0.372
P23321	PSBO1	SOL	0.0900	0.5858	MEM log2fc=-0.030 adj_p=0.862
P23686	SAM1	SOL	0.3100	0.1295	MEM log2fc=-0.040 adj_p=0.911
P24636	TUBB4	MEM	0.6100	0.003387	SOL log2fc=0.180 adj_p=0.0975
P24806	XTH24	MEM	0.6200	0.02897	SOL log2fc=0.370 adj_p=0.0985
P25696	ENO2	MEM	0.8800	0.01479	SOL log2fc=0.210 adj_p=0.0369
P25697	At1g32060	MEM	0.6000	0.1852	SOL log2fc=0.110 adj_p=0.463
P25851	CFBP1	SOL	-0.1500	0.5919	MEM log2fc=-0.280 adj_p=0.974
P25855	GDH1	MEM	0.1300	0.3778	SOL log2fc=-0.110 adj_p=0.516
P25856	GAPA1	MEM	-0.4300	0.004122	SOL log2fc=-0.230 adj_p=0.117
P25857	GAPB	MEM	-0.1800	0.2467	SOL log2fc=-0.080 adj_p=0.396
P25864	RPL9	SOL	-0.0400	0.524	MEM log2fc=0.030 adj_p=0.805
P25873	RPL15	MEM	0.8200	0.008363	SOL log2fc=0.870 adj_p=0.135
P26568	At1g06760	SOL	0.3800	0.04607	MEM log2fc=0.720 adj_p=0.0738
P26569	At2g30620	SOL	0.1300	0.05035	MEM log2fc=-0.230 adj_p=0.465
P27323	HSP90-1	MEM	0.3900	0.05442	SOL log2fc=0.050 adj_p=0.54
P28188	RABD2A	MEM	0.7500	0.05675	SOL log2fc=0.270 adj_p=0.134
P28769	CCT1	MEM	0.3800	0.02451	SOL log2fc=0.480 adj_p=0.155
P29197	CPN60	MEM	0.2600	0.05988	SOL log2fc=-0.090 adj_p=0.167
P29402	CNX1	SOL	0.3000	0.04658	MEM log2fc=-0.080 adj_p=0.133
P29513	TUBB5	MEM	0.2800	0.05592	SOL log2fc=-0.110 adj_p=0.391
P29514	TUBB6	MEM	-0.0300	0.4453	SOL log2fc=-0.060 adj_p=0.451
P29515	TUBB7	MEM	0.0400	0.8086	SOL log2fc=-0.010 adj_p=0.951
P29516	TUBB8	MEM	0.4700	0.05217	SOL log2fc=-0.180 adj_p=0.445
P29517	TUBB9	MEM	0.7200	0.01173	SOL log2fc=0.180 adj_p=0.0825
P29976	DHS1	MEM	-0.8800	0.01479	SOL log2fc=-0.280 adj_p=0.025
P30184	LAP1	SOL	-0.1400	0.04535	MEM log2fc=0.160 adj_p=0.217
P31167	AAC1	MEM	-0.2200	0.1025	SOL log2fc=-0.680 adj_p=0.328
P31168	COR47	SOL	0.8100	0.01798	MEM log2fc=0.230 adj_p=0.375
P31169	KIN2	MEM	0.7500	0.0916	SOL log2fc=1.000 adj_p=0.312
P31265	TCTP1	MEM	0.3700	0.1089	SOL log2fc=-0.030 adj_p=0.956
P31414	AVP1	MEM	-0.1100	0.11	SOL log2fc=-1.140 adj_p=0.122
P32826	SCPL49	MEM	0.4100	0.009329	SOL log2fc=-0.240 adj_p=0.211
P32961	NIT1	MEM	1.5300	0.03032	SOL log2fc=0.330 adj_p=0.131
P32962	NIT2	SOL	0.2600	0.1917	MEM log2fc=0.140 adj_p=0.258
P33207	At1g24360	MEM	1.0200	0.04476	SOL log2fc=0.290 adj_p=0.0662
P34066	PAF1	SOL	0.0200	0.697	MEM log2fc=0.090 adj_p=0.72
P34788	RPS18A	MEM	0.5500	0.07737	SOL log2fc=-0.050 adj_p=0.262
P34790	CYP18-3	MEM	0.5600	0.00612	SOL log2fc=0.100 adj_p=0.0849
P34791	CYP20-3	MEM	0.7700	0.05374	SOL log2fc=-0.210 adj_p=0.123
P34802	GGPPS1	SOL	-0.2200	0.1283	MEM log2fc=-0.220 adj_p=0.32
P35510	PAL1	MEM	0.3300	0.008687	SOL log2fc=0.390 adj_p=0.285
P35614	ERF1-3	SOL	-0.2500	0.1669	MEM log2fc=0.040 adj_p=0.691
P36210	RPL12A	MEM	-0.3600	0.3028	SOL log2fc=-0.140 adj_p=0.456
P36428	ALATS	SOL	-0.1100	0.04535	MEM log2fc=0.110 adj_p=0.444
P37107	FFC	MEM	0.3100	0.1326	SOL log2fc=0.000 adj_p=0.731
P37702	TGG1	MEM	-1.4700	0.02982	SOL log2fc=-1.400 adj_p=0.0526
P38025	PUR7	MEM	0.2300	0.1234	SOL log2fc=-0.070 adj_p=0.165
P38418	LOX2	MEM	-0.8700	0.01656	SOL log2fc=-0.870 adj_p=0.0397
P38420	NRPB2	MEM	-0.9600	0.01838	SOL log2fc=-0.260 adj_p=0.722
P38605	CAS1	SOL	-0.4700	0.04026	MEM log2fc=-0.120 adj_p=0.327
P38666	RPL24B	SOL	0.6700	0.08652	MEM log2fc=-0.090 adj_p=0.197
P39207	NDK1	MEM	0.5900	0.04396	SOL log2fc=0.090 adj_p=0.417
P40283	At5g59910	MEM	0.9800	0.04392	SOL log2fc=0.390 adj_p=0.0565
P41088	CHI1	MEM	-0.0500	0.569	SOL log2fc=0.120 adj_p=0.663
P41568	At4g27130	MEM	0.9300	0.05904	SOL log2fc=-0.120 adj_p=0.486
P41916	RAN1	MEM	-0.1300	0.06134	SOL log2fc=0.250 adj_p=0.132
P42036	RPS14C	MEM	0.2900	0.0595	SOL log2fc=0.230 adj_p=0.256
P42643	GRF1	MEM	0.1000	0.1807	SOL log2fc=0.070 adj_p=0.29
P42644	GRF3	SOL	0.3500	0.08658	MEM log2fc=0.330 adj_p=0.101
P42731	PAB2	MEM	0.4100	0.03709	SOL log2fc=-0.320 adj_p=0.216
P42732	RPS13	MEM	1.0800	0.01244	SOL log2fc=-0.230 adj_p=0.175
P42733	RPS11C	SOL	-0.2900	0.2138	MEM log2fc=0.140 adj_p=0.455
P42734	CAD9	MEM	0.2000	0.02502	SOL log2fc=-0.040 adj_p=0.552
P42742	PBF1	MEM	1.0600	0.0188	SOL log2fc=-0.280 adj_p=0.183
P42744	AXR1	MEM	-0.2400	0.01196	SOL log2fc=-0.430 adj_p=0.0715
P42759	ERD10	SOL	0.3000	0.02496	MEM log2fc=-0.240 adj_p=0.25
P42760	GSTF6	MEM	1.4800	0.006832	SOL log2fc=-0.200 adj_p=0.799
P42761	GSTF10	SOL	-0.0800	0.387	MEM log2fc=-0.380 adj_p=0.404
P42762	CLPD	MEM	-1.0000	0.01263	SOL log2fc=-0.320 adj_p=0.309
P42763	ERD14	MEM	0.4900	0.01832	SOL log2fc=0.710 adj_p=0.07
P42770	EMB2360	SOL	0.1900	0.05595	MEM log2fc=0.090 adj_p=0.395
P42791	RPL18B	SOL	0.7100	0.07154	MEM log2fc=0.110 adj_p=0.646
P42794	RPL11B	SOL	0.3100	0.1008	MEM log2fc=-0.140 adj_p=0.22
P42798	RPS15AA	MEM	0.5200	0.02012	SOL log2fc=0.430 adj_p=0.0528
P42799	GSA1	MEM	0.4200	0.07825	SOL log2fc=-0.010 adj_p=0.91
P42825	ATJ2	MEM	-0.2400	0.2064	SOL log2fc=0.060 adj_p=0.62
P43082	HEL	MEM	-0.5400	0.09228	SOL log2fc=-0.290 adj_p=0.79
P43297	RD21A	SOL	0.2200	0.1815	MEM log2fc=-0.010 adj_p=0.632
P43333	At1g09760	MEM	-0.6100	0.1187	SOL log2fc=0.080 adj_p=0.795
P45432	CSN1	SOL	-0.5000	0.05669	MEM log2fc=0.200 adj_p=0.202
P45724	PAL2	MEM	-0.4200	0.1847	SOL log2fc=0.060 adj_p=0.548
P46086	At5g27450	SOL	-0.0500	0.4587	MEM log2fc=-0.050 adj_p=0.531
P46283	At3g55800	SOL	-0.2600	0.07227	MEM log2fc=0.750 adj_p=0.12
P46286	RPL8A	SOL	-0.2100	0.3215	MEM log2fc=-0.040 adj_p=0.437
P46309	GSH1	SOL	-0.2300	0.0509	MEM log2fc=-0.070 adj_p=0.651
P46416	GSH2	MEM	-0.5600	0.005296	SOL log2fc=-0.150 adj_p=0.0708
P46421	GSTU5	MEM	0.1900	0.2223	SOL log2fc=0.140 adj_p=0.297
P46422	GSTF2	SOL	-0.2500	0.09151	MEM log2fc=-0.110 adj_p=0.548
P46643	ASP1	MEM	0.7000	0.004283	SOL log2fc=0.080 adj_p=0.299
P46644	ASP3	MEM	-0.1900	0.0577	SOL log2fc=0.200 adj_p=0.0999
P46645	ASP2	MEM	0.5100	0.02191	SOL log2fc=0.080 adj_p=0.273
P47924	RIBA1	MEM	-0.6600	0.04749	SOL log2fc=-0.030 adj_p=0.355
P47996	IMPDH	MEM	-0.4200	0.03499	SOL log2fc=-0.080 adj_p=0.371
P47998	OASA1	MEM	0.4600	0.04282	SOL log2fc=0.340 adj_p=0.0772
P47999	OASB	MEM	0.4900	0.1343	SOL log2fc=0.340 adj_p=0.17
P48006	At1g30230	MEM	1.8000	0.003684	SOL log2fc=-0.070 adj_p=0.158
P48347	GRF10	MEM	0.2500	0.0135	SOL log2fc=0.020 adj_p=0.883
P48348	GRF8	MEM	0.8900	0.02943	SOL log2fc=-0.110 adj_p=0.424
P48491	CTIMC	MEM	0.5500	0.1429	SOL log2fc=0.190 adj_p=0.182
P48523	CAD4	MEM	0.4100	0.01356	SOL log2fc=-0.220 adj_p=0.0619
P48641	At3g24170	MEM	0.3500	0.08135	SOL log2fc=0.180 adj_p=0.341
P49077	PYRB	SOL	0.3400	0.08046	MEM log2fc=-0.110 adj_p=0.821
P49107	PSAN	MEM	-0.2800	0.2075	SOL log2fc=-0.150 adj_p=0.227
P49200	RPS20A	MEM	0.8900	0.01117	SOL log2fc=0.360 adj_p=0.147
P49205	RPS17A	MEM	-0.3200	0.02858	SOL log2fc=0.180 adj_p=0.117
P49209	RPL9B	MEM	-0.1100	0.3666	SOL log2fc=0.170 adj_p=0.689
P49227	RPL5B	MEM	0.1700	0.01798	SOL log2fc=-0.010 adj_p=0.499
P49243	At1g62640	MEM	0.3800	0.04261	SOL log2fc=0.140 adj_p=0.794
P49572	IGPS	SOL	-0.1600	0.05004	MEM log2fc=0.480 adj_p=0.0612
P49637	RPL27AC	SOL	-0.1600	0.04658	MEM log2fc=0.450 adj_p=0.328
P49688	RPS2C	MEM	1.7400	0.01658	SOL log2fc=-0.060 adj_p=0.843
P49690	RPL23A	MEM	0.6800	0.02579	SOL log2fc=0.520 adj_p=0.163
P49691	RPL4D	MEM	0.1200	0.3951	SOL log2fc=0.220 adj_p=0.686
P49692	RPL7AA	MEM	1.0800	0.007759	SOL log2fc=-0.140 adj_p=0.148
P49967	SRP-54C	SOL	-0.4200	0.05502	MEM log2fc=0.420 adj_p=0.0936
P50318	At1g56190	MEM	-0.2100	0.09276	SOL log2fc=-0.210 adj_p=0.135
P50546	rpoB	SOL	-0.3900	0.03263	MEM log2fc=-0.070 adj_p=0.738
P50700	OSM34	SOL	0.2600	0.5878	MEM log2fc=-0.010 adj_p=0.672
P50883	RPL12A	MEM	0.6300	0.01179	SOL log2fc=0.170 adj_p=0.57
P51412	RPL21	MEM	1.0100	0.02493	SOL log2fc=-0.310 adj_p=0.0374
P51413	RPL17B	MEM	-0.3300	0.1051	SOL log2fc=0.990 adj_p=0.139
P51414	RPL26A	MEM	-0.4300	0.05958	SOL log2fc=0.060 adj_p=0.428
P51419	RPL27C	MEM	0.8200	0.01779	SOL log2fc=-0.130 adj_p=0.259
P51430	RPS6B	MEM	-0.3500	0.02069	SOL log2fc=0.550 adj_p=0.189
P51818	HSP90-3	MEM	1.6200	0.00901	SOL log2fc=-0.220 adj_p=0.0638
P52032	GPX1	MEM	-0.5200	0.09425	SOL log2fc=-0.070 adj_p=0.222
P52420	PUR2	MEM	-0.2800	0.03696	SOL log2fc=0.070 adj_p=0.77
P52577	At1g75280	MEM	0.7000	0.0092	SOL log2fc=0.030 adj_p=0.68
P52839	SOT12	SOL	0.0600	0.2366	MEM log2fc=0.110 adj_p=0.584
P53492	ACT7	MEM	0.1800	0.08237	SOL log2fc=0.020 adj_p=0.9
P53496	ACT11	MEM	0.3500	0.05733	SOL log2fc=-0.130 adj_p=0.525
P54150	MSR4	MEM	0.3500	0.0534	SOL log2fc=0.260 adj_p=0.524
P54609	CDC48A	SOL	-0.1500	0.115	MEM log2fc=0.120 adj_p=0.134
P54873	HMGS	MEM	0.3300	0.01888	SOL log2fc=0.170 adj_p=0.86
P54888	P5CSB	SOL	-0.2500	0.1099	MEM log2fc=-0.150 adj_p=0.563
P55034	RPN10	MEM	0.3300	0.01697	SOL log2fc=0.310 adj_p=0.0586
P55217	CGS1	MEM	-0.1800	0.02433	SOL log2fc=-0.350 adj_p=0.15
P55228	APS1	MEM	0.0300	0.5414	SOL log2fc=0.010 adj_p=0.931
P55229	ADG2	SOL	-0.0700	0.09238	MEM log2fc=0.050 adj_p=0.668
P55737	HSP90-2	MEM	0.2000	0.009026	SOL log2fc=-0.200 adj_p=0.0234
P55826	PPOX1	SOL	-0.2900	0.01629	MEM log2fc=-0.400 adj_p=0.029
P56756	ndhK	MEM	-1.1500	0.01445	SOL log2fc=-0.480 adj_p=0.0454
P56757	atpA	MEM	0.2400	0.01385	SOL log2fc=-0.260 adj_p=0.0441
P56759	atpF	MEM	-0.8000	0.03263	SOL log2fc=-0.880 adj_p=0.109
P56761	psbD	MEM	0.4400	0.08995	SOL log2fc=-0.840 adj_p=0.166
P56762	rpoA	MEM	0.6500	0.004058	SOL log2fc=-0.250 adj_p=0.0937
P56764	rpoC2	MEM	0.2100	0.009761	SOL log2fc=-0.320 adj_p=0.0557
P56765	accD	SOL	-0.0900	0.7454	MEM log2fc=-0.010 adj_p=0.862
P56766	psaA	SOL	-1.2100	0.1157	MEM log2fc=-0.060 adj_p=0.709
P56767	psaB	MEM	-1.0700	0.02686	SOL log2fc=-1.140 adj_p=0.118
P56771	petA	MEM	-1.1800	0.02146	SOL log2fc=-0.450 adj_p=0.385
P56778	psbC	MEM	-0.6400	0.02957	SOL log2fc=-0.800 adj_p=0.183
P56791	rpl2-A	MEM	-0.5000	0.05546	SOL log2fc=-0.360 adj_p=0.121
P56792	rpl14	SOL	-0.1700	0.1516	MEM log2fc=-0.080 adj_p=0.235
P56793	rpl16	MEM	0.8200	0.01865	SOL log2fc=0.550 adj_p=0.329
P56795	rpl22	MEM	-0.4000	0.02101	SOL log2fc=0.210 adj_p=0.175
P56797	rps2	MEM	-0.1800	0.008444	SOL log2fc=0.220 adj_p=0.314
P56798	rps3	MEM	-0.5000	0.01345	SOL log2fc=-0.250 adj_p=0.18
P56799	rps4	MEM	-0.6100	0.01629	SOL log2fc=0.060 adj_p=0.394
P56801	rps8	SOL	0.2600	0.07716	MEM log2fc=-0.380 adj_p=0.115
P56802	rps11	MEM	-0.5400	0.04033	SOL log2fc=0.120 adj_p=0.928
P56805	rps15	SOL	0.3600	0.04731	MEM log2fc=0.210 adj_p=0.686
P56808	rps19	MEM	-0.4700	0.01263	SOL log2fc=0.090 adj_p=0.95
P56820	TIF3D1	MEM	0.4200	0.02116	SOL log2fc=-0.310 adj_p=0.0957
P57751	UGP1	MEM	-0.2400	0.1153	SOL log2fc=0.250 adj_p=0.252
P57752	ACBP6	MEM	0.3100	0.05603	SOL log2fc=0.800 adj_p=0.108
P59223	RPS13A	MEM	0.6600	0.01733	SOL log2fc=0.490 adj_p=0.114
P59224	RPS13B	SOL	0.5100	0.1932	MEM log2fc=0.100 adj_p=0.764
P59226	HTR2	SOL	0.0100	0.5655	MEM log2fc=0.100 adj_p=0.908
P59230	RPL10AB	MEM	1.4600	0.009761	SOL log2fc=-0.250 adj_p=0.974
P59259	At1g07660	MEM	0.5900	0.004782	SOL log2fc=-0.280 adj_p=0.889
P60039	RPL7C	MEM	0.3700	0.02198	SOL log2fc=0.370 adj_p=0.0503
P60040	RPL7B	MEM	0.4700	0.01489	SOL log2fc=0.260 adj_p=0.0513
P61843	ycf3	MEM	-0.5300	0.02258	SOL log2fc=-0.450 adj_p=0.0515
P62090	psaC	MEM	-1.0300	0.005861	SOL log2fc=0.230 adj_p=0.43
P82281	TL29	MEM	-0.4700	0.1841	SOL log2fc=-0.010 adj_p=0.902
P82538	PPL1	MEM	1.6000	0.0217	SOL log2fc=-0.050 adj_p=0.584
P82658	At3g63540	SOL	0.3200	0.247	MEM log2fc=-0.190 adj_p=0.993
P83291	CBR2	SOL	0.4400	0.08849	MEM log2fc=-0.450 adj_p=0.161
P92948	CDC5	SOL	-0.4000	0.02595	MEM log2fc=0.150 adj_p=0.114
P92959	RPL24	MEM	0.8300	0.0142	SOL log2fc=-0.020 adj_p=0.872
P92963	RABB1C	MEM	-0.1100	0.1413	SOL log2fc=-0.330 adj_p=0.495
P92974	UBA2	SOL	-0.2900	0.1515	MEM log2fc=0.240 adj_p=0.196
P92985	RANBP1C	MEM	1.4300	0.002017	SOL log2fc=-0.090 adj_p=0.491
P93004	PIP2-7	MEM	-0.2300	0.2141	SOL log2fc=-0.080 adj_p=0.958
P93014	rps5	MEM	-0.4000	0.06865	SOL log2fc=0.080 adj_p=0.872
P93025	PHOT2	MEM	-0.5900	0.03286	SOL log2fc=-0.660 adj_p=0.0654
P93026	VSR1	MEM	-0.3800	0.02079	SOL log2fc=0.130 adj_p=0.332
P93028	UBA1	MEM	0.7400	0.01223	SOL log2fc=-0.220 adj_p=0.104
P93031	MUR1	SOL	0.2900	0.2655	MEM log2fc=-0.090 adj_p=0.297
P93032	IDH2	MEM	-0.4700	0.02645	SOL log2fc=0.140 adj_p=0.172
P93033	FUM1	MEM	0.3500	0.006511	SOL log2fc=-0.140 adj_p=0.169
P93306	NAD7	MEM	0.3100	0.1117	SOL log2fc=-0.120 adj_p=0.723
P93654	SYP22	MEM	1.4800	0.007235	SOL log2fc=-0.140 adj_p=0.971
P93655	LON1	MEM	-0.6800	0.008298	SOL log2fc=-0.180 adj_p=0.192
P93736	TWN2	SOL	-0.1600	0.07716	MEM log2fc=-0.010 adj_p=0.382
P93819	MDH1	MEM	1.8600	0.01559	SOL log2fc=0.320 adj_p=0.0964
P93832	IMDH2	MEM	0.5700	0.1909	SOL log2fc=0.270 adj_p=0.398
P94040	GLP1	MEM	0.2600	0.4702	SOL log2fc=-0.220 adj_p=0.554
P94078	At3g26720	MEM	-0.0100	0.7752	SOL log2fc=-0.080 adj_p=0.949
P94111	SSL12	MEM	1.0200	0.007514	SOL log2fc=0.340 adj_p=0.0911
Q00218	DHS2	SOL	-0.4100	0.05806	MEM log2fc=-0.220 adj_p=0.668
Q00874	DRT100	MEM	-0.5000	0.0543	SOL log2fc=0.470 adj_p=0.182
Q01474	SAR1B	MEM	0.3300	0.1467	SOL log2fc=-0.290 adj_p=0.202
Q01525	GRF2	MEM	0.4000	0.004371	SOL log2fc=0.200 adj_p=0.1
Q01908	ATPC1	MEM	-0.7700	0.04108	SOL log2fc=-0.320 adj_p=0.095
Q02166	PAT1	MEM	-0.5300	0.007032	SOL log2fc=-0.300 adj_p=0.0406
Q02971	CAD7	MEM	-0.7900	0.01946	SOL log2fc=-0.890 adj_p=0.0738
Q03250	RBG7	SOL	0.0300	0.4975	MEM log2fc=0.070 adj_p=0.537
Q03251	RBG8	SOL	0.2100	0.4498	MEM log2fc=0.020 adj_p=0.596
Q04836	CP31A	SOL	0.0600	0.4825	MEM log2fc=-0.160 adj_p=0.576
Q05212	DRT102	MEM	0.4200	0.0265	SOL log2fc=0.040 adj_p=0.602
Q05431	APX1	MEM	1.2300	0.003642	SOL log2fc=0.160 adj_p=0.161
Q05728	PUR5	SOL	0.0500	0.6781	MEM log2fc=-0.190 adj_p=0.714
Q05758	At3g58610	MEM	0.5900	0.1415	SOL log2fc=0.130 adj_p=0.578
Q06327	LOX1	MEM	-0.2600	0.03308	SOL log2fc=-0.240 adj_p=0.633
Q06588	ACO4	MEM	0.5300	0.03208	SOL log2fc=-0.140 adj_p=0.878
Q06738	RD29A	SOL	0.7000	0.0234	MEM log2fc=0.030 adj_p=0.645
Q07099	PP2A1	MEM	0.5100	0.009761	SOL log2fc=-0.450 adj_p=0.0874
Q07356	PDS	MEM	-0.2300	0.08623	SOL log2fc=-0.250 adj_p=0.124
Q08112	RPS15A	MEM	-0.3500	0.064	SOL log2fc=0.530 adj_p=0.0861
Q08298	RD22	MEM	1.9700	0.009357	SOL log2fc=1.630 adj_p=0.0433
Q08733	PIP1-3	MEM	1.9100	0.03038	SOL log2fc=-0.320 adj_p=0.178
Q09152	FPS1	MEM	0.4500	0.06071	SOL log2fc=-0.510 adj_p=0.0755
Q0WL80	UGGT	MEM	-0.3100	0.03271	SOL log2fc=-0.140 adj_p=0.105
Q0WLB5	CHC2	MEM	-0.4100	0.01325	SOL log2fc=-1.840 adj_p=0.128
Q0WLC7	CBSCBSPB4	SOL	-0.5000	0.06782	MEM log2fc=-0.330 adj_p=0.116
Q0WNJ6	CHC1	MEM	0.2700	0.1102	SOL log2fc=-1.740 adj_p=0.128
Q0WP12	HOL1	MEM	1.3400	0.01961	SOL log2fc=0.260 adj_p=0.0621
Q0WR25	ECT5	MEM	1.0100	0.01263	SOL log2fc=-0.200 adj_p=0.156
Q0WSE9	At5g15610	SOL	-0.5200	0.02245	MEM log2fc=0.140 adj_p=0.409
Q0WUQ7	At4g29490	MEM	0.3600	0.02043	SOL log2fc=-0.160 adj_p=0.284
Q0WV90	TPR1	SOL	-0.8400	0.07305	MEM log2fc=0.010 adj_p=0.728
Q0WVX5	SS4	SOL	-0.2800	0.07224	MEM log2fc=0.170 adj_p=0.156
Q0WW26	At4g34450	MEM	-0.3100	0.02943	SOL log2fc=-0.320 adj_p=0.0819
Q0WW84	RBP47B	SOL	-0.7000	0.06575	MEM log2fc=-0.210 adj_p=0.073
Q1H537	DVR	MEM	-0.5200	0.01361	SOL log2fc=-0.380 adj_p=0.157
Q1H583	GLL22	MEM	1.0700	0.00432	SOL log2fc=0.280 adj_p=0.27
Q1JPL7	PME18	MEM	-0.4600	0.2541	SOL log2fc=0.150 adj_p=0.668
Q1WIQ6	ALDH11A3	SOL	-0.2100	0.04047	MEM log2fc=0.150 adj_p=0.186
Q29Q26	AKR2B	MEM	1.1300	0.007671	SOL log2fc=0.080 adj_p=0.479
Q29Q34	At5g19440	MEM	0.3400	0.06414	SOL log2fc=0.090 adj_p=0.578
Q2HIK4	PFD6	MEM	-0.1300	0.1392	SOL log2fc=0.490 adj_p=0.166
Q2PGG3	SR	SOL	0.2500	0.04135	MEM log2fc=-0.330 adj_p=0.0835
Q2V2S7	ndhM	MEM	0.0000	0.6057	SOL log2fc=-0.230 adj_p=0.872
Q2V3Q0	PAD1	SOL	0.2200	0.1318	MEM log2fc=0.100 adj_p=0.401
Q38799	PDH2	MEM	0.5100	0.03242	SOL log2fc=0.090 adj_p=0.401
Q38814	THI1	MEM	0.6900	0.05713	SOL log2fc=-0.090 adj_p=0.715
Q38845	PP2AA1	SOL	-0.2300	0.1046	MEM log2fc=0.170 adj_p=0.283
Q38857	XTH22	MEM	0.0300	0.4643	SOL log2fc=0.120 adj_p=0.614
Q38858	CRT2	MEM	-0.6700	0.01485	SOL log2fc=-0.060 adj_p=0.463
Q38867	CYP19-3	MEM	0.3300	0.2206	SOL log2fc=-0.050 adj_p=0.393
Q38868	CPK9	MEM	0.3200	0.1237	SOL log2fc=-0.180 adj_p=0.295
Q38869	CPK4	MEM	-0.5300	0.06254	SOL log2fc=-0.110 adj_p=0.687
Q38882	PLDALPHA1	SOL	-0.4100	0.2524	MEM log2fc=0.030 adj_p=0.45
Q38884	TIF3I1	MEM	0.2600	0.1631	SOL log2fc=0.140 adj_p=0.208
Q38893	ZDS1	SOL	-0.2300	0.09322	MEM log2fc=0.090 adj_p=0.585
Q38896	CSP4	MEM	0.2500	0.3627	SOL log2fc=0.120 adj_p=0.859
Q38900	CYP19-1	MEM	0.8900	0.04522	SOL log2fc=-0.290 adj_p=0.18
Q38922	RABB1B	MEM	-0.1700	0.274	SOL log2fc=0.050 adj_p=0.483
Q38929	IPP1	SOL	0.1100	0.1942	MEM log2fc=-0.050 adj_p=0.798
Q38931	FKBP62	SOL	0.2300	0.3499	MEM log2fc=-0.150 adj_p=0.351
Q38935	FKBP15-1	MEM	-0.2800	0.0958	SOL log2fc=0.100 adj_p=0.307
Q38936	FKBP15-2	SOL	0.3500	0.1224	MEM log2fc=-0.400 adj_p=0.13
Q38946	GDH2	SOL	0.2000	0.1049	MEM log2fc=-0.150 adj_p=0.645
Q38950	PP2AA2	SOL	-0.4900	0.06376	MEM log2fc=0.160 adj_p=0.63
Q38951	PP2AA3	MEM	0.5200	0.05051	SOL log2fc=-0.440 adj_p=0.0683
Q38970	ACC1	SOL	-0.2100	0.05818	MEM log2fc=-0.050 adj_p=0.582
Q39024	MPK4	SOL	-0.3500	0.1969	MEM log2fc=-0.030 adj_p=0.754
Q39026	MPK6	MEM	1.2700	0.01203	SOL log2fc=-0.180 adj_p=0.111
Q39033	PLC2	MEM	-0.1900	0.01918	SOL log2fc=-0.460 adj_p=0.242
Q39041	BFRUCT4	SOL	0.3800	0.2571	MEM log2fc=-0.050 adj_p=0.978
Q39048	CER2	MEM	0.6800	0.0285	SOL log2fc=0.060 adj_p=0.47
Q39054	CNX1	MEM	0.4700	0.01238	SOL log2fc=-0.210 adj_p=0.0591
Q39061	CP33	MEM	1.0400	0.07214	SOL log2fc=0.020 adj_p=0.872
Q39097	ERF1-1	MEM	0.3000	0.0265	SOL log2fc=-0.310 adj_p=0.0422
Q39099	XTH4	SOL	0.4200	0.08625	MEM log2fc=0.520 adj_p=0.142
Q39100	extA	MEM	2.7100	0.004947	SOL log2fc=2.680 adj_p=0.0311
Q39131	At5g15350	SOL	0.4400	0.04406	MEM log2fc=0.300 adj_p=0.0794
Q39141	Lhb1B2	MEM	3.0400	0.009761	SOL log2fc=-1.080 adj_p=0.162
Q39161	NIR1	SOL	0.1400	0.1209	MEM log2fc=0.110 adj_p=0.305
Q39172	AER	MEM	0.7000	0.01615	SOL log2fc=0.500 adj_p=0.129
Q39173	P2	SOL	-0.2000	0.05073	MEM log2fc=-0.110 adj_p=0.138
Q39189	RH7	MEM	-0.7900	0.003698	SOL log2fc=-0.240 adj_p=0.0912
Q39196	PIP1.4	MEM	0.7900	0.007851	SOL log2fc=-1.230 adj_p=0.12
Q39211	NRPB3	MEM	-0.7200	0.01387	SOL log2fc=-0.230 adj_p=0.0373
Q39230	At5g27470	MEM	0.6800	0.04211	SOL log2fc=0.060 adj_p=0.886
Q39241	TRX5	MEM	0.6500	0.01233	SOL log2fc=1.230 adj_p=0.0169
Q39243	NTR1	SOL	0.4100	0.6059	MEM log2fc=-0.170 adj_p=0.647
Q39249	VDE1	MEM	-0.5400	0.01485	SOL log2fc=-0.610 adj_p=0.0454
Q39255	SKP1A	MEM	0.6000	0.004898	SOL log2fc=-0.130 adj_p=0.0668
Q39258	VHA-E1	MEM	0.5900	0.004122	SOL log2fc=0.250 adj_p=0.0885
Q41188	CSP2	MEM	-0.7900	0.03101	SOL log2fc=0.070 adj_p=0.513
Q41916	CYS5	MEM	1.4100	0.003642	SOL log2fc=0.940 adj_p=0.0678
Q41931	ACO2	MEM	0.3600	0.0471	SOL log2fc=0.330 adj_p=0.0782
Q41932	PSBQ2	SOL	-0.3200	0.1554	MEM log2fc=-0.500 adj_p=0.45
Q41969	EIF2B	MEM	0.2000	0.113	SOL log2fc=-0.260 adj_p=0.155
Q42029	PSBP1	SOL	-0.0600	0.4497	MEM log2fc=-0.180 adj_p=0.895
Q42064	RPL8C	MEM	-0.1400	0.143	SOL log2fc=-0.260 adj_p=0.358
Q42139	PDE334	SOL	-0.7800	0.08982	MEM log2fc=-0.060 adj_p=0.863
Q42262	RPS3AB	MEM	-0.2900	0.02731	SOL log2fc=0.270 adj_p=0.419
Q42290	MPPbeta	MEM	0.1900	0.1179	SOL log2fc=0.060 adj_p=0.996
Q42340	RPS16C	MEM	-0.2600	0.0567	SOL log2fc=0.180 adj_p=0.173
Q42342	CYTB5-E	MEM	0.4200	0.02502	SOL log2fc=0.860 adj_p=0.0892
Q42344	HMGB4	SOL	0.1900	0.1679	MEM log2fc=-0.010 adj_p=0.97
Q42347	RPL24A	MEM	-0.1600	0.1405	SOL log2fc=0.070 adj_p=0.707
Q42351	RPL34A	MEM	1.1300	0.004122	SOL log2fc=-0.220 adj_p=0.13
Q42403	TRX3	MEM	0.8200	0.03158	SOL log2fc=0.350 adj_p=0.687
Q42404	RNU1	MEM	-0.7400	0.02434	SOL log2fc=-0.400 adj_p=0.0596
Q42406	CYP18-4	MEM	0.7000	0.01809	SOL log2fc=-0.010 adj_p=0.661
Q42418	PRF2	MEM	0.6000	0.01459	SOL log2fc=0.030 adj_p=0.968
Q42449	PRF1	MEM	0.8200	0.02457	SOL log2fc=0.250 adj_p=0.11
Q42472	GAD2	SOL	-0.2800	0.09408	MEM log2fc=0.020 adj_p=0.357
Q42479	CPK3	SOL	0.1100	0.05502	MEM log2fc=0.070 adj_p=0.541
Q42512	COR15A	SOL	0.5700	0.2986	MEM log2fc=-0.280 adj_p=0.494
Q42521	GAD1	MEM	0.2900	0.06618	SOL log2fc=-0.090 adj_p=0.685
Q42522	GSA2	MEM	0.7900	0.03271	SOL log2fc=-0.210 adj_p=0.0657
Q42523	MCCA	MEM	0.3700	0.05218	SOL log2fc=0.370 adj_p=0.0998
Q42524	4CL1	MEM	0.9300	0.003642	SOL log2fc=0.110 adj_p=0.418
Q42529	TSA1	MEM	-0.4700	0.05006	SOL log2fc=-0.240 adj_p=0.96
Q42533	BCCP1	MEM	0.5700	0.1143	SOL log2fc=0.320 adj_p=0.15
Q42534	PME2	MEM	1.3300	0.007892	SOL log2fc=1.380 adj_p=0.0433
Q42545	FTSZ1	MEM	0.3300	0.1662	SOL log2fc=0.030 adj_p=0.785
Q42546	SAL1	SOL	-0.2700	0.02881	MEM log2fc=0.060 adj_p=0.583
Q42553	IPP2	MEM	-0.0600	0.2878	SOL log2fc=-0.030 adj_p=0.506
Q42560	ACO1	MEM	0.6200	0.005245	SOL log2fc=0.100 adj_p=0.0725
Q42586	PYRE-F	SOL	0.2500	0.09652	MEM log2fc=0.030 adj_p=0.989
Q42589	LTP1	MEM	1.5600	0.01116	SOL log2fc=0.890 adj_p=0.24
Q42592	APXS	MEM	0.8200	0.03878	SOL log2fc=0.500 adj_p=0.0421
Q42593	APXT	SOL	-0.6900	0.1396	MEM log2fc=0.060 adj_p=0.686
Q42601	CARB	MEM	0.4700	0.01479	SOL log2fc=0.050 adj_p=0.816
Q42605	UGE1	SOL	0.4200	0.0234	MEM log2fc=0.240 adj_p=0.136
Q43127	GLN2	SOL	0.1800	0.3943	MEM log2fc=0.140 adj_p=0.465
Q43291	RPL21A	SOL	0.4300	0.1498	MEM log2fc=0.180 adj_p=0.483
Q43292	RPL37B	MEM	-0.3200	0.05318	SOL log2fc=0.830 adj_p=0.112
Q43307	ATS1	SOL	-0.2400	0.01901	MEM log2fc=-0.050 adj_p=0.871
Q43314	GDH1	MEM	-0.2400	0.01785	SOL log2fc=0.070 adj_p=0.111
Q43315	FPS2	MEM	0.3500	0.02903	SOL log2fc=-0.700 adj_p=0.0409
Q43316	HEMC	MEM	0.7400	0.04833	SOL log2fc=-0.010 adj_p=0.625
Q43387	PER71	MEM	1.9300	0.008298	SOL log2fc=1.780 adj_p=0.121
Q43727	G6PD1	MEM	-0.3300	0.02959	SOL log2fc=-0.490 adj_p=0.0613
Q43729	PER57	MEM	1.9800	0.002789	SOL log2fc=2.530 adj_p=0.067
Q43731	PER50	MEM	0.9100	0.006769	SOL log2fc=1.210 adj_p=0.025
Q43735	PER27	MEM	1.2800	0.04997	SOL log2fc=2.470 adj_p=0.0849
Q43870	APS2	MEM	-0.5300	0.00972	SOL log2fc=-0.250 adj_p=0.0488
Q494P3	At3g17770	SOL	-0.4400	0.02389	MEM log2fc=0.390 adj_p=0.0754
Q4V3D1	HON5	SOL	-0.3600	0.03457	MEM log2fc=-0.160 adj_p=0.074
Q501G7	At4g17470	MEM	-1.5100	0.02711	SOL log2fc=-1.170 adj_p=0.0434
Q56WD9	PED1	MEM	0.3300	0.03199	SOL log2fc=0.310 adj_p=0.0323
Q56WH4	HDT2	SOL	0.3400	0.2463	MEM log2fc=-0.040 adj_p=0.786
Q56WK6	PATL1	MEM	0.2700	0.02875	SOL log2fc=0.140 adj_p=0.246
Q56WN1	GLN1-1	MEM	0.6500	0.005245	SOL log2fc=-0.390 adj_p=0.018
Q56Y42	PLR1	SOL	-0.6300	0.0261	MEM log2fc=-0.230 adj_p=0.178
Q56Y85	MAP2B	MEM	0.6800	0.01017	SOL log2fc=-0.250 adj_p=0.186
Q56YA5	AGT1	SOL	-0.7100	0.04056	MEM log2fc=-0.010 adj_p=0.229
Q56YU0	ALDH2C4	MEM	0.5400	0.01533	SOL log2fc=-0.140 adj_p=0.14
Q56YW9	TUBB2	MEM	0.4400	0.01207	SOL log2fc=-0.090 adj_p=0.28
Q56Z59	PATL3	MEM	0.5500	0.01638	SOL log2fc=0.100 adj_p=0.1
Q56ZI2	PATL2	MEM	0.7000	0.0142	SOL log2fc=0.290 adj_p=0.0484
Q5GM68	PPC2	SOL	-0.4700	0.05053	MEM log2fc=-0.090 adj_p=0.783
Q5M729	At1g54220	SOL	-0.1700	0.08135	MEM log2fc=-0.150 adj_p=0.295
Q5M731	TH1	MEM	-0.4100	0.1663	SOL log2fc=0.000 adj_p=0.722
Q5QIT3	B''BETA	SOL	-1.0600	0.06957	MEM log2fc=0.070 adj_p=0.786
Q5S1W2	BON2	MEM	0.2700	0.2119	SOL log2fc=0.030 adj_p=0.622
Q5XEP2	HOP2	MEM	-0.1200	0.08254	SOL log2fc=-0.050 adj_p=0.216
Q5XF06	TIM44-2	SOL	-0.5800	0.1073	MEM log2fc=0.050 adj_p=0.822
Q5XF33	CHLI2	MEM	-0.3000	0.02175	SOL log2fc=-0.160 adj_p=0.258
Q5XF75	EFTS	MEM	0.4300	0.04363	SOL log2fc=0.050 adj_p=0.591
Q5XF82	JAL11	MEM	1.1500	0.003698	SOL log2fc=0.810 adj_p=0.0126
Q66GQ3	PDIL1-6	SOL	0.1900	0.1141	MEM log2fc=-0.080 adj_p=0.185
Q66GR6	WHY3	SOL	0.1500	0.138	MEM log2fc=-0.370 adj_p=0.265
Q67YI9	EPSIN2	SOL	-0.3500	0.02019	MEM log2fc=-0.310 adj_p=0.0358
Q680A5	PRS4	SOL	-0.1600	0.1603	MEM log2fc=-0.010 adj_p=0.737
Q681K2	ATS3A	MEM	-0.5800	0.02585	SOL log2fc=-0.250 adj_p=0.427
Q6DYE4	At1g26090	MEM	-0.9100	0.07315	SOL log2fc=-0.160 adj_p=0.095
Q6GKU7	At1g64880	MEM	-0.4000	0.05205	SOL log2fc=-0.140 adj_p=0.341
Q6ICZ8	At5g13850	SOL	0.4300	0.1637	MEM log2fc=0.300 adj_p=0.254
Q6ID97	ARFA1F	MEM	0.6100	0.009761	SOL log2fc=-0.120 adj_p=0.613
Q6NKW9	At1g64760	MEM	-0.4500	0.1341	SOL log2fc=0.310 adj_p=0.171
Q6NL08	At1g29530	MEM	0.8600	0.03742	SOL log2fc=-0.470 adj_p=0.0454
Q6NL24	ECHIA	MEM	0.4600	0.03118	SOL log2fc=0.160 adj_p=0.392
Q6NLB0	GSTL1	SOL	-0.2800	0.0782	MEM log2fc=0.020 adj_p=0.469
Q6NMA9	At5g45170	SOL	-0.1200	0.03686	MEM log2fc=-0.220 adj_p=0.189
Q6NMH5	At3g16760	MEM	-1.2600	0.003642	SOL log2fc=-0.050 adj_p=0.349
Q6NPL0	At4g09040	SOL	-0.2200	0.2551	MEM log2fc=-0.260 adj_p=0.744
Q6NPR7	At1g29470	MEM	-1.0600	0.009026	SOL log2fc=-0.300 adj_p=0.111
Q6STH5	HCF101	MEM	-0.5400	0.00612	SOL log2fc=-0.570 adj_p=0.0507
Q6TBX7	CYP97C1	MEM	-0.6200	0.004436	SOL log2fc=-0.630 adj_p=0.0414
Q6WWW4	UPL3	MEM	-0.1300	0.1429	SOL log2fc=-0.590 adj_p=0.202
Q6XJG8	RPN1B	MEM	-0.2400	0.08987	SOL log2fc=-0.120 adj_p=0.256
Q6ZY51	GWD3	SOL	-0.6200	0.0115	MEM log2fc=0.140 adj_p=0.0291
Q70E96	ALDH3F1	SOL	-0.5100	0.1052	MEM log2fc=0.050 adj_p=0.564
Q75W54	EBM	SOL	0.1500	0.0932	MEM log2fc=0.170 adj_p=0.228
Q76FS5	SPS2	SOL	-0.8200	0.08192	MEM log2fc=-0.110 adj_p=0.867
Q7DLR9	PBG1	MEM	0.4900	0.0658	SOL log2fc=0.090 adj_p=0.259
Q7DLS1	PBB2	MEM	0.2000	0.347	SOL log2fc=0.000 adj_p=0.708
Q7G192	AAO2	SOL	0.1500	0.143	MEM log2fc=0.020 adj_p=0.732
Q7G193	AAO1	SOL	-0.1800	0.6179	MEM log2fc=-0.020 adj_p=0.972
Q7X659	VPS35A	SOL	-0.5400	0.146	MEM log2fc=-0.100 adj_p=0.188
Q7XA74	MVP1	SOL	0.3300	0.1655	MEM log2fc=0.070 adj_p=0.476
Q7XZU0	SAC9	SOL	-0.4300	0.05422	MEM log2fc=-0.360 adj_p=0.0876
Q7Y175	PUX5	MEM	-0.5000	0.06339	SOL log2fc=-0.060 adj_p=0.737
Q7Y232	UGT73B4	MEM	0.8100	0.02909	SOL log2fc=0.240 adj_p=0.0662
Q84J81	Fes1A	SOL	-0.1100	0.1003	MEM log2fc=0.100 adj_p=0.292
Q84JB7	DEK2	MEM	-0.5000	0.07178	SOL log2fc=-0.020 adj_p=0.38
Q84JF5	PTAC14	MEM	0.4400	0.01986	SOL log2fc=-0.390 adj_p=0.142
Q84K16	GAMMA-ADR	SOL	-0.4700	0.08891	MEM log2fc=-0.230 adj_p=0.0912
Q84K82	At5g20400	MEM	-0.0700	0.3138	SOL log2fc=0.020 adj_p=0.477
Q84L30	RAD23D	MEM	-0.4100	0.1461	SOL log2fc=0.660 adj_p=0.197
Q84L31	RAD23C	SOL	0.3000	0.1655	MEM log2fc=0.200 adj_p=0.289
Q84M92	ARP4	SOL	-0.3900	0.3397	MEM log2fc=0.020 adj_p=0.764
Q84MD8	FHY	MEM	2.0800	0.03683	SOL log2fc=0.000 adj_p=0.683
Q84TI2	At2g37690	MEM	-0.2700	0.03142	SOL log2fc=-0.080 adj_p=0.134
Q84VQ3	CIPK26	MEM	-0.3700	0.04749	SOL log2fc=-0.580 adj_p=0.121
Q84VW9	PPC3	MEM	-0.1400	0.04621	SOL log2fc=-0.220 adj_p=0.239
Q84W11	MUK11.3	MEM	1.5700	0.06025	SOL log2fc=0.700 adj_p=0.29
Q84W56	RNJ	MEM	0.5100	0.004436	SOL log2fc=-0.120 adj_p=0.167
Q84W65	SUFE1	MEM	-0.1300	0.02765	SOL log2fc=0.090 adj_p=0.078
Q84W89	RH37	MEM	-0.2900	0.2571	SOL log2fc=-0.350 adj_p=0.297
Q84WK5	GID8	MEM	0.3200	0.009329	SOL log2fc=-0.140 adj_p=0.303
Q84WM9	At5g12110	MEM	1.9100	0.003126	SOL log2fc=0.170 adj_p=0.242
Q84WS0	SBTI1.1	MEM	1.5500	0.005282	SOL log2fc=0.850 adj_p=0.0979
Q84WT8	CYS4	MEM	0.3600	0.04102	SOL log2fc=0.400 adj_p=0.126
Q84WU5	At5g14720	SOL	-0.9100	0.1662	MEM log2fc=-0.120 adj_p=0.572
Q84WV1	CCT3	MEM	0.3900	0.02276	SOL log2fc=0.060 adj_p=0.928
Q84WW2	PGL3	MEM	0.2400	0.1399	SOL log2fc=-0.130 adj_p=0.26
Q84XU2	PAPP5	SOL	-0.2100	0.2176	MEM log2fc=-0.020 adj_p=1
Q8GRX2	At5g37475	MEM	0.4900	0.03105	SOL log2fc=0.150 adj_p=0.117
Q8GTR4	PU1	SOL	-0.4700	0.04239	MEM log2fc=-0.560 adj_p=0.0552
Q8GUG7	RH50	MEM	-0.2100	0.1561	SOL log2fc=-0.110 adj_p=0.184
Q8GUI4	At1g61900	MEM	0.7500	0.02798	SOL log2fc=0.210 adj_p=0.293
Q8GUK4	SBT3.13	MEM	-1.5600	0.02241	SOL log2fc=-1.610 adj_p=0.0433
Q8GUL8	At5g19230	MEM	0.3400	0.02187	SOL log2fc=0.350 adj_p=0.396
Q8GUM2	HSP70-9	MEM	-0.1000	0.07275	SOL log2fc=-0.220 adj_p=0.136
Q8GUN2	HINT1	MEM	0.6300	0.01559	SOL log2fc=-0.010 adj_p=0.828
Q8GUQ8	XDH1	SOL	-0.0700	0.3347	MEM log2fc=-0.030 adj_p=0.558
Q8GW48	HSBP	MEM	1.5200	0.02901	SOL log2fc=0.060 adj_p=0.972
Q8GW56	At2g03640	SOL	-0.3600	0.2213	MEM log2fc=0.390 adj_p=0.424
Q8GW72	FUC1	MEM	-0.3600	0.2797	SOL log2fc=0.070 adj_p=0.608
Q8GW78	CLPT2	SOL	0.2700	0.1712	MEM log2fc=-0.270 adj_p=0.544
Q8GWP4	At2g21530	MEM	0.7700	0.036	SOL log2fc=0.090 adj_p=0.479
Q8GWP5	PYRD	SOL	-0.2900	0.09793	MEM log2fc=-0.140 adj_p=0.751
Q8GWW8	GFA2	MEM	0.9600	0.02858	SOL log2fc=-0.370 adj_p=0.16
Q8GXG9	At1g44835	MEM	0.1800	0.1336	SOL log2fc=-0.030 adj_p=0.614
Q8GXR5	PPCS1	MEM	0.4800	0.09021	SOL log2fc=-0.230 adj_p=0.237
Q8GXR9	NDC1	MEM	-0.3400	0.1199	SOL log2fc=-0.180 adj_p=0.664
Q8GXS3	CFIS2	MEM	-0.7200	0.01151	SOL log2fc=-0.500 adj_p=0.104
Q8GY23	UPL1	MEM	-0.4600	0.03756	SOL log2fc=-0.940 adj_p=0.17
Q8GY46	At5g13560	MEM	-0.3100	0.06267	SOL log2fc=-0.670 adj_p=0.166
Q8GYI4	At2g43180	MEM	-0.2100	0.1243	SOL log2fc=-0.240 adj_p=0.358
Q8GYN5	RIN4	MEM	0.7600	0.04382	SOL log2fc=-0.400 adj_p=0.111
Q8GYN9	MENB	MEM	-0.7200	0.03952	SOL log2fc=-0.290 adj_p=0.0507
Q8GYZ0	At4g31530	SOL	-0.0900	0.1053	MEM log2fc=-0.380 adj_p=0.497
Q8GZ29	GH3.15	MEM	0.6300	0.03199	SOL log2fc=0.420 adj_p=0.073
Q8GZ87	IQD28	MEM	0.5300	0.05309	SOL log2fc=-0.030 adj_p=0.994
Q8GZQ3	PNP1	SOL	-0.1600	0.02442	MEM log2fc=0.290 adj_p=0.0324
Q8H0S3	At1g05520	MEM	0.3400	0.03331	SOL log2fc=-0.850 adj_p=0.0372
Q8H0T4	UPL2	SOL	-0.5900	0.04642	MEM log2fc=-0.330 adj_p=0.0555
Q8H0U3	At1g23180	MEM	-0.4300	0.022	SOL log2fc=-0.230 adj_p=0.141
Q8H0U4	TRN1	SOL	-0.3300	0.0421	MEM log2fc=-0.080 adj_p=0.629
Q8H0U5	TIC62	SOL	-0.5500	0.04206	MEM log2fc=-0.420 adj_p=0.0825
Q8H0V6	ABCF3	SOL	-0.1000	0.283	MEM log2fc=-0.020 adj_p=0.852
Q8H0W0	LPA3	SOL	-0.6400	0.05073	MEM log2fc=-0.180 adj_p=0.641
Q8H0X6	CYS6	MEM	1.0300	0.01666	SOL log2fc=0.340 adj_p=0.0244
Q8H103	PGI1	SOL	-0.2300	0.04626	MEM log2fc=-0.020 adj_p=0.714
Q8H104	At4g26870	SOL	-0.4600	0.1625	MEM log2fc=0.140 adj_p=0.204
Q8H107	At4g26910	MEM	-0.3000	0.09228	SOL log2fc=-0.110 adj_p=0.347
Q8H121	At4g19880	MEM	0.5800	0.01699	SOL log2fc=0.190 adj_p=0.3
Q8H124	At2g34460	MEM	0.1300	0.09727	SOL log2fc=-0.110 adj_p=0.204
Q8H126	At5g13030	MEM	0.7600	0.009761	SOL log2fc=-0.140 adj_p=0.0403
Q8H151	AAE13	SOL	0.2100	0.588	MEM log2fc=-0.010 adj_p=0.903
Q8H183	PYD3	SOL	-0.2800	0.04658	MEM log2fc=-0.310 adj_p=0.0605
Q8H1E2	At5g58330	SOL	0.0500	0.4739	MEM log2fc=-0.150 adj_p=0.895
Q8H1G6	PTI11	SOL	-0.2700	0.1785	MEM log2fc=0.340 adj_p=0.204
Q8H1Q2	NBP35	MEM	0.4200	0.0214	SOL log2fc=-0.100 adj_p=0.0523
Q8H1S4	At1g06650	SOL	-0.0500	0.8219	MEM log2fc=0.140 adj_p=0.923
Q8H1Y0	IAR4	MEM	-0.4100	0.01878	SOL log2fc=0.030 adj_p=0.774
Q8H7F6	GRXS16	MEM	-0.4500	0.01835	SOL log2fc=-0.070 adj_p=0.799
Q8L466	At1g24050	SOL	0.0100	0.4236	MEM log2fc=0.110 adj_p=0.519
Q8L4D8	IQD31	MEM	0.4200	0.08252	SOL log2fc=-0.020 adj_p=0.994
Q8L4Q6	At5g25070	MEM	0.2400	0.1359	SOL log2fc=-0.440 adj_p=0.148
Q8L4R9	At2g15860	MEM	0.7300	0.01625	SOL log2fc=-0.420 adj_p=0.0945
Q8L539	5FCL	SOL	-0.0400	0.6069	MEM log2fc=0.040 adj_p=0.847
Q8L5U0	CSN4	MEM	1.1600	0.01888	SOL log2fc=-0.290 adj_p=0.0416
Q8L5Y6	CAND1	SOL	-0.4600	0.03967	MEM log2fc=0.010 adj_p=0.562
Q8L5Y8	At5g65840	SOL	-0.3300	0.05806	MEM log2fc=-0.010 adj_p=0.98
Q8L5Y9	PANK2	SOL	-0.4400	0.1737	MEM log2fc=0.330 adj_p=0.213
Q8L5Z4	YBEY	MEM	-0.1900	0.07743	SOL log2fc=-0.090 adj_p=0.273
Q8L5Z7	SNX2A	SOL	-0.2100	0.2163	MEM log2fc=0.000 adj_p=0.461
Q8L601	At2g22400	MEM	-0.3200	0.02457	SOL log2fc=-0.140 adj_p=0.151
Q8L6Y1	UBP14	MEM	-0.1300	0.284	SOL log2fc=-0.100 adj_p=0.934
Q8L719	ALY2	SOL	-0.1700	0.1478	MEM log2fc=-0.230 adj_p=0.242
Q8L735	ISA2	SOL	0.1200	0.4911	MEM log2fc=0.060 adj_p=0.939
Q8L773	ALY1	SOL	0.2900	0.216	MEM log2fc=0.120 adj_p=0.629
Q8L785	EDD1	MEM	-0.8400	0.009449	SOL log2fc=-0.260 adj_p=0.0555
Q8L794	XK1	MEM	-0.2700	0.02691	SOL log2fc=-0.390 adj_p=0.165
Q8L7A9	At1g31730	MEM	-0.6200	0.02694	SOL log2fc=-0.600 adj_p=0.0762
Q8L7C9	GSTU20	MEM	-1.5900	0.01625	SOL log2fc=-1.530 adj_p=0.0169
Q8L7K9	NAD-ME2	SOL	-0.1700	0.03106	MEM log2fc=-0.210 adj_p=0.407
Q8L7N0	CCT6B	MEM	-0.4900	0.02376	SOL log2fc=0.020 adj_p=0.734
Q8L7R2	HSK	SOL	-0.1800	0.03664	MEM log2fc=-0.110 adj_p=0.662
Q8L7S1	TLL1	MEM	-0.1200	0.01585	SOL log2fc=-0.860 adj_p=0.0909
Q8L7S6	HEXO3	MEM	-0.3200	0.1512	SOL log2fc=-0.040 adj_p=0.706
Q8L7S8	RH3	MEM	-0.1900	0.02197	SOL log2fc=-0.160 adj_p=0.132
Q8L7U5	BSL1	MEM	-0.2800	0.0727	SOL log2fc=-0.170 adj_p=0.295
Q8L7V3	At5g64030	MEM	-1.2800	0.007769	SOL log2fc=-0.290 adj_p=0.166
Q8L7W8	FUC95A	MEM	-0.1000	0.5811	SOL log2fc=-0.040 adj_p=0.77
Q8L828	At3g15980	MEM	-0.4900	0.01982	SOL log2fc=-0.370 adj_p=0.259
Q8L831	NUDT3	SOL	0.0000	0.7569	MEM log2fc=-0.060 adj_p=0.931
Q8L835	At1g18070	MEM	0.1800	0.1317	SOL log2fc=-0.040 adj_p=0.306
Q8L860	TOL9	MEM	0.8700	0.009761	SOL log2fc=0.120 adj_p=0.281
Q8L866	MHK10.21	MEM	0.7600	0.00646	SOL log2fc=-0.160 adj_p=0.211
Q8L8S0	MTI20.11	MEM	0.1100	0.3577	SOL log2fc=-0.020 adj_p=0.891
Q8L8T2	GRXC1	MEM	0.8200	0.01263	SOL log2fc=0.780 adj_p=0.104
Q8L940	PDX13	MEM	0.4400	0.01342	SOL log2fc=0.010 adj_p=0.867
Q8L953	RPS27D	MEM	-0.4300	0.01995	SOL log2fc=-0.120 adj_p=0.0725
Q8L9E3	MAF19.16	MEM	0.1500	0.09215	SOL log2fc=0.020 adj_p=0.56
Q8L9X1	At5g20060	MEM	0.1900	0.2065	SOL log2fc=0.110 adj_p=0.904
Q8L9X2	RBCX2	MEM	-0.7100	0.02779	SOL log2fc=-0.170 adj_p=0.155
Q8LA13	RH11	SOL	-0.1100	0.07716	MEM log2fc=0.140 adj_p=0.381
Q8LA16	AL7	SOL	-0.2500	0.1142	MEM log2fc=-0.120 adj_p=0.271
Q8LA96	At4g17720	SOL	-0.3700	0.1858	MEM log2fc=0.160 adj_p=0.296
Q8LAD0	PDX2	SOL	0.0400	0.3188	MEM log2fc=-0.140 adj_p=0.431
Q8LAH7	OPR1	MEM	0.4600	0.01264	SOL log2fc=0.260 adj_p=0.256
Q8LAM2	At4g14930	MEM	-0.2100	0.1764	SOL log2fc=0.200 adj_p=0.453
Q8LAN3	P4H4	MEM	-0.5000	0.0321	SOL log2fc=0.140 adj_p=0.532
Q8LAP6	PAP12	MEM	-0.8100	0.01377	SOL log2fc=0.190 adj_p=0.237
Q8LAS8	SFGH	MEM	0.8000	0.03584	SOL log2fc=-0.210 adj_p=0.0587
Q8LAZ7	CSN5A	MEM	-0.4600	0.0577	SOL log2fc=-0.200 adj_p=0.12
Q8LB02	SDH2-2	MEM	-0.3800	0.01046	SOL log2fc=-0.080 adj_p=0.208
Q8LB10	CLPR4	SOL	-0.1200	0.1948	MEM log2fc=0.240 adj_p=0.295
Q8LB47	Mge2	SOL	-0.0700	0.3471	MEM log2fc=-0.180 adj_p=0.48
Q8LBB2	KING1	MEM	0.2000	0.1141	SOL log2fc=0.100 adj_p=0.758
Q8LBK6	GRXS15	SOL	0.2000	0.1355	MEM log2fc=-0.250 adj_p=0.312
Q8LBS4	GRXS12	SOL	-0.4000	0.03417	MEM log2fc=0.440 adj_p=0.179
Q8LBU2	GPX8	MEM	0.7000	0.0156	SOL log2fc=-0.120 adj_p=0.278
Q8LC12	At4g01897	MEM	0.2900	0.02806	SOL log2fc=-0.390 adj_p=0.121
Q8LCA1	CURT1B	MEM	0.8900	0.09228	SOL log2fc=-0.570 adj_p=0.141
Q8LCL3	RPL27B	MEM	0.3600	0.006511	SOL log2fc=-0.370 adj_p=0.0261
Q8LD03	RPS7C	MEM	-0.1900	0.05517	SOL log2fc=0.300 adj_p=0.221
Q8LD49	ATHX	SOL	-0.1500	0.2648	MEM log2fc=-0.200 adj_p=0.872
Q8LDF2	MSJ1.9	SOL	0.6300	0.1669	MEM log2fc=0.110 adj_p=0.367
Q8LDI5	CXXS1	MEM	-0.2400	0.09738	SOL log2fc=0.050 adj_p=0.848
Q8LDL0	HHL1	MEM	-0.0900	0.3666	SOL log2fc=-0.110 adj_p=0.591
Q8LDN8	UGE3	SOL	0.3200	0.07536	MEM log2fc=-0.020 adj_p=0.841
Q8LDP4	CYP19-4	SOL	0.1800	0.07702	MEM log2fc=0.230 adj_p=0.11
Q8LDU1	At3g03890	SOL	-0.3000	0.1229	MEM log2fc=0.040 adj_p=0.94
Q8LDU4	RCCR	MEM	-0.3400	0.02788	SOL log2fc=-0.250 adj_p=0.402
Q8LDV3	At4g13200	MEM	-0.4600	0.03038	SOL log2fc=-0.130 adj_p=0.184
Q8LDW8	GLX2-4	SOL	-0.4100	0.2502	MEM log2fc=0.060 adj_p=0.494
Q8LE52	DHAR3	SOL	-0.2400	0.0234	MEM log2fc=-0.260 adj_p=0.525
Q8LE63	At4g11860	SOL	-0.5400	0.06916	MEM log2fc=0.000 adj_p=0.84
Q8LER3	XTH7	SOL	0.4300	0.07025	MEM log2fc=0.090 adj_p=0.484
Q8LEU3	NOL	MEM	0.9600	0.02686	SOL log2fc=-0.040 adj_p=0.867
Q8LEV7	PGL5	MEM	-1.1400	0.01497	SOL log2fc=-1.790 adj_p=0.057
Q8LF20	At2g25430	MEM	1.3900	0.02296	SOL log2fc=-0.780 adj_p=0.0407
Q8LF21	DRP1C	MEM	0.8700	0.01422	SOL log2fc=-0.560 adj_p=0.0672
Q8LF48	KAT1	MEM	-0.1500	0.2598	SOL log2fc=-0.080 adj_p=0.271
Q8LFC0	IDH1	SOL	0.1400	0.1712	MEM log2fc=-0.340 adj_p=0.559
Q8LFJ5	TRM112A	MEM	0.0500	0.1659	SOL log2fc=-0.080 adj_p=0.408
Q8LFL5	At1g49975	MEM	-1.0200	0.003684	SOL log2fc=0.300 adj_p=0.18
Q8LFS6	BRN1	MEM	0.5600	0.05876	SOL log2fc=-0.470 adj_p=0.142
Q8LG05	STKL1	MEM	0.2800	0.08031	SOL log2fc=-0.020 adj_p=0.659
Q8LG77	IDH6	MEM	1.4900	0.004283	SOL log2fc=-0.060 adj_p=0.473
Q8LGG8	At3g01520	SOL	0.2000	0.136	MEM log2fc=-0.220 adj_p=0.204
Q8LKS5	LACS7	MEM	0.8700	0.02113	SOL log2fc=-0.560 adj_p=0.183
Q8LPJ3	At5g13980	MEM	0.4600	0.0512	SOL log2fc=0.060 adj_p=0.409
Q8LPJ4	ABCE2	SOL	0.1700	0.04725	MEM log2fc=-0.170 adj_p=0.165
Q8LPJ5	At5g14590	MEM	0.9900	0.03584	SOL log2fc=0.180 adj_p=0.376
Q8LPR9	TIC110	SOL	-0.6200	0.04134	MEM log2fc=-0.250 adj_p=0.0805
Q8LPS1	LACS6	SOL	-0.0700	0.319	MEM log2fc=0.000 adj_p=0.827
Q8LPS6	At1g02150	MEM	-0.1800	0.04208	SOL log2fc=-0.320 adj_p=0.0433
Q8RUF8	NLP3	SOL	0.1900	0.2422	MEM log2fc=-0.270 adj_p=0.406
Q8RWG8	RANBP1B	MEM	0.2300	0.02572	SOL log2fc=0.030 adj_p=0.482
Q8RWN5	RZ1C	MEM	0.3500	0.07955	SOL log2fc=-0.140 adj_p=0.289
Q8RWN9	At3g13930	SOL	-0.1000	0.353	MEM log2fc=-0.080 adj_p=0.756
Q8RWU7	PUX4	MEM	0.7100	0.02828	SOL log2fc=-0.060 adj_p=0.237
Q8RWV9	HDC1	MEM	-0.6600	0.01091	SOL log2fc=-0.350 adj_p=0.112
Q8RWY3	CHR11	MEM	-0.6000	0.07661	SOL log2fc=-0.560 adj_p=0.135
Q8RWY6	CLASP	SOL	-0.5600	0.09166	MEM log2fc=0.050 adj_p=0.953
Q8RWZ3	IBR3	SOL	-0.0700	0.1197	MEM log2fc=0.020 adj_p=0.618
Q8RX69	At1g15060	MEM	-0.3900	0.04261	SOL log2fc=-0.230 adj_p=0.0641
Q8RX79	APG3	SOL	-0.3600	0.05073	MEM log2fc=0.070 adj_p=0.327
Q8RXD5	KTI4	MEM	-1.0700	0.0595	SOL log2fc=-0.200 adj_p=0.801
Q8RXD9	DPE2	MEM	-0.3400	0.06123	SOL log2fc=-0.400 adj_p=0.0915
Q8RXE9	OVA4	MEM	-0.2400	0.3187	SOL log2fc=0.030 adj_p=0.529
Q8RXK8	OVA2	MEM	-0.4700	0.02485	SOL log2fc=-0.310 adj_p=0.0614
Q8RXN1	TPR3	MEM	-0.4700	0.009043	SOL log2fc=-0.120 adj_p=0.0897
Q8RXU5	RPL37AC	MEM	0.2500	0.1575	SOL log2fc=0.130 adj_p=0.563
Q8RXZ8	ACIP1	MEM	0.2100	0.1029	SOL log2fc=-0.290 adj_p=0.128
Q8RY11	APP2	MEM	-0.5300	0.02812	SOL log2fc=-0.320 adj_p=0.136
Q8RY94	At4g18440	SOL	-0.8500	0.01693	MEM log2fc=-0.380 adj_p=0.174
Q8S3U9	SEC5A	MEM	-0.1800	0.3393	SOL log2fc=-0.580 adj_p=0.373
Q8S4Y1	AAT1	MEM	0.9300	0.007286	SOL log2fc=0.260 adj_p=0.211
Q8S528	ALDH2B7	SOL	0.3400	0.01629	MEM log2fc=-0.020 adj_p=0.567
Q8S8F8	GEM	MEM	0.2800	0.07246	SOL log2fc=0.030 adj_p=0.734
Q8S8R1	At2g23120	SOL	1.6600	0.08335	MEM log2fc=0.040 adj_p=0.572
Q8S944	DRP3A	MEM	-0.5100	0.02774	SOL log2fc=-0.550 adj_p=0.21
Q8S9J2	At2g33840	SOL	-0.1500	0.1931	MEM log2fc=-0.160 adj_p=0.194
Q8S9K8	MES10	MEM	0.2100	0.1415	SOL log2fc=-0.420 adj_p=0.272
Q8S9L5	TIG	SOL	-0.2300	0.04141	MEM log2fc=0.000 adj_p=0.542
Q8VX13	PDIL1-3	MEM	0.6800	0.006037	SOL log2fc=0.140 adj_p=0.0885
Q8VXX4	RFC3	MEM	-0.2300	0.1258	SOL log2fc=-0.040 adj_p=0.288
Q8VXY0	At2g36145	MEM	-0.7200	0.01028	SOL log2fc=0.110 adj_p=0.161
Q8VXY9	UAH	MEM	-0.1600	0.01383	SOL log2fc=0.100 adj_p=0.419
Q8VXZ7	AGAL3	MEM	0.6100	0.1246	SOL log2fc=1.070 adj_p=0.204
Q8VY01	SCPL46	SOL	-0.2700	0.02447	MEM log2fc=-0.710 adj_p=0.059
Q8VY70	At1g62780	SOL	-0.4600	0.03963	MEM log2fc=-0.070 adj_p=0.945
Q8VY84	UMK1	SOL	-0.2400	0.2555	MEM log2fc=0.020 adj_p=0.698
Q8VYB7	RGTA1	MEM	-0.1900	0.1385	SOL log2fc=-0.340 adj_p=0.194
Q8VYC9	At1g16210	MEM	0.3500	0.1787	SOL log2fc=0.220 adj_p=0.214
Q8VYF2	At4g15790	MEM	0.2900	0.0139	SOL log2fc=-0.070 adj_p=0.341
Q8VYG9	PIRL9	MEM	1.3700	0.00517	SOL log2fc=0.130 adj_p=0.277
Q8VYI4	At1g14810	SOL	0.3600	0.08385	MEM log2fc=0.150 adj_p=0.382
Q8VYK6	RPS4D	MEM	-0.3600	0.00972	SOL log2fc=0.590 adj_p=0.192
Q8VYL1	At5g35170	SOL	-0.6000	0.1662	MEM log2fc=-0.130 adj_p=0.304
Q8VYM4	PSRP2	MEM	0.3200	0.3522	SOL log2fc=0.120 adj_p=0.608
Q8VYN2	PVA42	MEM	-0.3400	0.07414	SOL log2fc=0.110 adj_p=0.273
Q8VYR5	At4g35850	MEM	0.0600	0.2426	SOL log2fc=-0.090 adj_p=0.321
Q8VYV0	At1g43690	SOL	-0.5700	0.0236	MEM log2fc=0.120 adj_p=0.278
Q8VYV7	DHQS	MEM	0.2100	0.1111	SOL log2fc=-0.240 adj_p=0.111
Q8VZ10	SOQ1	MEM	-0.6700	0.02274	SOL log2fc=-0.450 adj_p=0.068
Q8VZ23	At1g04420	MEM	-0.6500	0.1229	SOL log2fc=0.240 adj_p=0.312
Q8VZ31	TPR4	SOL	-0.7100	0.07014	MEM log2fc=-0.270 adj_p=0.128
Q8VZ49	At1g64710	MEM	-0.2400	0.07796	SOL log2fc=-0.280 adj_p=0.271
Q8VZ50	CML14	MEM	0.3100	0.1199	SOL log2fc=0.150 adj_p=0.515
Q8VZ57	At1g52510	MEM	-0.3300	0.03403	SOL log2fc=-0.210 adj_p=0.0521
Q8VZ74	At5g66470	MEM	-0.6300	0.01289	SOL log2fc=0.050 adj_p=0.63
Q8VZB1	EMB2799	MEM	0.8300	0.03723	SOL log2fc=-0.170 adj_p=0.0819
Q8VZB5	At5g14260	SOL	-0.5200	0.0782	MEM log2fc=-0.210 adj_p=0.229
Q8VZB9	RPL10AA	MEM	1.3200	0.002757	SOL log2fc=-0.280 adj_p=0.209
Q8VZC3	ALDH12A1	SOL	-0.0200	0.4272	MEM log2fc=-0.110 adj_p=0.873
Q8VZE9	UGT73B1	SOL	0.4900	0.1962	MEM log2fc=0.170 adj_p=0.203
Q8VZF1	AAE7	SOL	-0.3700	0.02112	MEM log2fc=-0.200 adj_p=0.123
Q8VZF3	GEP	MEM	-0.2300	0.1685	SOL log2fc=0.040 adj_p=0.649
Q8VZG7	TSN1	SOL	-0.3300	0.01685	MEM log2fc=0.460 adj_p=0.0206
Q8VZH2	APM1	SOL	0.0600	0.1935	MEM log2fc=0.040 adj_p=0.268
Q8VZK2	At5g11900	MEM	0.3800	0.04197	SOL log2fc=0.050 adj_p=0.624
Q8VZM1	NAA15	MEM	0.2400	0.08084	SOL log2fc=-0.350 adj_p=0.081
Q8VZT0	At3g03920	MEM	0.2400	0.02786	SOL log2fc=-0.170 adj_p=0.338
Q8VZT4	At1g29370	MEM	0.6500	0.01306	SOL log2fc=-0.280 adj_p=0.0438
Q8VZU2	SYP132	MEM	0.3200	0.086	SOL log2fc=-0.050 adj_p=0.94
Q8VZW3	CHI3	SOL	-0.0300	0.6366	MEM log2fc=0.100 adj_p=0.91
Q8VZW6	At3g08740	MEM	-0.2200	0.2929	SOL log2fc=-0.100 adj_p=0.293
Q8W033	ALDH3I1	MEM	-0.5200	0.01658	SOL log2fc=-0.190 adj_p=0.769
Q8W0Z9	CCR4-1	SOL	-0.3500	0.03457	MEM log2fc=-0.110 adj_p=0.0392
Q8W112	At5g20950	MEM	0.7500	0.03878	SOL log2fc=0.410 adj_p=0.0409
Q8W493	LFNR2	MEM	-0.5200	0.03309	SOL log2fc=0.050 adj_p=0.613
Q8W498	At4g27640	SOL	-0.2300	0.2672	MEM log2fc=-0.100 adj_p=0.57
Q8W4A0	F14P3.15	SOL	-0.3800	0.05506	MEM log2fc=0.110 adj_p=0.412
Q8W4D0	CYP71	MEM	-0.5100	0.01538	SOL log2fc=-0.450 adj_p=0.109
Q8W4D6	HCF173	MEM	-0.3800	0.0175	SOL log2fc=-0.210 adj_p=0.142
Q8W4F1	PAP10	MEM	-0.5600	0.02499	SOL log2fc=-0.060 adj_p=0.673
Q8W4F3	OVA9	SOL	-0.2900	0.09154	MEM log2fc=0.320 adj_p=0.124
Q8W4H8	GLL23	MEM	0.5500	0.02145	SOL log2fc=0.830 adj_p=0.0539
Q8W4M5	PFP-BETA1	MEM	0.2200	0.009329	SOL log2fc=0.220 adj_p=0.568
Q8W4Q4	MRF3	MEM	-0.1600	0.1304	SOL log2fc=-0.070 adj_p=0.147
Q8W585	FTSH8	MEM	-0.2800	0.1826	SOL log2fc=-0.160 adj_p=0.412
Q8W586	QQT2	SOL	0.1400	0.2587	MEM log2fc=0.020 adj_p=0.541
Q8W593	At1g67280	SOL	0.2900	0.1563	MEM log2fc=-0.020 adj_p=0.816
Q93V74	CYCLASE1	SOL	0.0900	0.2136	MEM log2fc=-0.370 adj_p=0.507
Q93V88	At4g33500	SOL	-0.3600	0.03424	MEM log2fc=-0.340 adj_p=0.0464
Q93VA8	At1g76010	SOL	-0.3100	0.179	MEM log2fc=0.190 adj_p=0.498
Q93VB0	At2g40660	MEM	0.3400	0.01982	SOL log2fc=-0.040 adj_p=0.12
Q93VC7	RPS1	MEM	-0.5400	0.01571	SOL log2fc=0.030 adj_p=0.971
Q93VG5	RPS8A	MEM	0.2200	0.02774	SOL log2fc=-0.050 adj_p=0.542
Q93VI3	RPL17A	MEM	-0.4500	0.01316	SOL log2fc=1.190 adj_p=0.144
Q93VP3	ELF5A-2	MEM	1.6700	0.007921	SOL log2fc=0.120 adj_p=0.285
Q93VQ0	VCL1	SOL	-0.5900	0.05506	MEM log2fc=-0.030 adj_p=0.606
Q93VR3	At5g28840	MEM	0.5100	0.07564	SOL log2fc=-0.050 adj_p=0.557
Q93VR4	MLP423	MEM	-0.5000	0.01741	SOL log2fc=-0.250 adj_p=0.0749
Q93VS8	emb2734	SOL	-0.3000	0.05294	MEM log2fc=0.300 adj_p=0.1
Q93VT9	RPL10A	MEM	-0.2100	0.07955	SOL log2fc=0.250 adj_p=0.388
Q93W05	At1g10590	MEM	-0.0700	0.243	SOL log2fc=-0.070 adj_p=0.373
Q93W22	RPL10C	MEM	0.2800	0.214	SOL log2fc=0.230 adj_p=0.303
Q93W28	At4g15545	MEM	1.4700	0.006895	SOL log2fc=0.040 adj_p=0.813
Q93W34	RBP45C	SOL	-0.2300	0.1731	MEM log2fc=0.110 adj_p=0.835
Q93W77	NIFU1	MEM	-0.2200	0.06775	SOL log2fc=-0.190 adj_p=0.0937
Q93WF1	At5g48900	MEM	0.6700	0.02616	SOL log2fc=-0.190 adj_p=0.235
Q93WJ8	MDAR2	MEM	0.1800	0.04928	SOL log2fc=-0.090 adj_p=0.203
Q93WL3	CLPT1	MEM	-1.3300	0.07183	SOL log2fc=0.170 adj_p=0.254
Q93WN0	SBP2	SOL	-1.0700	0.01629	MEM log2fc=-0.250 adj_p=0.0897
Q93WX6	NFS2	MEM	-0.4500	0.02641	SOL log2fc=-0.070 adj_p=0.655
Q93XN8	SPP3B	MEM	-0.4400	0.05953	SOL log2fc=0.000 adj_p=0.523
Q93XW5	NSP5	MEM	0.5500	0.0142	SOL log2fc=0.500 adj_p=0.113
Q93XY1	MNC6.16	MEM	0.4800	0.04091	SOL log2fc=-0.710 adj_p=0.0433
Q93Y12	MDB19.14	MEM	-0.4600	0.02619	SOL log2fc=-0.050 adj_p=0.907
Q93Y22	At5g05010	MEM	1.0700	0.01387	SOL log2fc=-0.230 adj_p=0.179
Q93Y35	RPN7	SOL	-0.2000	0.1297	MEM log2fc=0.040 adj_p=0.168
Q93Y40	ORP3C	MEM	-0.3600	0.02777	SOL log2fc=-0.130 adj_p=0.156
Q93YR3	At4g22670	MEM	0.3500	0.03075	SOL log2fc=0.250 adj_p=0.303
Q93YU5	SEC8	SOL	-0.7000	0.07041	MEM log2fc=0.400 adj_p=0.119
Q93YZ7	At2g31810	MEM	0.4800	0.007851	SOL log2fc=0.200 adj_p=0.152
Q93Z08	At5g58090	SOL	0.2400	0.131	MEM log2fc=0.070 adj_p=0.202
Q93Z10	At5g11580	MEM	-0.2400	0.03709	SOL log2fc=-0.370 adj_p=0.0638
Q93Z16	RPN2	MEM	0.1100	0.1721	SOL log2fc=0.040 adj_p=0.526
Q93Z30	At4g18950	SOL	-0.2800	0.04193	MEM log2fc=-0.120 adj_p=0.415
Q93Z53	PKP3	MEM	-0.3500	0.1793	SOL log2fc=-0.070 adj_p=0.273
Q93Z70	At2g19940	MEM	-0.1800	0.03756	SOL log2fc=-0.070 adj_p=0.177
Q93ZB6	HEME1	SOL	-0.2300	0.1057	MEM log2fc=0.180 adj_p=0.384
Q93ZC2	At5g36230	MEM	-0.4200	0.04501	SOL log2fc=-0.250 adj_p=0.195
Q93ZC5	AOC4	MEM	-0.6600	0.131	SOL log2fc=0.160 adj_p=0.436
Q93ZG7	RH38	MEM	0.0400	0.2698	SOL log2fc=-0.020 adj_p=0.839
Q93ZI7	MOK9.1	SOL	-0.5300	0.04535	MEM log2fc=0.440 adj_p=0.105
Q93ZK1	At3g56060	MEM	-0.4200	0.004436	SOL log2fc=-0.020 adj_p=0.841
Q93ZM7	At3g13860	SOL	-0.2000	0.01629	MEM log2fc=0.110 adj_p=0.184
Q93ZN2	At1g60710	SOL	0.4000	0.1082	MEM log2fc=0.200 adj_p=0.117
Q93ZN9	DAP	SOL	-0.0200	0.5564	MEM log2fc=-0.170 adj_p=0.928
Q93ZR3	PRP39	MEM	-0.7300	0.01742	SOL log2fc=-0.580 adj_p=0.0374
Q93ZT6	EIF(ISO)4G1	MEM	1.0400	0.005986	SOL log2fc=-0.260 adj_p=0.0477
Q93ZV7	LA1	SOL	-0.1100	0.1648	MEM log2fc=-0.040 adj_p=0.323
Q940B0	RPL18C	MEM	-0.2600	0.1007	SOL log2fc=0.180 adj_p=0.153
Q940B8	KIN13A	MEM	-0.5300	0.02911	SOL log2fc=-0.200 adj_p=0.288
Q940G5	At4g25900	MEM	-0.1400	0.2648	SOL log2fc=-0.100 adj_p=0.824
Q940I2	MED24.18	MEM	0.0100	0.8613	SOL log2fc=0.010 adj_p=0.99
Q940J8	PAE7	MEM	0.1600	0.3418	SOL log2fc=0.000 adj_p=0.872
Q940P8	CCT2	MEM	0.3800	0.0178	SOL log2fc=0.210 adj_p=0.259
Q940S9	At3g57890	SOL	-0.4100	0.146	MEM log2fc=0.100 adj_p=0.791
Q940V1	DJA5	SOL	-0.4700	0.03664	MEM log2fc=-0.180 adj_p=0.246
Q940Z5	PMAT1	MEM	0.8200	0.03075	SOL log2fc=0.670 adj_p=0.0366
Q941A4	OBAP2A	MEM	1.3100	0.008721	SOL log2fc=2.400 adj_p=0.0403
Q941B2	At1g09870	MEM	-0.1100	0.1713	SOL log2fc=0.130 adj_p=0.319
Q944A6	SNF4	MEM	-0.2700	0.03917	SOL log2fc=-0.300 adj_p=0.171
Q944A7	BSK1	MEM	0.5600	0.02763	SOL log2fc=-0.750 adj_p=0.181
Q944G9	FBA2	SOL	-0.3400	0.0234	MEM log2fc=0.180 adj_p=0.476
Q944H0	NMT2	MEM	-0.3600	0.02304	SOL log2fc=-0.860 adj_p=0.0663
Q944J2	At4g28706	SOL	-0.1900	0.04197	MEM log2fc=0.070 adj_p=0.466
Q944K3	HDA2	MEM	-0.4000	0.1225	SOL log2fc=0.040 adj_p=0.518
Q944L8	At1g11930	SOL	0.3400	0.2499	MEM log2fc=0.050 adj_p=0.84
Q944P7	LAP2	MEM	0.6600	0.05986	SOL log2fc=0.180 adj_p=0.175
Q945K7	IDH5	MEM	0.4300	0.02048	SOL log2fc=-0.150 adj_p=0.29
Q945Q1	CYS1	SOL	0.2500	0.1919	MEM log2fc=-0.030 adj_p=0.544
Q948R9	RFC3	MEM	-0.8100	0.01317	SOL log2fc=-0.060 adj_p=0.88
Q949M9	GET3A	MEM	-0.2500	0.04569	SOL log2fc=-0.220 adj_p=0.06
Q949P2	CYOP	SOL	0.0900	0.1721	MEM log2fc=-0.160 adj_p=0.239
Q949P3	At2g17340	MEM	-0.1800	0.03689	SOL log2fc=-0.550 adj_p=0.0896
Q949Q7	SCPL29	MEM	0.3600	0.04353	SOL log2fc=0.250 adj_p=0.0578
Q949U7	PRXIIE	MEM	1.0300	0.0685	SOL log2fc=0.240 adj_p=0.184
Q949W8	XK2	MEM	0.2200	0.05878	SOL log2fc=-0.020 adj_p=0.58
Q949Y3	PAP26	MEM	0.7600	0.03203	SOL log2fc=-0.020 adj_p=0.994
Q94A09	TRM9	MEM	0.0400	0.2604	SOL log2fc=0.080 adj_p=0.49
Q94A28	ACO2	SOL	-0.1000	0.1142	MEM log2fc=0.020 adj_p=0.816
Q94A40	At1g62020	SOL	-0.5300	0.05806	MEM log2fc=-0.160 adj_p=0.101
Q94A41	AMY3	SOL	-0.1900	0.04085	MEM log2fc=0.140 adj_p=0.0588
Q94A52	EIF4A3	MEM	-0.3700	0.07365	SOL log2fc=-0.030 adj_p=0.911
Q94A65	At4g27700	MEM	0.2500	0.04222	SOL log2fc=-0.400 adj_p=0.0464
Q94A68	At1g06690	MEM	-0.5000	0.0264	SOL log2fc=-0.040 adj_p=0.371
Q94A94	LYSA2	MEM	-0.3600	0.1972	SOL log2fc=0.140 adj_p=0.719
Q94A97	UBC35	MEM	0.2800	0.005245	SOL log2fc=-0.150 adj_p=0.194
Q94AH6	CUL1	SOL	-0.2400	0.2462	MEM log2fc=0.050 adj_p=0.913
Q94AH9	FIB2	MEM	0.1100	0.05971	SOL log2fc=0.210 adj_p=0.827
Q94AI7	TPL	MEM	-0.6500	0.007979	SOL log2fc=-0.900 adj_p=0.102
Q94AJ9	At1g12800	SOL	-0.3000	0.09456	MEM log2fc=0.230 adj_p=0.175
Q94AM1	OOP	SOL	-0.2400	0.2089	MEM log2fc=-0.070 adj_p=0.463
Q94AR8	IIL1	MEM	0.1200	0.0709	SOL log2fc=0.170 adj_p=0.16
Q94AT1	At5g53140	MEM	0.4800	0.03756	SOL log2fc=-0.070 adj_p=0.271
Q94AU3	At2g21385	SOL	-0.2200	0.06098	MEM log2fc=-0.460 adj_p=0.0625
Q94AX4	DLD	MEM	-0.8800	0.003684	SOL log2fc=0.140 adj_p=0.13
Q94AZ4	CML13	SOL	0.1000	0.127	MEM log2fc=0.160 adj_p=0.203
Q94B35	ISPH	SOL	-0.2500	0.01629	MEM log2fc=-0.790 adj_p=0.0475
Q94B60	CLPP4	MEM	-0.1800	0.4659	SOL log2fc=-0.040 adj_p=0.842
Q94B78	GLDP1	SOL	-0.3600	0.02442	MEM log2fc=-0.350 adj_p=0.0937
Q94BR1	MRF1	SOL	-0.4900	0.05653	MEM log2fc=0.190 adj_p=0.428
Q94BS2	MET1	SOL	-0.3500	0.01887	MEM log2fc=-0.100 adj_p=0.745
Q94BT0	SPS1	MEM	-0.8000	0.02155	SOL log2fc=-0.090 adj_p=0.103
Q94BT9	ATX1	MEM	0.7400	0.004122	SOL log2fc=0.200 adj_p=0.0438
Q94BV4	RH6	MEM	0.1100	0.09153	SOL log2fc=-0.640 adj_p=0.0932
Q94BZ0	At1g50450	MEM	-0.3200	0.1568	SOL log2fc=-0.540 adj_p=0.411
Q94C59	PATL4	MEM	0.9200	0.01511	SOL log2fc=0.140 adj_p=0.135
Q94C69	CSP3	MEM	-0.4000	0.043	SOL log2fc=-0.400 adj_p=0.163
Q94C74	SHM2	MEM	-0.4000	0.1007	SOL log2fc=0.170 adj_p=0.374
Q94CB1	PME25	MEM	0.3800	0.02258	SOL log2fc=0.310 adj_p=0.173
Q94CD8	At3g13560	MEM	1.4500	0.01664	SOL log2fc=-0.330 adj_p=0.0374
Q94CE3	BCA5	MEM	-0.0700	0.3424	SOL log2fc=0.050 adj_p=0.486
Q94CE4	BCA4	MEM	-0.2500	0.2269	SOL log2fc=-0.110 adj_p=0.318
Q94CE5	POP2	SOL	0.1200	0.6297	MEM log2fc=-0.080 adj_p=0.828
Q94CF0	EHD1	MEM	0.2900	0.05131	SOL log2fc=-0.510 adj_p=0.124
Q94CK1	At5g12410	MEM	-0.3900	0.007163	SOL log2fc=-0.150 adj_p=0.403
Q94EG6	At5g02240	SOL	0.7800	0.1149	MEM log2fc=-0.080 adj_p=0.991
Q94F00	IMPL1	SOL	-0.1700	0.1538	MEM log2fc=-0.490 adj_p=0.165
Q94F08	HIPL2	SOL	-0.3000	0.08363	MEM log2fc=0.420 adj_p=0.132
Q94F20	DGR2	SOL	-0.2400	0.5084	MEM log2fc=0.020 adj_p=0.732
Q94FY7	VTE1	MEM	0.8100	0.01115	SOL log2fc=-0.110 adj_p=0.248
Q94II5	RD2	MEM	0.6300	0.007283	SOL log2fc=0.440 adj_p=0.0582
Q94JQ3	SHM3	SOL	-0.1100	0.2044	MEM log2fc=0.040 adj_p=0.43
Q94JQ4	RIDA	MEM	-0.3100	0.5198	SOL log2fc=0.270 adj_p=0.54
Q94JV1	At1g69340	MEM	1.0800	0.009449	SOL log2fc=-0.220 adj_p=0.248
Q94JY3	MDB19.5	MEM	-0.7500	0.003642	SOL log2fc=-0.740 adj_p=0.0342
Q94K05	CCT8	MEM	0.4700	0.008851	SOL log2fc=0.060 adj_p=0.92
Q94K07	NAP1;3	MEM	0.9600	0.01263	SOL log2fc=0.050 adj_p=0.673
Q94K30	At1g01800	MEM	1.0600	0.01404	SOL log2fc=-0.240 adj_p=0.0754
Q94K48	At3g62530	MEM	0.6900	0.007385	SOL log2fc=0.020 adj_p=0.688
Q94K52	At1g02475	MEM	0.4300	0.009642	SOL log2fc=-0.390 adj_p=0.241
Q94K71	CBBY	SOL	-0.3200	0.04642	MEM log2fc=0.620 adj_p=0.058
Q94K73	At3g58140	MEM	0.2200	0.122	SOL log2fc=-0.050 adj_p=0.33
Q94K85	CATHB3	SOL	1.0600	0.1058	MEM log2fc=0.080 adj_p=0.678
Q94K97	At5g24490	MEM	-0.3900	0.4963	SOL log2fc=0.140 adj_p=0.951
Q94KE3	At3g52990	MEM	0.3300	0.057	SOL log2fc=0.030 adj_p=0.531
Q96242	CYP74A	SOL	-0.6700	0.01848	MEM log2fc=-0.920 adj_p=0.024
Q96250	ATPC	MEM	-0.2600	0.05422	SOL log2fc=-0.070 adj_p=0.188
Q96251	At5g13450	SOL	-0.3300	0.1077	MEM log2fc=0.020 adj_p=0.791
Q96252	At5g47030	MEM	0.6000	0.003642	SOL log2fc=0.040 adj_p=0.44
Q96254	GDI1	MEM	0.3600	0.08232	SOL log2fc=0.040 adj_p=0.519
Q96255	PSAT1	SOL	-0.2400	0.1144	MEM log2fc=-0.360 adj_p=0.119
Q96262	PCAP1	MEM	0.6000	0.005821	SOL log2fc=0.520 adj_p=0.0403
Q96266	GSTF8	MEM	0.3800	0.02796	SOL log2fc=0.210 adj_p=0.0433
Q96270	LEA7	SOL	1.9200	0.01629	MEM log2fc=1.140 adj_p=0.043
Q96291	BAS1	SOL	0.1600	0.1612	MEM log2fc=-0.350 adj_p=0.489
Q96292	ACT2	MEM	0.4700	0.003684	SOL log2fc=0.000 adj_p=0.501
Q96300	GRF7	MEM	0.1300	0.0929	SOL log2fc=0.050 adj_p=0.418
Q96318	CRC	MEM	0.8400	0.04473	SOL log2fc=1.740 adj_p=0.26
Q96321	IMPA1	MEM	0.7400	0.01145	SOL log2fc=0.030 adj_p=0.857
Q96327	EBP1	MEM	0.5300	0.03301	SOL log2fc=0.190 adj_p=0.328
Q96329	ACX4	MEM	0.7200	0.01633	SOL log2fc=0.260 adj_p=0.0251
Q96511	PER69	MEM	1.5800	0.003406	SOL log2fc=1.590 adj_p=0.0167
Q96518	PER16	MEM	1.9300	0.002757	SOL log2fc=0.940 adj_p=0.0277
Q96520	PER12	SOL	0.1400	0.2494	MEM log2fc=0.050 adj_p=0.568
Q96522	PER45	MEM	1.6100	0.002757	SOL log2fc=2.290 adj_p=0.0424
Q96528	CAT1	MEM	-1.0200	0.06206	SOL log2fc=0.230 adj_p=0.199
Q96529	PURA	MEM	0.4700	0.06809	SOL log2fc=0.070 adj_p=0.611
Q96533	ADH2	MEM	0.4800	0.04108	SOL log2fc=0.030 adj_p=0.75
Q9ASR1	LOS1	MEM	0.3800	0.01153	SOL log2fc=-0.110 adj_p=0.125
Q9ASS6	PNSL5	MEM	-0.5500	0.03003	SOL log2fc=0.090 adj_p=0.147
Q9AST8	ROSY1	SOL	1.8000	0.04535	MEM log2fc=0.740 adj_p=0.0505
Q9ASV6	RPS20	MEM	0.4800	0.02832	SOL log2fc=-0.020 adj_p=0.498
Q9C4Z6	RACK1B	MEM	-0.3400	0.03199	SOL log2fc=-0.070 adj_p=0.31
Q9C500	WPP2	MEM	0.5000	0.02012	SOL log2fc=0.800 adj_p=0.103
Q9C505	ELF5A-3	MEM	0.4800	0.007892	SOL log2fc=-0.020 adj_p=0.802
Q9C514	RPS7A	MEM	0.2400	0.1004	SOL log2fc=0.460 adj_p=0.127
Q9C522	ACLB-1	MEM	1.1300	0.01153	SOL log2fc=0.060 adj_p=0.777
Q9C524	At1g66430	SOL	0.2500	0.2363	MEM log2fc=0.220 adj_p=0.264
Q9C525	BGLU21	MEM	0.1700	0.009761	SOL log2fc=0.290 adj_p=0.348
Q9C535	T3M22.5	SOL	-0.4300	0.01263	MEM log2fc=-0.220 adj_p=0.214
Q9C5A9	At5g08680	SOL	0.0300	0.4183	MEM log2fc=-0.080 adj_p=0.584
Q9C5C2	TGG2	SOL	-2.9300	0.03665	MEM log2fc=-2.960 adj_p=0.0403
Q9C5C8	MSRB2	MEM	-0.2300	0.08895	SOL log2fc=0.310 adj_p=0.096
Q9C5D0	CBSX2	MEM	-0.5500	0.2165	SOL log2fc=0.320 adj_p=0.273
Q9C5E5	DGK5	SOL	-0.4600	0.1274	MEM log2fc=0.020 adj_p=0.815
Q9C5F4	At1g70570	SOL	0.4300	0.08136	MEM log2fc=-0.180 adj_p=0.449
Q9C5G6	At1g23430	SOL	0.2400	0.02648	MEM log2fc=0.170 adj_p=0.13
Q9C5I1	USP	MEM	-0.4900	0.01664	SOL log2fc=-0.190 adj_p=0.276
Q9C5R8	At5g06290	SOL	0.1100	0.1363	MEM log2fc=-0.440 adj_p=0.354
Q9C5U3	RPT6A	MEM	-0.1700	0.07149	SOL log2fc=-0.010 adj_p=0.483
Q9C5U8	HISN8	SOL	0.0000	0.6297	MEM log2fc=-0.080 adj_p=0.826
Q9C5W3	NADK2	SOL	-0.2800	0.05697	MEM log2fc=0.020 adj_p=0.945
Q9C5X3	KEU	MEM	0.3400	0.132	SOL log2fc=-0.320 adj_p=0.158
Q9C5Z2	TIF3H1	SOL	-0.2200	0.05741	MEM log2fc=-0.070 adj_p=0.137
Q9C5Z3	TIF3E1	MEM	-0.3000	0.0401	SOL log2fc=-0.300 adj_p=0.202
Q9C658	DCP5	MEM	1.0900	0.01334	SOL log2fc=0.160 adj_p=0.328
Q9C685	CHLORORESPIRATORY	SOL	-0.1400	0.3509	MEM log2fc=-0.110 adj_p=0.393
Q9C713	At1g66530	MEM	-0.3900	0.01658	SOL log2fc=-0.030 adj_p=0.334
Q9C723	At1g55090	MEM	0.1500	0.009912	SOL log2fc=-0.060 adj_p=0.519
Q9C7F5	NTF2B	MEM	1.5300	0.007283	SOL log2fc=0.070 adj_p=0.309
Q9C7F7	LTPG1	MEM	0.6300	0.01878	SOL log2fc=0.770 adj_p=0.184
Q9C7N4	At1g29670	MEM	1.0400	0.0175	SOL log2fc=-0.030 adj_p=0.523
Q9C7N5	At1g29660	SOL	0.3600	0.479	MEM log2fc=0.000 adj_p=0.981
Q9C7V7	At1g64330	MEM	-0.2600	0.08304	SOL log2fc=-0.080 adj_p=0.273
Q9C7X5	NAS4	MEM	-0.3300	0.09387	SOL log2fc=-0.570 adj_p=0.277
Q9C829	NUP50A	MEM	-1.1500	0.00366	SOL log2fc=-0.100 adj_p=0.977
Q9C865	SH3P1	SOL	-0.2400	0.08105	MEM log2fc=0.180 adj_p=0.396
Q9C891	DIR20	MEM	-0.4000	0.3143	SOL log2fc=-0.090 adj_p=0.392
Q9C8D8	At1g66070	MEM	1.1500	0.008367	SOL log2fc=0.330 adj_p=0.0805
Q9C8E6	PMI1	SOL	-0.1500	0.04026	MEM log2fc=-0.180 adj_p=0.0787
Q9C8F1	At1g36730	MEM	0.4000	0.0325	SOL log2fc=-0.500 adj_p=0.151
Q9C8G5	ERD4	MEM	0.3200	0.0304	SOL log2fc=-0.850 adj_p=0.111
Q9C8L4	GLY3	SOL	0.5400	0.06594	MEM log2fc=0.180 adj_p=0.246
Q9C8P0	EMB3003	MEM	1.6200	0.005778	SOL log2fc=0.250 adj_p=0.102
Q9C8W7	At1g71950	SOL	0.6300	0.07642	MEM log2fc=-0.400 adj_p=0.113
Q9C8X4	At1g36390	MEM	-0.2000	0.5263	SOL log2fc=0.020 adj_p=0.78
Q9C8Y9	BGLU22	SOL	-0.3400	0.09851	MEM log2fc=0.550 adj_p=0.333
Q9C909	RBG5	MEM	-0.5800	0.07176	SOL log2fc=-0.110 adj_p=0.315
Q9C952	CPSF73-I	MEM	-0.9200	0.02516	SOL log2fc=-0.270 adj_p=0.192
Q9C958	SRK2B	MEM	0.1700	0.04989	SOL log2fc=0.100 adj_p=0.408
Q9C969	ISS1	SOL	-0.3600	0.2285	MEM log2fc=0.010 adj_p=0.935
Q9C977	At1g80270	MEM	-0.3700	0.02269	SOL log2fc=-0.260 adj_p=0.158
Q9C9C4	ENO1	MEM	0.1800	0.2415	SOL log2fc=0.360 adj_p=0.418
Q9C9C5	RPL6C	SOL	0.3900	0.1579	MEM log2fc=-0.010 adj_p=0.998
Q9C9C9	SOT18	MEM	-1.2100	0.004144	SOL log2fc=-1.030 adj_p=0.0367
Q9C9D0	SOT16	MEM	0.5100	0.02813	SOL log2fc=-0.270 adj_p=0.057
Q9C9G5	At1g68300	MEM	0.2700	0.04754	SOL log2fc=0.280 adj_p=0.0839
Q9C9I7	PSB33	SOL	-1.1000	0.1108	MEM log2fc=-0.430 adj_p=0.127
Q9C9K3	PFP-ALPHA2	MEM	0.2800	0.06634	SOL log2fc=-0.060 adj_p=0.351
Q9C9M1	AR401	MEM	0.2500	0.2362	SOL log2fc=-0.010 adj_p=0.783
Q9C9P3	F9E10.24	MEM	-0.6700	0.03608	SOL log2fc=0.030 adj_p=0.795
Q9C9P4	KAS2	SOL	0.0100	0.7935	MEM log2fc=-0.020 adj_p=0.91
Q9C9W5	HPR	SOL	-0.3100	0.2621	MEM log2fc=-0.110 adj_p=0.843
Q9CA59	NRP1	MEM	0.5100	0.1424	SOL log2fc=-0.180 adj_p=0.493
Q9CA67	CHLP	MEM	-0.6300	0.04297	SOL log2fc=-0.250 adj_p=0.0911
Q9CA83	NADP-ME4	MEM	1.0600	0.0254	SOL log2fc=0.400 adj_p=0.272
Q9CA90	HPR2	MEM	0.1400	0.2305	SOL log2fc=-0.080 adj_p=0.483
Q9CAD1	At1g63660	MEM	0.0600	0.2546	SOL log2fc=-0.050 adj_p=0.419
Q9CAF5	ABCI6	MEM	-0.0200	0.8114	SOL log2fc=0.110 adj_p=0.872
Q9CAF6	GYRA	MEM	0.0600	0.3501	SOL log2fc=-0.020 adj_p=0.754
Q9CAI3	CAD1	MEM	0.4400	0.03344	SOL log2fc=0.360 adj_p=0.241
Q9CAT7	At1g73230	SOL	0.1500	0.3949	MEM log2fc=0.110 adj_p=0.627
Q9CAV0	RPS3AA	SOL	0.4900	0.04047	MEM log2fc=-0.050 adj_p=0.364
Q9CAX6	RPS14B	MEM	0.5100	0.0638	SOL log2fc=0.160 adj_p=0.374
Q9FE06	EXL2	SOL	0.6900	0.04316	MEM log2fc=0.690 adj_p=0.0522
Q9FE18	At1g26550	MEM	0.9100	0.01409	SOL log2fc=-0.030 adj_p=0.957
Q9FE29	At4g15610	MEM	1.2600	0.01483	SOL log2fc=1.550 adj_p=0.0234
Q9FE58	RPL22C	MEM	0.5400	0.00897	SOL log2fc=0.090 adj_p=0.362
Q9FE63	PRF3	MEM	-0.1200	0.3132	SOL log2fc=-0.090 adj_p=0.916
Q9FE65	RPL34B	MEM	1.4500	0.01842	SOL log2fc=-0.100 adj_p=0.27
Q9FE78	EIF2A	SOL	-0.2800	0.3214	MEM log2fc=0.080 adj_p=0.545
Q9FEA2	OVA3	MEM	-0.1900	0.02777	SOL log2fc=-0.090 adj_p=0.725
Q9FEB5	DSP4	MEM	-0.8900	0.006758	SOL log2fc=-0.010 adj_p=0.688
Q9FF52	RPL12C	MEM	2.6900	0.005481	SOL log2fc=-0.190 adj_p=0.0889
Q9FF55	PDIL1-4	MEM	0.3000	0.02667	SOL log2fc=0.100 adj_p=0.529
Q9FF90	RPL13D	MEM	-0.0500	0.3674	SOL log2fc=-0.010 adj_p=0.598
Q9FF97	MRO11.13	SOL	0.4500	0.1274	MEM log2fc=0.130 adj_p=0.408
Q9FF98	ML3	SOL	1.0200	0.05325	MEM log2fc=0.470 adj_p=0.165
Q9FFC0	At5g22880	MEM	0.2500	0.04488	SOL log2fc=0.380 adj_p=0.101
Q9FFC7	EMB86	MEM	-0.1900	0.01485	SOL log2fc=-0.230 adj_p=0.0169
Q9FFD2	RGP5	SOL	0.4800	0.2754	MEM log2fc=-0.180 adj_p=0.522
Q9FFE6	AAE5	SOL	0.2100	0.116	MEM log2fc=0.150 adj_p=0.122
Q9FFH6	FLA13	MEM	-0.6500	0.00972	SOL log2fc=-0.050 adj_p=0.596
Q9FFJ2	ENH1	SOL	-0.3900	0.2974	MEM log2fc=-0.010 adj_p=0.913
Q9FFP6	MBK5.16	MEM	0.5700	0.02346	SOL log2fc=-0.160 adj_p=0.0657
Q9FFQ0	TOL5	SOL	0.2100	0.127	MEM log2fc=0.320 adj_p=0.131
Q9FFR3	PGD3	MEM	0.2700	0.1435	SOL log2fc=0.040 adj_p=0.783
Q9FFS8	RPS10B	SOL	-0.0600	0.2213	MEM log2fc=-0.060 adj_p=0.538
Q9FFT4	PDC2	MEM	0.6900	0.04288	SOL log2fc=-0.780 adj_p=0.127
Q9FFV2	MBG8.1	MEM	-0.2600	0.01081	SOL log2fc=-0.210 adj_p=0.19
Q9FFV8	MBB18.19	MEM	0.4900	0.05685	SOL log2fc=-0.190 adj_p=0.268
Q9FFW8	TSBtype2	SOL	0.6900	0.04535	MEM log2fc=0.200 adj_p=0.196
Q9FFW9	MBB18.5	MEM	0.5600	0.03741	SOL log2fc=-0.590 adj_p=0.0843
Q9FG01	ATO	MEM	-0.3200	0.02319	SOL log2fc=-0.480 adj_p=0.0321
Q9FG37	GCP3	MEM	-0.4500	0.04475	SOL log2fc=-0.430 adj_p=0.134
Q9FG38	SNX1	MEM	-0.2700	0.05195	SOL log2fc=-0.080 adj_p=0.119
Q9FG54	MDK4.20	MEM	1.3700	0.01581	SOL log2fc=2.020 adj_p=0.0632
Q9FG81	MQD19.19	MEM	0.2800	0.03482	SOL log2fc=0.110 adj_p=0.207
Q9FGC7	ZEP	MEM	-0.3100	0.01615	SOL log2fc=-0.490 adj_p=0.0369
Q9FGF4	MSJ1.26	MEM	-0.1700	0.007987	SOL log2fc=-0.300 adj_p=0.342
Q9FGH3	MQJ2.6	MEM	0.2400	0.4811	SOL log2fc=-0.110 adj_p=0.652
Q9FGS0	CP31B	MEM	1.8800	0.01296	SOL log2fc=-0.150 adj_p=0.139
Q9FGT3	At5g58110	MEM	0.1800	0.05843	SOL log2fc=-0.090 adj_p=0.504
Q9FGT8	TIL	MEM	-0.2600	0.07649	SOL log2fc=0.420 adj_p=0.317
Q9FGX1	ACLB-2	MEM	0.8800	0.003642	SOL log2fc=0.190 adj_p=0.0865
Q9FGY1	BXL1	SOL	0.1300	0.08757	MEM log2fc=0.280 adj_p=0.173
Q9FH02	FTSH5	SOL	-0.3700	0.05741	MEM log2fc=-0.350 adj_p=0.171
Q9FH05	SCPL42	SOL	-0.0400	0.1613	MEM log2fc=-0.490 adj_p=0.27
Q9FH46	At5g61970	SOL	-0.3700	0.1822	MEM log2fc=-0.020 adj_p=0.659
Q9FH82	PAE11	MEM	0.6900	0.05721	SOL log2fc=0.490 adj_p=0.152
Q9FHG2	RPL32B	MEM	-0.3200	0.2107	SOL log2fc=0.800 adj_p=0.28
Q9FHL4	FTRA1	MEM	-0.5600	0.1863	SOL log2fc=-0.090 adj_p=0.196
Q9FHW7	SKP1B	MEM	0.5800	0.07753	SOL log2fc=-0.120 adj_p=0.233
Q9FHX0	MJC20.26	MEM	-0.9400	0.00612	SOL log2fc=-0.040 adj_p=0.789
Q9FI53	FUM2	MEM	-0.6300	0.01289	SOL log2fc=-0.880 adj_p=0.0342
Q9FI56	CLPC1	MEM	-0.4100	0.009223	SOL log2fc=-0.090 adj_p=0.28
Q9FIA0	UGT76C2	MEM	-0.0100	0.8891	SOL log2fc=0.010 adj_p=0.915
Q9FID2	MXF12.90	SOL	0.2900	0.03457	MEM log2fc=-0.080 adj_p=0.575
Q9FIJ2	At5g47890	MEM	-0.3300	0.2016	SOL log2fc=-0.030 adj_p=0.951
Q9FIQ0	AGD9	MEM	1.3400	0.02602	SOL log2fc=0.370 adj_p=0.0366
Q9FIS4	MTG10.17	MEM	-0.5800	0.03889	SOL log2fc=-0.530 adj_p=0.0772
Q9FIX1	AIG2LB	SOL	0.0000	0.5055	MEM log2fc=-0.130 adj_p=0.658
Q9FIZ7	OXP1	MEM	-0.2300	0.02711	SOL log2fc=-0.010 adj_p=0.482
Q9FJ62	GDPDL4	MEM	0.7000	0.0239	SOL log2fc=0.230 adj_p=0.236
Q9FJ95	SDH	MEM	0.3000	0.07348	SOL log2fc=-0.100 adj_p=0.216
Q9FJA6	RPS3C	SOL	0.1500	0.04535	MEM log2fc=-0.100 adj_p=0.411
Q9FJD0	VPS26A	MEM	0.5600	0.01022	SOL log2fc=-0.120 adj_p=0.937
Q9FJD4	KPNB1	SOL	-0.1600	0.04247	MEM log2fc=0.190 adj_p=0.0464
Q9FJE8	At5g59870	MEM	-0.8800	0.02777	SOL log2fc=0.030 adj_p=0.728
Q9FJH0	RABA1F	SOL	0.3900	0.08038	MEM log2fc=-0.120 adj_p=0.176
Q9FJH6	ABCF1	MEM	-0.5600	0.02742	SOL log2fc=-0.230 adj_p=0.152
Q9FJI5	G6PD6	MEM	-0.0200	0.4692	SOL log2fc=0.040 adj_p=0.598
Q9FJN8	RABA4A	MEM	-0.2900	0.04486	SOL log2fc=-0.350 adj_p=0.594
Q9FJP3	RPL29	MEM	0.1900	0.1721	SOL log2fc=-0.050 adj_p=0.942
Q9FJU9	At5g56590	MEM	-0.3600	0.0135	SOL log2fc=0.070 adj_p=0.872
Q9FJX2	RPL26B	MEM	-0.3800	0.0964	SOL log2fc=0.610 adj_p=0.132
Q9FJY6	At5g66530	MEM	-0.2700	0.314	SOL log2fc=-0.070 adj_p=0.433
Q9FJZ7	At5g66420	SOL	-0.4500	0.04026	MEM log2fc=-0.400 adj_p=0.0439
Q9FK25	OMT1	MEM	0.8400	0.005861	SOL log2fc=0.230 adj_p=0.397
Q9FK35	ADK2	SOL	0.4900	0.08652	MEM log2fc=0.090 adj_p=0.353
Q9FK88	INVE	MEM	-0.2800	0.02522	SOL log2fc=-0.100 adj_p=0.128
Q9FKA3	MIJ24.8	MEM	0.1400	0.1905	SOL log2fc=-0.020 adj_p=0.701
Q9FKA5	At5g39570	MEM	-1.0100	0.05418	SOL log2fc=0.070 adj_p=0.918
Q9FKB7	At5g48790	MEM	-0.3100	0.009628	SOL log2fc=-0.390 adj_p=0.0366
Q9FKC0	RPL13AD	MEM	-0.3700	0.122	SOL log2fc=0.150 adj_p=0.199
Q9FKG3	PFK4	MEM	-0.6000	0.02095	SOL log2fc=-0.290 adj_p=0.269
Q9FKI0	FIM5	SOL	-0.2900	0.1142	MEM log2fc=-0.030 adj_p=0.5
Q9FKI4	NAA10	MEM	0.4900	0.011	SOL log2fc=-0.120 adj_p=0.261
Q9FKJ4	MUF9.16	MEM	1.5200	0.01022	SOL log2fc=2.090 adj_p=0.0758
Q9FKK7	XYLA	SOL	0.3400	0.07802	MEM log2fc=-0.030 adj_p=0.733
Q9FKU8	At5g44400	SOL	-0.4800	0.02309	MEM log2fc=-0.840 adj_p=0.0363
Q9FKV6	At5g44320	MEM	0.2900	0.04488	SOL log2fc=-0.170 adj_p=0.131
Q9FKW6	LFNR1	SOL	0.2200	0.2768	MEM log2fc=-0.120 adj_p=0.523
Q9FLC0	PER52	MEM	-0.3700	0.1884	SOL log2fc=0.060 adj_p=0.515
Q9FLF0	RPS9C	SOL	0.5300	0.02595	MEM log2fc=-0.190 adj_p=0.102
Q9FLG1	BXL4	SOL	0.7700	0.1101	MEM log2fc=0.060 adj_p=0.824
Q9FLH2	MPA24.10	MEM	0.2300	0.0135	SOL log2fc=-0.240 adj_p=0.135
Q9FLN4	RPL27	SOL	0.2300	0.3853	MEM log2fc=-0.230 adj_p=0.777
Q9FLP0	MAP65-1	MEM	0.4200	0.05506	SOL log2fc=-0.220 adj_p=0.138
Q9FLQ4	At5g55070	SOL	-0.3300	0.05281	MEM log2fc=0.000 adj_p=0.96
Q9FLT0	TSN2	MEM	0.5500	0.01222	SOL log2fc=-0.200 adj_p=0.118
Q9FLW9	PKP2	MEM	0.8800	0.03087	SOL log2fc=0.350 adj_p=0.102
Q9FLX7	At5g52840	MEM	-0.1800	0.1007	SOL log2fc=-0.150 adj_p=0.259
Q9FM01	UGD4	MEM	-0.2100	0.04866	SOL log2fc=-0.240 adj_p=0.221
Q9FM47	MNF13.1	SOL	-0.1200	0.4283	MEM log2fc=-0.100 adj_p=0.522
Q9FM54	FOLB2	SOL	0.6000	0.2553	MEM log2fc=-0.230 adj_p=0.342
Q9FM65	FLA1	MEM	1.2200	0.01234	SOL log2fc=0.140 adj_p=0.273
Q9FM96	PSL4	MEM	-0.5400	0.01046	SOL log2fc=0.070 adj_p=0.58
Q9FM97	MCD7.8	MEM	0.9400	0.01151	SOL log2fc=0.150 adj_p=0.111
Q9FMD7	At5g16590	MEM	0.5000	0.06342	SOL log2fc=-0.060 adj_p=0.107
Q9FME2	NTF2	MEM	2.1000	0.007671	SOL log2fc=0.090 adj_p=0.171
Q9FMF9	MSJ1.11	MEM	-0.2200	0.02812	SOL log2fc=-0.200 adj_p=0.0403
Q9FMG4	SC35	MEM	-1.2300	0.01242	SOL log2fc=-0.580 adj_p=0.592
Q9FMH8	RD21B	SOL	0.9500	0.01693	MEM log2fc=0.220 adj_p=0.0983
Q9FMI7	PER70	MEM	0.4600	0.004953	SOL log2fc=-0.330 adj_p=0.14
Q9FMM3	EXA1	SOL	-0.3300	0.04535	MEM log2fc=0.450 adj_p=0.0852
Q9FMN4	At5g42850	MEM	0.6200	0.02953	SOL log2fc=0.030 adj_p=0.524
Q9FMR9	RIN1	SOL	-0.3900	0.0782	MEM log2fc=0.190 adj_p=0.2
Q9FMT1	IMDH1	MEM	-2.3300	0.01022	SOL log2fc=-2.000 adj_p=0.0641
Q9FMU6	MPT3	MEM	-0.4200	0.007921	SOL log2fc=-0.900 adj_p=0.219
Q9FMV5	NFYC4	MEM	-0.4400	0.0295	SOL log2fc=-0.510 adj_p=0.158
Q9FN03	UVR8	MEM	-0.5100	0.1514	SOL log2fc=0.290 adj_p=0.252
Q9FN08	BGAL10	MEM	0.3200	0.1517	SOL log2fc=0.370 adj_p=0.153
Q9FN89	RIBA3	MEM	-0.3300	0.02982	SOL log2fc=-0.190 adj_p=0.18
Q9FNA0	DJC73	MEM	-0.2500	0.03697	SOL log2fc=-0.320 adj_p=0.0914
Q9FNB0	CHLH	MEM	-0.1400	0.007794	SOL log2fc=0.090 adj_p=0.828
Q9FND9	RFS5	SOL	-0.3200	0.2478	MEM log2fc=-0.050 adj_p=0.697
Q9FNF2	SS1	MEM	-0.4900	0.1715	SOL log2fc=-0.140 adj_p=0.594
Q9FNF6	MOP9.8	MEM	0.5000	0.05998	SOL log2fc=0.050 adj_p=0.648
Q9FNH6	NHL3	MEM	0.7900	0.01022	SOL log2fc=0.330 adj_p=0.115
Q9FNK4	DELTA-OAT	MEM	0.1900	0.07426	SOL log2fc=0.150 adj_p=0.438
Q9FNN1	MAH20.13	MEM	0.0500	0.5321	SOL log2fc=0.080 adj_p=0.757
Q9FNN2	WDR26	MEM	0.3700	0.05567	SOL log2fc=-0.430 adj_p=0.249
Q9FNN5	At5g08530	MEM	0.3100	0.02688	SOL log2fc=0.070 adj_p=0.213
Q9FNX5	DRP1E	SOL	-0.5300	0.03974	MEM log2fc=0.500 adj_p=0.0662
Q9FPF0	DJ1A	MEM	0.5800	0.07486	SOL log2fc=0.320 adj_p=0.077
Q9FPH3	THA2	MEM	0.1500	0.08345	SOL log2fc=-0.100 adj_p=0.161
Q9FPT1	UBP12	SOL	-0.1200	0.8691	MEM log2fc=-0.020 adj_p=0.937
Q9FR44	NMT1	SOL	0.5500	0.1459	MEM log2fc=0.100 adj_p=0.27
Q9FRL8	DHAR2	MEM	0.3400	0.02321	SOL log2fc=0.120 adj_p=0.323
Q9FT52	At3g52300	SOL	0.4300	0.09154	MEM log2fc=-0.140 adj_p=0.139
Q9FUP0	OPR3	SOL	-0.7700	0.0234	MEM log2fc=-0.610 adj_p=0.0995
Q9FUS6	GSTU13	MEM	-0.5900	0.03118	SOL log2fc=-0.260 adj_p=0.103
Q9FUS8	GSTU17	MEM	0.7800	0.004436	SOL log2fc=-0.570 adj_p=0.0638
Q9FUS9	GSTU18	MEM	-0.6100	0.01361	SOL log2fc=-0.860 adj_p=0.141
Q9FUZ2	PDF1B	MEM	-0.9500	0.02399	SOL log2fc=0.030 adj_p=0.951
Q9FV52	MAP1B	SOL	0.1100	0.2032	MEM log2fc=-0.030 adj_p=0.88
Q9FV53	PDF1A	SOL	-0.2200	0.1234	MEM log2fc=-0.270 adj_p=0.222
Q9FV81	GATB	SOL	-0.2500	0.04888	MEM log2fc=0.010 adj_p=0.552
Q9FVP6	F27K7.11	SOL	-0.2300	0.1058	MEM log2fc=-0.030 adj_p=0.665
Q9FVQ1	NUCL1	MEM	-0.5000	0.01655	SOL log2fc=0.180 adj_p=0.712
Q9FVR6	At1g32220	MEM	-0.5800	0.004283	SOL log2fc=-0.420 adj_p=0.0429
Q9FVR9	At1g57770	MEM	0.2000	0.0265	SOL log2fc=-0.340 adj_p=0.0397
Q9FVT2	At1g57720	MEM	0.9700	0.009642	SOL log2fc=-0.270 adj_p=0.111
Q9FW48	At1g33600	MEM	-0.3400	0.08764	SOL log2fc=-0.170 adj_p=0.167
Q9FWA3	PGD2	SOL	-0.0500	0.1598	MEM log2fc=0.070 adj_p=0.762
Q9FWR4	DHAR1	MEM	0.6100	0.1195	SOL log2fc=0.020 adj_p=0.826
Q9FWS4	RPL31	MEM	0.7500	0.1271	SOL log2fc=0.120 adj_p=0.258
Q9FX94	CXE5	MEM	0.1100	0.08478	SOL log2fc=0.430 adj_p=0.31
Q9FXA1	At1g49750	MEM	-1.2300	0.003387	SOL log2fc=-0.600 adj_p=0.0392
Q9FXA2	PAB8	MEM	0.6600	0.02499	SOL log2fc=-0.450 adj_p=0.0372
Q9FXB0	SMALLER	MEM	-0.3100	0.02952	SOL log2fc=0.270 adj_p=0.042
Q9FXD4	At1g67680	MEM	0.2800	0.03387	SOL log2fc=-0.290 adj_p=0.0885
Q9FXI5	IQD32	MEM	0.8400	0.02777	SOL log2fc=-0.290 adj_p=0.0991
Q9FY49	LKHA4	MEM	-0.2100	0.05514	SOL log2fc=-0.010 adj_p=0.424
Q9FY50	RPL10	MEM	1.4200	0.0109	SOL log2fc=-0.010 adj_p=0.615
Q9FY61	TRS120	MEM	-0.4900	0.03878	SOL log2fc=-0.580 adj_p=0.0734
Q9FY71	EXL4	MEM	1.1800	0.01585	SOL log2fc=0.550 adj_p=0.17
Q9FYA6	BCAT5	SOL	-0.1700	0.07868	MEM log2fc=-0.210 adj_p=0.52
Q9FYC4	FAMT	SOL	-0.2300	0.3292	MEM log2fc=0.060 adj_p=0.374
Q9FYR6	OVA6	MEM	0.3100	0.107	SOL log2fc=0.100 adj_p=0.424
Q9FZ47	ACR11	MEM	-0.4500	0.2148	SOL log2fc=0.050 adj_p=0.431
Q9FZ76	RPL6A	MEM	0.3300	0.1801	SOL log2fc=0.370 adj_p=0.197
Q9FZ87	GH3.17	MEM	0.8100	0.01022	SOL log2fc=0.430 adj_p=0.0471
Q9FZA2	AGP31	MEM	0.4700	0.03066	SOL log2fc=0.110 adj_p=0.327
Q9FZC4	FOX1	MEM	-1.5900	0.01498	SOL log2fc=-0.060 adj_p=0.664
Q9FZC5	FOX2	MEM	0.4300	0.01099	SOL log2fc=1.260 adj_p=0.0456
Q9LD43	CAC3	MEM	0.2400	0.01103	SOL log2fc=0.090 adj_p=0.301
Q9LD55	TIF3A1	MEM	0.5400	0.04067	SOL log2fc=-0.300 adj_p=0.0466
Q9LD57	PGK1	SOL	-0.1900	0.5595	MEM log2fc=-0.020 adj_p=0.753
Q9LD90	CBF5	MEM	0.1300	0.1169	SOL log2fc=0.050 adj_p=0.848
Q9LDA7	At3g15260	MEM	0.8100	0.005861	SOL log2fc=0.180 adj_p=0.518
Q9LDD8	MCCB	SOL	0.4000	0.04604	MEM log2fc=0.360 adj_p=0.0607
Q9LDI9	F23O10.17	MEM	-0.1600	0.07274	SOL log2fc=-0.390 adj_p=0.118
Q9LDN9	PER37	MEM	-1.9000	0.01082	SOL log2fc=-1.550 adj_p=0.258
Q9LDV4	ALAAT2	SOL	-0.1200	0.3221	MEM log2fc=0.110 adj_p=0.469
Q9LDY5	FKBP17-2	MEM	-1.0500	0.01445	SOL log2fc=0.030 adj_p=0.295
Q9LDZ0	HSP70-10	SOL	0.0400	0.5332	MEM log2fc=-0.010 adj_p=0.934
Q9LE06	BCAT4	MEM	-3.3600	0.00699	SOL log2fc=-3.290 adj_p=0.0454
Q9LE22	CML27	SOL	0.5500	0.03457	MEM log2fc=0.280 adj_p=0.173
Q9LE82	RANGAP1	MEM	-0.4200	0.03647	SOL log2fc=0.000 adj_p=0.593
Q9LEQ9	At5g14790	MEM	1.2500	0.01387	SOL log2fc=-0.470 adj_p=0.0466
Q9LER7	PSRP5	MEM	1.2400	0.02616	SOL log2fc=1.000 adj_p=0.156
Q9LEU8	At5g10920	MEM	0.4200	0.08409	SOL log2fc=-0.040 adj_p=0.269
Q9LEV3	CBSX3	SOL	0.1800	0.06538	MEM log2fc=0.030 adj_p=0.8
Q9LEX1	CLB	SOL	-0.1300	0.5543	MEM log2fc=0.030 adj_p=0.739
Q9LEY9	At5g08180	MEM	-0.0400	0.6083	SOL log2fc=0.100 adj_p=0.701
Q9LF33	UGD3	MEM	0.2100	0.1342	SOL log2fc=-0.010 adj_p=0.579
Q9LF37	CLPB3	SOL	-0.0500	0.2876	MEM log2fc=-0.140 adj_p=0.592
Q9LF41	PUB1	SOL	-0.3500	0.04773	MEM log2fc=-0.160 adj_p=0.0824
Q9LF46	HACL	SOL	0.2400	0.06632	MEM log2fc=0.080 adj_p=0.171
Q9LF98	FBA8	MEM	0.7600	0.02642	SOL log2fc=0.280 adj_p=0.111
Q9LF99	F8J2_90	MEM	1.1100	0.01485	SOL log2fc=0.000 adj_p=0.838
Q9LFA3	MDAR1	MEM	0.3600	0.04108	SOL log2fc=0.000 adj_p=0.614
Q9LFD5	BPA1	MEM	0.7600	0.009761	SOL log2fc=0.070 adj_p=0.398
Q9LFE4	At5g16730	MEM	0.6600	0.01666	SOL log2fc=-0.210 adj_p=0.256
Q9LFG2	DAPF	SOL	-0.0400	0.3057	MEM log2fc=-0.130 adj_p=0.562
Q9LFG3	F4P12_260	MEM	0.1900	0.02629	SOL log2fc=-0.320 adj_p=0.0915
Q9LFM4	At5g11330	MEM	-0.4800	0.03182	SOL log2fc=-0.340 adj_p=0.0528
Q9LFX8	At1g27090	SOL	-0.1200	0.2391	MEM log2fc=-0.030 adj_p=0.917
Q9LHA6	At3g28220	SOL	-0.9700	0.03567	MEM log2fc=-0.650 adj_p=0.0371
Q9LHA7	PER31	MEM	1.1000	0.007759	SOL log2fc=0.980 adj_p=0.0454
Q9LHA8	HSP70-4	MEM	0.6600	0.0122	SOL log2fc=0.510 adj_p=0.0284
Q9LHB9	PER32	MEM	0.6900	0.07058	SOL log2fc=1.400 adj_p=0.111
Q9LHD9	At3g28270	MEM	-0.9600	0.01067	SOL log2fc=-0.590 adj_p=0.0533
Q9LHE7	FYPP3	MEM	0.8500	0.03823	SOL log2fc=0.200 adj_p=0.238
Q9LHG9	At3g12390	MEM	1.7400	0.005821	SOL log2fc=0.460 adj_p=0.0419
Q9LHH7	FOLD2	MEM	0.2300	0.06509	SOL log2fc=-0.030 adj_p=0.718
Q9LHL7	T21B14.13	MEM	0.6100	0.04614	SOL log2fc=-0.150 adj_p=0.104
Q9LHP1	RPL7D	MEM	-0.3300	0.007688	SOL log2fc=0.300 adj_p=0.134
Q9LHQ5	At3g20670	MEM	0.4100	0.04011	SOL log2fc=0.070 adj_p=0.88
Q9LHS5	At5g06110	SOL	-0.3700	0.05073	MEM log2fc=-0.510 adj_p=0.0558
Q9LHT0	At5g06060	SOL	-0.0900	0.2246	MEM log2fc=-0.060 adj_p=0.941
Q9LI77	GATA	MEM	0.1100	0.06027	SOL log2fc=-0.320 adj_p=0.0613
Q9LI88	GHS1	MEM	-0.3900	0.03972	SOL log2fc=0.030 adj_p=0.719
Q9LIB2	PHS1	SOL	-0.1800	0.1638	MEM log2fc=-0.250 adj_p=0.205
Q9LIF8	JAL36	MEM	1.6300	0.007794	SOL log2fc=3.320 adj_p=0.0366
Q9LIF9	BGLU19	MEM	3.5700	0.005028	SOL log2fc=3.400 adj_p=0.018
Q9LIK0	PKP1	MEM	-0.4500	0.04912	SOL log2fc=0.140 adj_p=0.412
Q9LIK9	APS1	MEM	-1.0900	0.003642	SOL log2fc=-0.670 adj_p=0.0367
Q9LIN0	At3g26450	SOL	-0.3100	0.09509	MEM log2fc=-0.090 adj_p=0.643
Q9LIN3	RZ1A	MEM	-0.4700	0.01049	SOL log2fc=-0.050 adj_p=0.337
Q9LIN5	EIF4B1	SOL	0.5900	0.02112	MEM log2fc=0.320 adj_p=0.0324
Q9LIP2	PBE2	MEM	-0.3600	0.02629	SOL log2fc=0.050 adj_p=0.312
Q9LIR4	DHAD	SOL	0.4700	0.02501	MEM log2fc=0.620 adj_p=0.11
Q9LJ94	At3g22520	MEM	-0.9900	0.005377	SOL log2fc=-0.410 adj_p=0.125
Q9LJ98	At3g22480	SOL	0.4700	0.09613	MEM log2fc=-0.260 adj_p=0.12
Q9LJE4	CPN60B2	SOL	-0.1200	0.2208	MEM log2fc=-0.330 adj_p=0.417
Q9LJG3	ESM1	MEM	-1.3600	0.007237	SOL log2fc=-1.930 adj_p=0.0268
Q9LJI5	VHA-d1	SOL	-0.4000	0.2381	MEM log2fc=-0.110 adj_p=0.415
Q9LJL3	PREP1	SOL	-0.2300	0.05695	MEM log2fc=-0.070 adj_p=0.75
Q9LJP2	At3g14220	MEM	1.3000	0.02337	SOL log2fc=0.740 adj_p=0.0915
Q9LJR2	LEC	MEM	-1.4700	0.01612	SOL log2fc=-1.030 adj_p=0.0912
Q9LJV8	At3g29075	MEM	-0.6700	0.005429	SOL log2fc=-1.010 adj_p=0.0896
Q9LJW6	RPL34C	MEM	0.9800	0.0205	SOL log2fc=-0.530 adj_p=0.118
Q9LK23	G6PD5	MEM	0.0500	0.7624	SOL log2fc=-0.020 adj_p=0.891
Q9LK36	SAHH2	MEM	-0.1000	0.09309	SOL log2fc=-0.110 adj_p=0.232
Q9LK47	At3g23700	MEM	-0.3600	0.1709	SOL log2fc=-0.050 adj_p=0.461
Q9LK57	At3g13160	SOL	-0.5500	0.09456	MEM log2fc=-0.150 adj_p=0.201
Q9LK61	RPS10	MEM	-0.5700	0.02094	SOL log2fc=0.180 adj_p=0.429
Q9LK72	At3g16530	MEM	-2.1700	0.009803	SOL log2fc=-1.660 adj_p=0.1
Q9LK73	UGT88A1	MEM	0.2300	0.02608	SOL log2fc=-0.190 adj_p=0.326
Q9LKA5	MORF8	MEM	-0.4500	0.01264	SOL log2fc=-0.240 adj_p=0.0727
Q9LKR3	BIP1	MEM	-0.2400	0.03344	SOL log2fc=-0.500 adj_p=0.0524
Q9LKR8	RAF1.1	SOL	-0.2800	0.08038	MEM log2fc=-0.020 adj_p=0.552
Q9LM33	MPK8	MEM	-0.5700	0.03865	SOL log2fc=-0.300 adj_p=0.193
Q9LM71	FKBP18	SOL	0.2600	0.312	MEM log2fc=0.040 adj_p=0.703
Q9LM78	At1g20760	SOL	-0.8600	0.1107	MEM log2fc=-0.080 adj_p=0.593
Q9LME4	At1g22280	MEM	1.1700	0.006037	SOL log2fc=-0.540 adj_p=0.137
Q9LMG7	PAP2	MEM	-1.0200	0.0349	SOL log2fc=0.140 adj_p=0.569
Q9LMI0	TPS7	SOL	-0.2700	0.07483	MEM log2fc=-0.040 adj_p=0.684
Q9LMJ7	At1g07040	MEM	0.2100	0.1078	SOL log2fc=0.060 adj_p=0.194
Q9LMK7	RANBP1A	MEM	0.7900	0.002757	SOL log2fc=0.170 adj_p=0.22
Q9LMR1	At1g15730	MEM	0.9200	0.03908	SOL log2fc=-0.080 adj_p=0.392
Q9LMR3	TYRAAT2	SOL	-0.3300	0.04134	MEM log2fc=0.260 adj_p=0.126
Q9LMU2	KTI5	MEM	0.4900	0.04307	SOL log2fc=1.040 adj_p=0.135
Q9LMX6	At1g13730	MEM	0.1700	0.07031	SOL log2fc=-0.200 adj_p=0.102
Q9LNB6	HOP1	MEM	0.3400	0.007044	SOL log2fc=0.140 adj_p=0.0342
Q9LNC5	CLO	MEM	-0.3600	0.0331	SOL log2fc=-0.390 adj_p=0.118
Q9LNC6	TOL2	MEM	-0.6900	0.009461	SOL log2fc=-0.160 adj_p=0.0662
Q9LNE6	UGT89C1	MEM	-0.4700	0.02396	SOL log2fc=-0.200 adj_p=0.204
Q9LNJ3	APF2	SOL	0.2000	0.1209	MEM log2fc=0.010 adj_p=0.763
Q9LNU4	RPN3A	MEM	0.2400	0.0888	SOL log2fc=-0.280 adj_p=0.121
Q9LP45	RPN6	MEM	0.3400	0.02911	SOL log2fc=-0.220 adj_p=0.232
Q9LP53	At1g29250	MEM	0.9400	0.004122	SOL log2fc=0.020 adj_p=0.686
Q9LPC5	BIG3	MEM	-0.9300	0.01491	SOL log2fc=-0.710 adj_p=0.081
Q9LPE9	At1g44820	MEM	0.6600	0.01232	SOL log2fc=0.090 adj_p=0.19
Q9LPG6	RHM2	SOL	-0.3500	0.06892	MEM log2fc=-0.100 adj_p=0.396
Q9LPL6	TOL3	MEM	0.9500	0.04379	SOL log2fc=0.010 adj_p=0.803
Q9LPR4	IPMS1	MEM	-0.0300	0.8267	SOL log2fc=0.080 adj_p=0.947
Q9LPT6	OTU2	MEM	-0.7200	0.005778	SOL log2fc=-0.350 adj_p=0.0635
Q9LPU8	IGMT4	MEM	0.6400	0.03063	SOL log2fc=-0.670 adj_p=0.0454
Q9LQ04	NRS/ER	SOL	0.0600	0.7248	MEM log2fc=0.060 adj_p=0.802
Q9LQ31	JAL4	MEM	0.7900	0.003642	SOL log2fc=0.400 adj_p=0.169
Q9LQ55	DRP2B	SOL	-0.3100	0.04822	MEM log2fc=0.180 adj_p=0.21
Q9LQ96	At1g01630	SOL	-0.4200	0.07642	MEM log2fc=0.090 adj_p=0.7
Q9LQF2	CINV1	MEM	0.5300	0.01585	SOL log2fc=0.150 adj_p=0.156
Q9LQI9	UBP1B	SOL	-0.5200	0.1413	MEM log2fc=0.060 adj_p=0.937
Q9LQK0	DRG1	SOL	-0.2800	0.01887	MEM log2fc=-0.140 adj_p=0.12
Q9LQK7	ABCI7	MEM	-0.5700	0.0239	SOL log2fc=0.120 adj_p=0.783
Q9LQL0	GDH3	SOL	0.2700	0.202	MEM log2fc=-0.210 adj_p=0.834
Q9LQQ3	At1g07750	SOL	0.3600	0.03665	MEM log2fc=-0.120 adj_p=0.887
Q9LQQ4	At1g07790	MEM	-0.6900	0.008373	SOL log2fc=0.120 adj_p=0.247
Q9LQR8	RPN3B	MEM	-0.1600	0.1677	SOL log2fc=-0.020 adj_p=0.636
Q9LQU7	MAP70.4	MEM	-0.8400	0.04108	SOL log2fc=-0.180 adj_p=0.148
Q9LR30	GGAT1	SOL	-0.3500	0.03228	MEM log2fc=0.200 adj_p=0.0993
Q9LR64	PSB27-1	MEM	-0.7000	0.05799	SOL log2fc=-0.230 adj_p=0.854
Q9LR75	CPX1	SOL	-0.1600	0.1135	MEM log2fc=-0.130 adj_p=0.243
Q9LRJ9	CRRSP38	SOL	0.5500	0.06575	MEM log2fc=-0.260 adj_p=0.312
Q9LRR9	GLO1	SOL	-0.3700	0.1353	MEM log2fc=-0.230 adj_p=0.249
Q9LRS0	GLO2	SOL	-0.3000	0.05702	MEM log2fc=-0.100 adj_p=0.348
Q9LRX8	RPL13AB	MEM	-0.4100	0.02151	SOL log2fc=0.450 adj_p=0.0602
Q9LRZ0	TPR2	MEM	0.6100	0.03182	SOL log2fc=-1.220 adj_p=0.0474
Q9LS02	AOC2	MEM	-0.6600	0.0265	SOL log2fc=-0.420 adj_p=0.598
Q9LS03	AOC1	MEM	-1.3700	0.01223	SOL log2fc=-0.690 adj_p=0.21
Q9LS25	At5g46580	MEM	0.5600	0.0156	SOL log2fc=-0.680 adj_p=0.0644
Q9LS40	ASPG1	MEM	0.9100	0.01947	SOL log2fc=0.280 adj_p=0.0991
Q9LS51	EMB1865	MEM	-0.4000	0.007123	SOL log2fc=-0.190 adj_p=0.0888
Q9LS94	RABG3F	MEM	0.2300	0.188	SOL log2fc=0.150 adj_p=0.197
Q9LSA3	RPL30C	MEM	1.4000	0.009043	SOL log2fc=-0.180 adj_p=0.881
Q9LSB4	NAI2	MEM	0.8000	0.03865	SOL log2fc=1.020 adj_p=0.0688
Q9LSP5	At3g17020	MEM	0.2400	0.03398	SOL log2fc=-0.280 adj_p=0.125
Q9LSQ5	FQR1	MEM	0.2800	0.03221	SOL log2fc=0.100 adj_p=0.263
Q9LSV0	GLYR1	MEM	0.3800	0.0439	SOL log2fc=-0.120 adj_p=0.0979
Q9LSY7	PER30	SOL	0.4000	0.148	MEM log2fc=-0.110 adj_p=0.739
Q9LSY9	UGT71B1	MEM	-0.3900	0.09976	SOL log2fc=-0.250 adj_p=0.129
Q9LT08	RPN11	MEM	0.1700	0.06853	SOL log2fc=-0.110 adj_p=0.372
Q9LT39	At3g20820	MEM	-0.2900	0.09901	SOL log2fc=0.070 adj_p=0.135
Q9LT69	PGDH3	MEM	0.4400	0.0246	SOL log2fc=-0.290 adj_p=0.0651
Q9LT75	PTEN2A	SOL	-0.4300	0.1277	MEM log2fc=0.130 adj_p=0.497
Q9LTB2	MMT1	MEM	-0.1500	0.1512	SOL log2fc=-0.070 adj_p=0.942
Q9LTF2	RPS10C	MEM	0.3200	0.102	SOL log2fc=0.070 adj_p=0.371
Q9LTR9	NMT1	MEM	0.0600	0.5055	SOL log2fc=0.100 adj_p=0.698
Q9LTV6	At3g12800	MEM	-0.5500	0.1552	SOL log2fc=0.150 adj_p=0.264
Q9LTW8	T2E22.2	MEM	0.0100	0.3011	SOL log2fc=-0.050 adj_p=0.419
Q9LTX7	emb1441	SOL	-0.6000	0.117	MEM log2fc=0.130 adj_p=0.474
Q9LTX9	HSP70-7	MEM	0.4100	0.03008	SOL log2fc=-0.310 adj_p=0.0308
Q9LU05	PCAP2	MEM	1.9000	0.003642	SOL log2fc=1.470 adj_p=0.0261
Q9LU14	APG	MEM	-1.0200	0.02258	SOL log2fc=0.930 adj_p=0.137
Q9LU74	MUL3.6	MEM	-0.4000	0.007921	SOL log2fc=-0.140 adj_p=0.273
Q9LU85	PAP4	MEM	-0.8400	0.01609	SOL log2fc=-0.360 adj_p=0.667
Q9LU86	PRXQ	SOL	0.0700	0.1355	MEM log2fc=0.640 adj_p=0.175
Q9LUB2	MIF21.11	SOL	-0.1200	0.1306	MEM log2fc=-0.200 adj_p=0.733
Q9LUD4	RPL18AC	MEM	-0.3600	0.06491	SOL log2fc=-0.180 adj_p=0.306
Q9LUL4	SRF7	SOL	-0.6200	0.03664	MEM log2fc=-0.030 adj_p=0.73
Q9LUT0	CARK1	MEM	1.0600	0.03101	SOL log2fc=-0.730 adj_p=0.068
Q9LUT2	METK4	MEM	0.4700	0.04754	SOL log2fc=0.300 adj_p=0.0885
Q9LUV2	HS1	SOL	0.7600	0.05294	MEM log2fc=-0.450 adj_p=0.217
Q9LUW5	RH53	MEM	-0.7800	0.02935	SOL log2fc=-0.440 adj_p=0.0783
Q9LV03	GLT1	MEM	-0.0800	0.137	SOL log2fc=0.040 adj_p=0.733
Q9LV09	BOB1	SOL	0.1900	0.2518	MEM log2fc=-0.140 adj_p=0.389
Q9LV21	CCT4	MEM	0.1100	0.04003	SOL log2fc=0.120 adj_p=0.2
Q9LV28	RACK1C	MEM	-0.1600	0.09079	SOL log2fc=-0.170 adj_p=0.141
Q9LV33	BGLU44	SOL	0.2700	0.1161	MEM log2fc=0.160 adj_p=0.508
Q9LV35	AIP1-2	MEM	0.2200	0.01361	SOL log2fc=0.110 adj_p=0.316
Q9LV60	CRRSP55	SOL	0.6700	0.07769	MEM log2fc=-0.330 adj_p=0.223
Q9LV66	At5g48480	SOL	0.3200	0.1581	MEM log2fc=0.270 adj_p=0.32
Q9LV77	ASN2	MEM	0.3000	0.01942	SOL log2fc=0.260 adj_p=0.0466
Q9LV91	DPE1	MEM	0.7800	0.03124	SOL log2fc=-0.770 adj_p=0.05
Q9LVC5	MJB24.14	SOL	-0.2100	0.09077	MEM log2fc=-0.090 adj_p=0.939
Q9LVC9	RPP3B	MEM	1.0400	0.03101	SOL log2fc=0.000 adj_p=0.955
Q9LVH6	At3g17940	MEM	-0.3100	0.007609	SOL log2fc=0.060 adj_p=0.517
Q9LVI6	RLK902	MEM	-0.2400	0.2724	SOL log2fc=0.060 adj_p=0.59
Q9LVI8	GLN1-3	SOL	-0.2000	0.07981	MEM log2fc=0.050 adj_p=0.998
Q9LVI9	PYD1	SOL	0.3300	0.09364	MEM log2fc=0.200 adj_p=0.425
Q9LVJ1	SBT1.4	SOL	0.2600	0.2381	MEM log2fc=-0.120 adj_p=0.379
Q9LVM3	EMB3143	MEM	-0.9700	0.09316	SOL log2fc=-0.370 adj_p=0.139
Q9LVT8	RGGC	SOL	0.1200	0.4933	MEM log2fc=0.040 adj_p=0.74
Q9LVW7	CARA	MEM	0.4800	0.05546	SOL log2fc=0.090 adj_p=0.515
Q9LVY1	TAT	MEM	0.0500	0.3809	SOL log2fc=0.050 adj_p=0.681
Q9LW00	MBD11	MEM	-0.8400	0.1181	SOL log2fc=0.040 adj_p=0.459
Q9LW15	COX5B-1	SOL	0.3700	0.06138	MEM log2fc=-0.280 adj_p=0.389
Q9LW17	At3g15610	SOL	-0.0900	0.305	MEM log2fc=-0.030 adj_p=0.801
Q9LW20	SKL1	SOL	-0.3000	0.04384	MEM log2fc=-0.470 adj_p=0.241
Q9LW57	PAP6	MEM	-0.9100	0.00702	SOL log2fc=-0.210 adj_p=0.533
Q9LW85	MFP1	MEM	-0.9200	0.02456	SOL log2fc=-0.220 adj_p=0.368
Q9LX13	At5g10160	SOL	0.1800	0.08105	MEM log2fc=0.080 adj_p=0.421
Q9LX65	VHA-H	MEM	-0.0300	0.301	SOL log2fc=-0.140 adj_p=0.347
Q9LX88	RPS15AD	MEM	1.3700	0.003126	SOL log2fc=0.500 adj_p=0.112
Q9LX99	KIN14A	SOL	-0.5800	0.03741	MEM log2fc=0.000 adj_p=0.662
Q9LXA8	BXL6	SOL	0.2700	0.08038	MEM log2fc=-0.250 adj_p=0.413
Q9LXC6	At5g09620	SOL	-0.5500	0.04658	MEM log2fc=-0.600 adj_p=0.0514
Q9LXC9	PPA6	MEM	0.4600	0.2821	SOL log2fc=-0.050 adj_p=0.934
Q9LXG1	RPS9B	MEM	-0.2800	0.04012	SOL log2fc=0.370 adj_p=0.124
Q9LXJ0	FTSZ2-2	MEM	-0.2900	0.01905	SOL log2fc=-0.070 adj_p=0.222
Q9LXM8	RPP2D	MEM	4.7500	0.003915	SOL log2fc=0.200 adj_p=0.373
Q9LXP4	F26G5_140	MEM	0.8400	0.03344	SOL log2fc=-0.010 adj_p=0.971
Q9LXQ2	F26G5_50	SOL	0.5100	0.2721	MEM log2fc=0.060 adj_p=0.731
Q9LXS6	CSY2	MEM	-0.2200	0.07997	SOL log2fc=-0.140 adj_p=0.132
Q9LXU4	At5g12950	MEM	0.4100	0.02759	SOL log2fc=-0.800 adj_p=0.0441
Q9LXX5	PPD6	MEM	0.6200	0.123	SOL log2fc=-0.180 adj_p=0.163
Q9LXZ4	T5P19_110	MEM	-0.2300	0.1847	SOL log2fc=0.080 adj_p=0.737
Q9LY31	F27H5_130	MEM	-0.1800	0.1924	SOL log2fc=-0.060 adj_p=0.373
Q9LY66	RPL1	MEM	0.8100	0.01769	SOL log2fc=-0.200 adj_p=0.0614
Q9LYA9	CSP41A	SOL	-0.2400	0.04197	MEM log2fc=-0.450 adj_p=0.0789
Q9LYB4	GPX5	SOL	-0.2700	0.1283	MEM log2fc=0.230 adj_p=0.212
Q9LYC7	OTU5	MEM	2.0100	0.01445	SOL log2fc=0.050 adj_p=0.572
Q9LYE7	At5g11420	SOL	0.1900	0.0782	MEM log2fc=0.790 adj_p=0.0806
Q9LYF8	At5g11720	MEM	-0.5900	0.01505	SOL log2fc=0.050 adj_p=0.614
Q9LYG3	NADP-ME2	SOL	-0.5500	0.009254	MEM log2fc=-0.440 adj_p=0.0105
Q9LYN2	FER3	MEM	2.2700	0.007086	SOL log2fc=0.010 adj_p=0.877
Q9LYR4	TRA2	SOL	0.2900	0.02715	MEM log2fc=0.060 adj_p=0.648
Q9LYR5	FKBP19	MEM	-0.6100	0.1487	SOL log2fc=0.090 adj_p=0.453
Q9LYU8	AK1	SOL	-0.3500	0.05326	MEM log2fc=0.080 adj_p=0.159
Q9LYW9	P58IPK	MEM	-0.3100	0.0345	SOL log2fc=-0.300 adj_p=0.1
Q9LZ06	GSTL3	SOL	-0.1600	0.08434	MEM log2fc=-0.420 adj_p=0.12
Q9LZ23	ACR12	SOL	0.1600	0.219	MEM log2fc=0.020 adj_p=0.843
Q9LZ41	RPL35D	MEM	-0.6400	0.02585	SOL log2fc=0.650 adj_p=0.0885
Q9LZ46	At5g02560	MEM	-0.2800	0.01817	SOL log2fc=-0.510 adj_p=0.269
Q9LZ57	RPL36C	SOL	0.7100	0.04535	MEM log2fc=-0.010 adj_p=0.541
Q9LZ66	SIR	SOL	0.1900	0.06138	MEM log2fc=-0.230 adj_p=0.314
Q9LZ82	BTR1	MEM	0.7300	0.01621	SOL log2fc=0.030 adj_p=0.774
Q9LZ83	T32M21_20	SOL	-0.2500	0.1714	MEM log2fc=-0.110 adj_p=0.264
Q9LZD4	RABE1D	MEM	0.3200	0.04637	SOL log2fc=-0.230 adj_p=0.832
Q9LZE4	At5g03430	MEM	0.7100	0.02105	SOL log2fc=-0.120 adj_p=0.139
Q9LZF6	CDC48E	MEM	0.4400	0.119	SOL log2fc=-0.160 adj_p=0.686
Q9LZG0	ADK2	MEM	-0.4400	0.03697	SOL log2fc=-0.080 adj_p=0.803
Q9LZG7	GSTU27	MEM	0.1600	0.1039	SOL log2fc=-0.070 adj_p=0.361
Q9LZH9	RPL7AB	MEM	0.9400	0.01306	SOL log2fc=0.120 adj_p=0.187
Q9LZK5	ERDJ3B	MEM	-0.5600	0.02115	SOL log2fc=-0.060 adj_p=0.85
Q9LZP9	CP12-2	MEM	-1.0900	0.06364	SOL log2fc=-0.160 adj_p=0.752
Q9LZS3	SBE2.2	MEM	-0.5600	0.02005	SOL log2fc=-0.210 adj_p=0.128
Q9LZW6	At5g01800	SOL	-0.2700	0.07802	MEM log2fc=-0.280 adj_p=0.131
Q9LZX1	At5g01750	MEM	-0.2900	0.02438	SOL log2fc=-0.030 adj_p=0.966
Q9LZX6	DHDPS1	MEM	0.1600	0.2494	SOL log2fc=0.170 adj_p=0.934
Q9M060	EIF6-2	MEM	0.3200	0.02686	SOL log2fc=0.210 adj_p=0.161
Q9M081	At4g32640	SOL	-0.4400	0.01976	MEM log2fc=0.230 adj_p=0.134
Q9M084	IBI1	MEM	0.1000	0.4051	SOL log2fc=-0.100 adj_p=0.869
Q9M088	At4g31140	SOL	0.4200	0.2417	MEM log2fc=0.160 adj_p=0.262
Q9M099	SCPL24	SOL	0.0700	0.184	MEM log2fc=-0.180 adj_p=1
Q9M0A7	GGP1	MEM	-0.7800	0.01266	SOL log2fc=-1.150 adj_p=0.0507
Q9M0E2	RPL28C	MEM	0.8700	0.02935	SOL log2fc=0.550 adj_p=0.0672
Q9M0F5	At4g29260	SOL	0.2500	0.07014	MEM log2fc=-0.140 adj_p=0.461
Q9M0F9	PFK1	MEM	-0.6300	0.005024	SOL log2fc=0.080 adj_p=0.858
Q9M0N1	PUX10	SOL	-0.4100	0.107	MEM log2fc=0.190 adj_p=0.368
Q9M0S5	ISA3	SOL	-0.1800	0.2446	MEM log2fc=0.050 adj_p=0.49
Q9M0V6	RFNR1	MEM	0.2500	0.1001	SOL log2fc=1.150 adj_p=0.109
Q9M0X9	4CLL7	SOL	-0.1100	0.3051	MEM log2fc=-0.090 adj_p=0.8
Q9M0Y8	NSF	MEM	-0.2700	0.1099	SOL log2fc=0.040 adj_p=0.262
Q9M156	UGT72B1	SOL	-0.3800	0.05688	MEM log2fc=0.090 adj_p=0.441
Q9M158	STR4	MEM	-0.9000	0.03138	SOL log2fc=-0.600 adj_p=0.186
Q9M1G8	DJ1F	MEM	-1.6100	0.002757	SOL log2fc=-1.990 adj_p=0.0167
Q9M1H3	ABCF4	SOL	-0.1500	0.1	MEM log2fc=0.140 adj_p=0.234
Q9M1S4	T5N23_120	MEM	-0.2600	0.08204	SOL log2fc=-0.490 adj_p=0.131
Q9M1W4	HMT-2	MEM	-0.2200	0.04749	SOL log2fc=-0.130 adj_p=0.223
Q9M1X0	RRF	SOL	0.1600	0.1208	MEM log2fc=-0.070 adj_p=0.977
Q9M1X2	FAP1	MEM	0.1800	0.1051	SOL log2fc=-0.100 adj_p=0.292
Q9M1X8	F24G16.250	SOL	-0.1700	0.1146	MEM log2fc=0.350 adj_p=0.442
Q9M214	T8B10_110	MEM	0.4300	0.01097	SOL log2fc=0.510 adj_p=0.025
Q9M2D8	At3g61260	MEM	1.1100	0.02134	SOL log2fc=-0.210 adj_p=0.843
Q9M2F1	RPS27B	SOL	0.2000	0.1112	MEM log2fc=-0.240 adj_p=0.165
Q9M2N5	HAT	MEM	-0.4300	0.005338	SOL log2fc=-0.860 adj_p=0.055
Q9M2T6	T22E16.90	MEM	0.7900	0.0268	SOL log2fc=0.330 adj_p=0.268
Q9M2T9	OVA1	MEM	-0.5500	0.009761	SOL log2fc=-0.110 adj_p=0.342
Q9M2U7	T12E18_90	SOL	0.3500	0.01263	MEM log2fc=0.410 adj_p=0.165
Q9M2V1	NCA1	SOL	-0.4800	0.1581	MEM log2fc=0.020 adj_p=0.989
Q9M2W2	GSTL2	SOL	-0.5900	0.03318	MEM log2fc=-0.830 adj_p=0.0775
Q9M328	F5K20_290	SOL	0.3100	0.04624	MEM log2fc=0.630 adj_p=0.0553
Q9M338	AKR4C11	SOL	-0.1600	0.174	MEM log2fc=-0.150 adj_p=0.457
Q9M339	RPS3B	MEM	0.4500	0.02895	SOL log2fc=0.200 adj_p=0.106
Q9M354	AGD6	MEM	0.5800	0.05965	SOL log2fc=-0.420 adj_p=0.219
Q9M356	F15G16.210	SOL	-0.0800	0.3029	MEM log2fc=0.090 adj_p=0.325
Q9M394	FLN1	MEM	0.4400	0.02706	SOL log2fc=-0.080 adj_p=0.219
Q9M3A8	EMB1796	MEM	-0.3600	0.01209	SOL log2fc=-0.400 adj_p=0.0648
Q9M3C3	RPL23AB	MEM	1.3800	0.00972	SOL log2fc=-0.130 adj_p=0.256
Q9M3C6	PSA3	MEM	-0.3800	0.01405	SOL log2fc=-0.500 adj_p=0.0388
Q9M5J9	PGIP1	SOL	0.7200	0.02442	MEM log2fc=0.120 adj_p=0.468
Q9M5K2	LPD2	MEM	0.4300	0.05174	SOL log2fc=0.260 adj_p=0.167
Q9M5K3	LPD1	MEM	0.3400	0.143	SOL log2fc=0.040 adj_p=0.764
Q9M651	RANGAP2	MEM	-0.1300	0.1118	SOL log2fc=-0.050 adj_p=0.321
Q9M7Q7	PCNA	MEM	1.4200	0.003642	SOL log2fc=0.130 adj_p=0.207
Q9M7T0	PRXIIF	MEM	1.1700	0.006859	SOL log2fc=0.210 adj_p=0.166
Q9M7X9	CITRX	MEM	-0.1800	0.2362	SOL log2fc=-0.030 adj_p=0.632
Q9M7Z1	BCE2	MEM	1.7900	0.00432	SOL log2fc=-0.190 adj_p=0.258
Q9M885	RPS7B	MEM	0.9700	0.02019	SOL log2fc=0.250 adj_p=0.198
Q9M888	CCT6A	MEM	-0.1400	0.04939	SOL log2fc=0.040 adj_p=0.686
Q9M892	At3g02480	MEM	2.6400	0.004436	SOL log2fc=2.450 adj_p=0.0464
Q9M8D3	At1g74260	SOL	-0.0800	0.2851	MEM log2fc=0.020 adj_p=0.567
Q9M8K7	DSPTP1B	MEM	1.1100	0.007607	SOL log2fc=-0.040 adj_p=0.661
Q9M8L6	PTAC17	MEM	-0.2100	0.3083	SOL log2fc=-0.070 adj_p=0.312
Q9M8M7	WIN1	MEM	0.2200	0.2243	SOL log2fc=0.150 adj_p=0.375
Q9M8T0	At3g02880	MEM	0.5500	0.03892	SOL log2fc=0.370 adj_p=0.0466
Q9M8X9	RPS16B	MEM	-0.7500	0.02797	SOL log2fc=-0.440 adj_p=0.0367
Q9M8Z7	UGT80A2	SOL	-0.1200	0.2272	MEM log2fc=0.120 adj_p=0.451
Q9M9K1	PGM2	MEM	0.4000	0.01994	SOL log2fc=0.100 adj_p=0.202
Q9M9M9	At3g03100	MEM	-0.3000	0.09168	SOL log2fc=-0.480 adj_p=0.128
Q9M9P3	UGP2	MEM	0.1300	0.255	SOL log2fc=0.030 adj_p=0.782
Q9M9T2	At1g14300	SOL	-0.3800	0.07253	MEM log2fc=0.160 adj_p=0.0907
Q9M9W1	RPL22B	MEM	0.8300	0.01994	SOL log2fc=0.160 adj_p=0.342
Q9M9Y8	CRTISO	MEM	-0.4100	0.03886	SOL log2fc=-0.260 adj_p=0.144
Q9MA55	ACBP4	SOL	-0.0400	0.3901	MEM log2fc=0.030 adj_p=0.8
Q9MA79	CYFBP	MEM	0.5200	0.06766	SOL log2fc=-0.030 adj_p=0.254
Q9MAB3	NOP5-2	MEM	-0.3100	0.1285	SOL log2fc=-0.020 adj_p=0.671
Q9MAC8	SS2	MEM	-0.6200	0.005377	SOL log2fc=0.270 adj_p=0.0344
Q9MAH0	PPC1	MEM	0.1100	0.2805	SOL log2fc=-0.020 adj_p=0.483
Q9MAK9	RPT4B	MEM	-0.3700	0.03937	SOL log2fc=0.020 adj_p=0.874
Q9MAP3	RPL11	SOL	0.5900	0.221	MEM log2fc=0.030 adj_p=0.696
Q9MAQ0	GBSS1	MEM	-0.9200	0.003642	SOL log2fc=-0.590 adj_p=0.0398
Q9MAT3	F13M7.16	SOL	-0.7700	0.1046	MEM log2fc=0.010 adj_p=0.551
Q9MB58	FKFBP	MEM	-0.2100	0.2482	SOL log2fc=-0.470 adj_p=0.278
Q9MBH2	AIG2B	SOL	-0.3100	0.05004	MEM log2fc=-0.130 adj_p=0.262
Q9S6Z7	CYSD1	MEM	-0.5800	0.1689	SOL log2fc=0.120 adj_p=0.308
Q9S714	PSAE2	MEM	-1.2600	0.007455	SOL log2fc=0.120 adj_p=0.22
Q9S720	PPD3	MEM	1.8500	0.009761	SOL log2fc=0.100 adj_p=0.603
Q9S726	RPI3	SOL	0.1000	0.3513	MEM log2fc=-0.170 adj_p=1
Q9S756	FER4	MEM	1.1800	0.04094	SOL log2fc=0.090 adj_p=0.226
Q9S757	CYSC1	MEM	0.1200	0.4441	SOL log2fc=0.000 adj_p=0.704
Q9S762	HISN1A	SOL	-0.2000	0.08082	MEM log2fc=-0.280 adj_p=0.134
Q9S7A3	At4g10100	MEM	-0.2100	0.03344	SOL log2fc=0.030 adj_p=0.86
Q9S7B5	TS1	MEM	0.2500	0.01334	SOL log2fc=-0.060 adj_p=0.261
Q9S7C0	HSP70-14	SOL	-0.2200	0.05676	MEM log2fc=0.110 adj_p=0.718
Q9S7D8	APS4	MEM	-1.2800	0.02485	SOL log2fc=-0.640 adj_p=0.0836
Q9S7E4	FDH1	MEM	-0.1000	0.1151	SOL log2fc=0.030 adj_p=0.615
Q9S7E9	GGAT2	MEM	-0.7100	0.01658	SOL log2fc=-0.420 adj_p=0.0804
Q9S7H1	psaD1	MEM	1.6900	0.01533	SOL log2fc=0.120 adj_p=0.922
Q9S7I3	LTP2	MEM	2.0400	0.002789	SOL log2fc=2.080 adj_p=0.0182
Q9S7L9	COX6B-1	SOL	0.8800	0.109	MEM log2fc=0.060 adj_p=0.542
Q9S7N7	PSAG	MEM	-0.9100	0.02096	SOL log2fc=-0.660 adj_p=0.203
Q9S7Q2	PTAC2	SOL	-0.2500	0.05073	MEM log2fc=-0.100 adj_p=0.0952
Q9S7U9	MKK2	MEM	1.1300	0.009136	SOL log2fc=-0.150 adj_p=0.336
Q9S7Y7	XYL1	SOL	0.2300	0.1059	MEM log2fc=0.260 adj_p=0.207
Q9S7Z3	PCS1	MEM	-0.6300	0.006832	SOL log2fc=-0.290 adj_p=0.0409
Q9S831	PSAE1	MEM	-0.5800	0.007892	SOL log2fc=0.570 adj_p=0.272
Q9S834	CLPP5	MEM	0.0800	0.2292	SOL log2fc=0.070 adj_p=0.894
Q9S841	PSBO2	MEM	0.7200	0.01288	SOL log2fc=0.120 adj_p=0.111
Q9S9M7	At1g16080	SOL	-0.5900	0.02447	MEM log2fc=-0.200 adj_p=0.49
Q9S9N6	PNSB1	MEM	-1.3400	0.01438	SOL log2fc=-0.310 adj_p=0.0602
Q9S9N9	CCR1	SOL	-0.2300	0.1182	MEM log2fc=-0.260 adj_p=0.12
Q9S9P1	RPS12A	MEM	0.7000	0.02284	SOL log2fc=-0.060 adj_p=0.159
Q9S9P8	RFNR2	SOL	0.4600	0.2424	MEM log2fc=-0.360 adj_p=0.332
Q9S9W2	SDRA	MEM	-0.8400	0.07058	SOL log2fc=0.150 adj_p=0.083
Q9S9Z8	GRF11	SOL	0.5700	0.1089	MEM log2fc=0.260 adj_p=0.576
Q9SA18	AKHSDH1	MEM	-0.6900	0.02102	SOL log2fc=-0.330 adj_p=0.0574
Q9SA34	At1g16350	MEM	0.3500	0.05659	SOL log2fc=0.000 adj_p=0.784
Q9SA56	PSAD2	MEM	-0.4100	0.109	SOL log2fc=0.020 adj_p=0.542
Q9SA73	YchF1	MEM	0.1400	0.123	SOL log2fc=-0.050 adj_p=0.332
Q9SA78	At1g30630	MEM	0.3200	0.1353	SOL log2fc=-0.200 adj_p=0.317
Q9SA88	At1g30730	SOL	1.1100	0.08487	MEM log2fc=-0.090 adj_p=0.251
Q9SAA2	CLPP6	MEM	0.0600	0.1636	SOL log2fc=-0.130 adj_p=0.201
Q9SAB3	RBP45B	MEM	-0.3900	0.01842	SOL log2fc=-0.700 adj_p=0.0665
Q9SAC6	GWD1	MEM	0.4200	0.02429	SOL log2fc=-0.410 adj_p=0.0363
Q9SAJ4	PGK3	MEM	0.3400	0.07998	SOL log2fc=0.250 adj_p=0.163
Q9SAJ6	GAPCP1	MEM	0.5600	0.009176	SOL log2fc=0.350 adj_p=0.479
Q9SAK4	ALDH5F1	MEM	0.4300	0.1097	SOL log2fc=0.090 adj_p=0.417
Q9SAL0	RGLG4	SOL	-0.4400	0.2424	MEM log2fc=-0.210 adj_p=0.357
Q9SAU2	RPE	SOL	-0.0200	0.3963	MEM log2fc=0.160 adj_p=0.502
Q9SAV0	MBP1	SOL	-1.0000	0.0236	MEM log2fc=-0.350 adj_p=0.116
Q9SB63	MOS1	MEM	2.4500	0.004333	SOL log2fc=-0.270 adj_p=0.0454
Q9SBA5	ITPK1	SOL	0.0200	0.5562	MEM log2fc=0.030 adj_p=0.905
Q9SCL7	NAGK	MEM	0.2400	0.4508	SOL log2fc=0.030 adj_p=0.503
Q9SCM3	RPS2D	MEM	-0.7000	0.05028	SOL log2fc=-0.090 adj_p=0.356
Q9SCU1	PATL6	MEM	0.3900	0.04647	SOL log2fc=-0.180 adj_p=0.0857
Q9SCV8	BGAL4	MEM	0.5600	0.05309	SOL log2fc=0.250 adj_p=0.564
Q9SCW1	BGAL1	MEM	0.1300	0.06377	SOL log2fc=-0.140 adj_p=0.31
Q9SCX3	At5g19510	MEM	2.1000	0.009062	SOL log2fc=-0.070 adj_p=0.165
Q9SCX9	DHAPRD	SOL	-0.5500	0.1662	MEM log2fc=0.020 adj_p=0.939
Q9SCY0	PGMP	SOL	-0.1300	0.1078	MEM log2fc=-0.070 adj_p=0.287
Q9SCY2	FKBP13	SOL	0.2300	0.4073	MEM log2fc=-0.320 adj_p=0.651
Q9SCY3	PNSL4	MEM	-1.3200	0.008511	SOL log2fc=-0.510 adj_p=0.158
Q9SD66	F13I12.120	MEM	1.4300	0.02517	SOL log2fc=-0.330 adj_p=0.98
Q9SD73	F13I12.50	MEM	0.0800	0.3968	SOL log2fc=0.090 adj_p=0.436
Q9SD76	PHS2	SOL	-0.3300	0.05653	MEM log2fc=0.140 adj_p=0.0609
Q9SD78	F13G24.260	MEM	0.2500	0.2847	SOL log2fc=0.140 adj_p=0.31
Q9SDM9	NSP1	MEM	1.0300	0.035	SOL log2fc=0.770 adj_p=0.0866
Q9SDS7	VHA-C	SOL	0.1000	0.05166	MEM log2fc=0.100 adj_p=0.174
Q9SE45	ANN3	MEM	-0.2000	0.1512	SOL log2fc=-0.150 adj_p=0.177
Q9SE50	BGLU18	SOL	-1.5500	0.0236	MEM log2fc=-1.450 adj_p=0.0299
Q9SE60	MTHFR1	MEM	0.4500	0.008879	SOL log2fc=-0.220 adj_p=0.0748
Q9SE83	DRP2A	MEM	-0.3200	0.01953	SOL log2fc=-0.450 adj_p=0.025
Q9SE96	FIP1	MEM	0.4000	0.01913	SOL log2fc=0.520 adj_p=0.0397
Q9SEE5	GAL1	MEM	0.3100	0.04169	SOL log2fc=-0.020 adj_p=0.493
Q9SEH3	RABD2C	SOL	0.2500	0.06575	MEM log2fc=0.350 adj_p=0.121
Q9SEI2	RPT5A	MEM	0.7700	0.01901	SOL log2fc=-0.050 adj_p=0.612
Q9SEI3	RPT4A	MEM	-0.4500	0.05499	SOL log2fc=-0.110 adj_p=0.112
Q9SEI4	RPT3	MEM	-0.3300	0.03912	SOL log2fc=-0.020 adj_p=0.49
Q9SEL6	VTI11	MEM	0.4600	0.01953	SOL log2fc=-0.080 adj_p=0.958
Q9SEU6	At3g15360	MEM	-0.5600	0.224	SOL log2fc=-0.010 adj_p=0.46
Q9SEU8	TRXM2	SOL	0.5000	0.2107	MEM log2fc=-0.130 adj_p=0.908
Q9SF16	CCT7	MEM	0.2900	0.005604	SOL log2fc=0.070 adj_p=0.88
Q9SF20	F26K24.7	MEM	1.9900	0.00366	SOL log2fc=0.450 adj_p=0.269
Q9SF40	RPL4A	SOL	0.1900	0.2625	MEM log2fc=-0.090 adj_p=0.529
Q9SF53	RPL35A	SOL	0.5700	0.04442	MEM log2fc=-0.080 adj_p=0.433
Q9SF85	ADK1	MEM	0.4200	0.0658	SOL log2fc=0.010 adj_p=0.905
Q9SFH9	HEMB1	SOL	0.1700	0.1614	MEM log2fc=-0.080 adj_p=0.722
Q9SFU0	At3g07100	MEM	-0.4500	0.04321	SOL log2fc=-0.740 adj_p=0.0466
Q9SFU1	RPL13AA	MEM	-0.3200	0.1028	SOL log2fc=0.250 adj_p=0.182
Q9SG80	ASD1	MEM	1.3400	0.01317	SOL log2fc=0.720 adj_p=0.0245
Q9SGC1	At1g70730	MEM	-0.5200	0.01021	SOL log2fc=-0.020 adj_p=0.911
Q9SGD6	ADT6	MEM	-1.1600	0.01153	SOL log2fc=-0.430 adj_p=0.0991
Q9SGE9	At1g72550	SOL	-0.4100	0.1295	MEM log2fc=-0.120 adj_p=0.266
Q9SGH4	PNSL3	MEM	-1.2500	0.01438	SOL log2fc=-0.170 adj_p=0.173
Q9SGH6	DOX1	MEM	1.0700	0.002303	SOL log2fc=0.780 adj_p=0.0867
Q9SGR6	sks5	MEM	0.9400	0.04098	SOL log2fc=0.000 adj_p=0.81
Q9SGS4	CDSP32	SOL	0.0400	0.5351	MEM log2fc=-0.160 adj_p=0.83
Q9SGT7	NOP56	SOL	-0.1000	0.208	MEM log2fc=0.000 adj_p=0.945
Q9SGW3	RPN12A	MEM	1.1800	0.003642	SOL log2fc=-0.070 adj_p=0.65
Q9SGW5	At1g64500	MEM	0.7100	0.05423	SOL log2fc=-0.530 adj_p=0.0632
Q9SGY2	ACLA-1	MEM	0.2400	0.05214	SOL log2fc=-0.030 adj_p=0.303
Q9SGZ5	BXL7	SOL	0.3600	0.03071	MEM log2fc=-0.330 adj_p=0.248
Q9SH69	PGD1	MEM	0.2700	0.02612	SOL log2fc=0.150 adj_p=0.403
Q9SHE8	PSAF	MEM	-1.2500	0.01823	SOL log2fc=-0.780 adj_p=0.401
Q9SHH6	GSTU24	MEM	0.8100	0.01933	SOL log2fc=0.880 adj_p=0.0625
Q9SHH7	GSTU25	MEM	0.2300	0.05642	SOL log2fc=0.410 adj_p=0.166
Q9SHI1	At1g17220	MEM	0.9400	0.01046	SOL log2fc=-0.020 adj_p=0.366
Q9SHP0	PSAT2	SOL	0.1200	0.1111	MEM log2fc=-0.110 adj_p=0.602
Q9SI20	At2g18110	MEM	0.9700	0.01638	SOL log2fc=-0.100 adj_p=0.212
Q9SI75	CPEFG	SOL	-0.2400	0.07551	MEM log2fc=-0.080 adj_p=0.762
Q9SI96	At2g28720	MEM	-0.6800	0.03392	SOL log2fc=-0.150 adj_p=0.214
Q9SIB9	ACO3	MEM	0.4800	0.02266	SOL log2fc=0.190 adj_p=0.251
Q9SID0	At2g31390	SOL	0.3200	0.3716	MEM log2fc=0.020 adj_p=0.991
Q9SIE1	PAT	SOL	-0.3100	0.009254	MEM log2fc=-0.490 adj_p=0.0374
Q9SIE7	PLAT2	MEM	0.4600	0.008298	SOL log2fc=0.860 adj_p=0.0794
Q9SIF2	HSP90-5	SOL	-0.0800	0.2728	MEM log2fc=-0.090 adj_p=0.492
Q9SIH0	RPS14A	SOL	0.2900	0.1172	MEM log2fc=-0.150 adj_p=0.132
Q9SII8	DSK2B	MEM	0.3800	0.145	SOL log2fc=-0.030 adj_p=0.566
Q9SII9	DSK2A	SOL	-0.2100	0.1072	MEM log2fc=0.170 adj_p=0.695
Q9SIM4	RPL14A	SOL	0.3500	0.2789	MEM log2fc=-0.150 adj_p=0.411
Q9SIN5	COR15B	MEM	-0.4400	0.1187	SOL log2fc=0.170 adj_p=0.602
Q9SIP1	UP3	MEM	-0.3100	0.04076	SOL log2fc=0.020 adj_p=0.925
Q9SIU0	NAD-ME1	MEM	-0.7300	0.03859	SOL log2fc=0.000 adj_p=0.54
Q9SIU2	ABH1	SOL	-0.1800	0.1172	MEM log2fc=0.070 adj_p=0.195
Q9SIU8	PPC3-1.2	MEM	0.6700	0.03213	SOL log2fc=-0.230 adj_p=0.0644
Q9SIV0	SUR1	MEM	-0.5800	0.02686	SOL log2fc=-1.240 adj_p=0.0427
Q9SIV2	RPN1A	MEM	0.1800	0.009026	SOL log2fc=-0.030 adj_p=0.689
Q9SIV9	PAP10	SOL	0.5700	0.1499	MEM log2fc=-0.290 adj_p=0.381
Q9SIZ2	At2g40290	MEM	0.1500	0.03915	SOL log2fc=-0.150 adj_p=0.0588
Q9SJ12	At2g21870	SOL	0.9000	0.08924	MEM log2fc=0.140 adj_p=0.185
Q9SJ13	At2g21860	MEM	-0.6500	0.009593	SOL log2fc=-0.010 adj_p=0.769
Q9SJ44	UEV1C	SOL	0.0600	0.3222	MEM log2fc=-0.090 adj_p=0.392
Q9SJ62	WDL4	MEM	1.0800	0.004693	SOL log2fc=0.080 adj_p=0.478
Q9SJ66	SPP2	SOL	-0.3000	0.2423	MEM log2fc=0.130 adj_p=0.477
Q9SJ81	FLA7	MEM	1.4300	0.003642	SOL log2fc=0.160 adj_p=0.416
Q9SJ89	FTRC	SOL	0.2300	0.438	MEM log2fc=-0.230 adj_p=0.774
Q9SJB9	At2g04520	SOL	-0.2100	0.1804	MEM log2fc=0.040 adj_p=0.755
Q9SJE1	CHLD	MEM	-0.4100	0.02501	SOL log2fc=-0.260 adj_p=0.042
Q9SJH7	CSY3	SOL	0.2000	0.1101	MEM log2fc=-0.030 adj_p=0.782
Q9SJL8	METK3	MEM	0.3700	0.02628	SOL log2fc=0.150 adj_p=0.639
Q9SJM7	URH1	SOL	-0.2200	0.1873	MEM log2fc=-0.100 adj_p=0.408
Q9SJQ9	FBA6	MEM	0.2500	0.2064	SOL log2fc=0.060 adj_p=0.21
Q9SJT9	At2g21390	MEM	-0.6800	0.01178	SOL log2fc=-0.460 adj_p=0.0896
Q9SJU4	FBA1	SOL	-0.4200	0.4772	MEM log2fc=-0.050 adj_p=0.822
Q9SJU9	GC1	MEM	-0.4400	0.0069	SOL log2fc=-0.090 adj_p=0.273
Q9SJZ7	DJA6	SOL	-0.2600	0.07716	MEM log2fc=0.070 adj_p=0.354
Q9SK39	MP3	SOL	0.2100	0.4062	MEM log2fc=-0.070 adj_p=0.887
Q9SK66	At2g20360	MEM	-0.4200	0.1431	SOL log2fc=-0.160 adj_p=0.17
Q9SK74	At2g20280	SOL	-0.0900	0.4398	MEM log2fc=0.020 adj_p=0.955
Q9SKC1	UGT74C1	MEM	-1.2100	0.008601	SOL log2fc=-1.490 adj_p=0.0234
Q9SKC5	UGT74D1	MEM	0.2800	0.02899	SOL log2fc=0.190 adj_p=0.533
Q9SKI0	At2g10940	MEM	-0.5300	0.08847	SOL log2fc=0.820 adj_p=0.219
Q9SKI2	VPS2.1	SOL	-0.0800	0.3571	MEM log2fc=0.000 adj_p=0.975
Q9SKK4	GSL-OH	SOL	-0.2800	0.2311	MEM log2fc=0.200 adj_p=0.243
Q9SKP6	TIM	MEM	0.2000	0.34	SOL log2fc=0.150 adj_p=0.567
Q9SKQ0	CYP19-2	MEM	0.6600	0.05187	SOL log2fc=-0.340 adj_p=0.494
Q9SKT0	THF1	SOL	-0.1800	0.03228	MEM log2fc=-0.100 adj_p=0.759
Q9SKU1	At2g20760	MEM	-0.2100	0.2202	SOL log2fc=-0.070 adj_p=0.869
Q9SKX4	RPL3A	SOL	0.7000	0.1536	MEM log2fc=-0.030 adj_p=0.781
Q9SKZ0	At2g32090	SOL	-0.0400	0.3545	MEM log2fc=-0.110 adj_p=0.611
Q9SKZ1	PURA1	MEM	-0.4500	0.03225	SOL log2fc=0.020 adj_p=0.709
Q9SKZ3	RPS12C	MEM	1.0600	0.01065	SOL log2fc=0.130 adj_p=0.237
Q9SL09	At2g05580	MEM	0.7100	0.194	SOL log2fc=1.570 adj_p=0.27
Q9SL15	GRP3	MEM	0.6200	0.04203	SOL log2fc=-0.050 adj_p=0.88
Q9SL42	PIN1	SOL	0.1900	0.2072	MEM log2fc=-0.170 adj_p=0.305
Q9SL48	SLY1	MEM	0.3900	0.08204	SOL log2fc=-0.350 adj_p=0.11
Q9SL96	At2g25670	SOL	-0.0900	0.1929	MEM log2fc=-0.180 adj_p=0.352
Q9SLA8	MOD1	MEM	0.3800	0.1261	SOL log2fc=0.210 adj_p=0.16
Q9SLF7	RPP2B	MEM	5.1200	0.007351	SOL log2fc=0.320 adj_p=0.233
Q9SLI4	F20D21.31	MEM	-0.7200	0.04552	SOL log2fc=0.880 adj_p=0.0962
Q9SLJ2	HIRD11	MEM	0.4000	0.2903	SOL log2fc=0.030 adj_p=0.867
Q9SLL7	RPL31A	SOL	0.8900	0.08606	MEM log2fc=-0.080 adj_p=0.217
Q9SLM4	At2g40980	MEM	-0.2200	0.171	SOL log2fc=-0.210 adj_p=0.194
Q9SLV3	ZW9	MEM	0.4100	0.09107	SOL log2fc=0.200 adj_p=0.172
Q9SMN0	CXE12	MEM	0.1100	0.2071	SOL log2fc=0.010 adj_p=0.883
Q9SMQ6	RABA4B	MEM	-0.2700	0.03584	SOL log2fc=0.440 adj_p=0.141
Q9SMT7	AAE3	MEM	0.7500	0.01061	SOL log2fc=0.590 adj_p=0.0454
Q9SMV6	XPO1	MEM	0.1100	0.5734	SOL log2fc=-0.050 adj_p=0.707
Q9SMW7	BTF3	MEM	0.4400	0.1757	SOL log2fc=0.060 adj_p=0.575
Q9SN86	At3g47520	SOL	0.2700	0.09652	MEM log2fc=0.140 adj_p=0.384
Q9SN95	UXS5	SOL	0.1600	0.1446	MEM log2fc=-0.040 adj_p=0.496
Q9SP02	CYP20-1	MEM	0.1900	0.2149	SOL log2fc=0.020 adj_p=0.572
Q9SPE5	GSNAP	MEM	1.5100	0.003642	SOL log2fc=-0.010 adj_p=0.443
Q9SPE6	ASNAP2	MEM	0.3500	0.01679	SOL log2fc=-0.150 adj_p=0.0466
Q9SPK5	THFS	MEM	0.1800	0.06196	SOL log2fc=0.010 adj_p=0.841
Q9SQI8	LTA2	MEM	0.9600	0.0375	SOL log2fc=0.290 adj_p=0.142
Q9SQT8	EMB3004	SOL	-0.1400	0.1817	MEM log2fc=0.020 adj_p=0.629
Q9SR19	RAF1.2	MEM	0.4600	0.04517	SOL log2fc=-0.390 adj_p=0.0574
Q9SR33	ORP3B	MEM	0.1400	0.2434	SOL log2fc=-0.230 adj_p=0.321
Q9SR36	GSTU8	MEM	0.4200	0.02244	SOL log2fc=0.660 adj_p=0.141
Q9SR37	BGLU23	MEM	0.5200	0.04208	SOL log2fc=0.440 adj_p=0.0462
Q9SR59	MDAR3	SOL	-0.3000	0.1101	MEM log2fc=-0.170 adj_p=0.346
Q9SR67	T22K18.16	MEM	0.9900	0.02133	SOL log2fc=0.810 adj_p=0.0366
Q9SR70	FKBP16-4	MEM	-0.5500	0.1586	SOL log2fc=0.230 adj_p=0.654
Q9SRD4	IGMT5	MEM	0.1400	0.004436	SOL log2fc=0.210 adj_p=0.659
Q9SRG3	PDIL1-2	MEM	0.4000	0.03093	SOL log2fc=0.020 adj_p=0.355
Q9SRI1	SEC13A	SOL	-0.0700	0.2259	MEM log2fc=-0.090 adj_p=0.292
Q9SRR8	F21O3.19	MEM	-0.3200	0.07424	SOL log2fc=0.450 adj_p=0.175
Q9SRT9	RGP1	SOL	0.7900	0.1917	MEM log2fc=0.120 adj_p=0.242
Q9SRV5	MS2	MEM	-0.8000	0.009375	SOL log2fc=-0.920 adj_p=0.0177
Q9SRX2	RPL19A	SOL	-0.3500	0.07667	MEM log2fc=0.230 adj_p=0.856
Q9SRY5	GSTF7	MEM	0.8000	0.031	SOL log2fc=-0.270 adj_p=0.872
Q9SRZ6	CICDH	MEM	0.5700	0.06023	SOL log2fc=0.260 adj_p=0.161
Q9SSA5	CYP38	SOL	-0.5100	0.02367	MEM log2fc=-0.040 adj_p=0.923
Q9SSB5	RPT1A	MEM	-0.1400	0.05309	SOL log2fc=-0.090 adj_p=0.182
Q9SSB8	COX5B-2	MEM	-0.5000	0.1763	SOL log2fc=0.080 adj_p=0.686
Q9SSD2	PRP8A	MEM	-0.7200	0.009449	SOL log2fc=-0.340 adj_p=0.0551
Q9SSE7	ADT2	MEM	-0.1600	0.07442	SOL log2fc=0.010 adj_p=0.757
Q9SSG3	HIPL1	MEM	1.2000	0.002789	SOL log2fc=0.850 adj_p=0.0758
Q9SSK5	MLP43	SOL	-0.2200	0.04607	MEM log2fc=-0.140 adj_p=0.681
Q9SSK7	MLP34	MEM	0.1900	0.0161	SOL log2fc=0.350 adj_p=0.0454
Q9SSK9	MLP28	MEM	0.8500	0.03074	SOL log2fc=0.980 adj_p=0.137
Q9SSL0	At1g70820	SOL	-0.5900	0.04085	MEM log2fc=0.250 adj_p=0.13
Q9SSP5	TS2	MEM	-0.3700	0.01209	SOL log2fc=-0.250 adj_p=0.0764
Q9SSS7	At1g52730	MEM	0.2800	0.03079	SOL log2fc=-0.220 adj_p=0.283
Q9SSS9	ATPD	MEM	-0.5000	0.04778	SOL log2fc=-0.220 adj_p=0.134
Q9STF2	PTAC16	MEM	0.3700	0.1151	SOL log2fc=-0.430 adj_p=0.191
Q9STG9	ASE2	SOL	0.3400	0.1429	MEM log2fc=0.000 adj_p=0.696
Q9STS1	ALDH10A9	MEM	-0.3500	0.1697	SOL log2fc=0.080 adj_p=0.553
Q9STS7	CHL	MEM	0.2200	0.547	SOL log2fc=0.260 adj_p=0.684
Q9STT3	T23J7.130	MEM	-0.6300	0.04889	SOL log2fc=-0.070 adj_p=0.856
Q9STW6	HSP70-6	SOL	-0.0200	0.3552	MEM log2fc=-0.130 adj_p=0.538
Q9STX2	VEP1	MEM	0.7800	0.01625	SOL log2fc=0.000 adj_p=0.748
Q9STX5	HSP90-7	MEM	-0.4300	0.00425	SOL log2fc=0.010 adj_p=0.764
Q9STY4	PYRR	MEM	-0.2600	0.01658	SOL log2fc=-0.270 adj_p=0.0454
Q9SU13	FLA2	MEM	1.9900	0.002757	SOL log2fc=0.300 adj_p=0.233
Q9SU40	SKU5	MEM	0.2800	0.04038	SOL log2fc=0.180 adj_p=0.219
Q9SU63	ALDH2B4	MEM	0.4900	0.03586	SOL log2fc=0.100 adj_p=0.192
Q9SU81	At4g29700	MEM	-1.1500	0.004436	SOL log2fc=-0.530 adj_p=0.0403
Q9SU82	At4g29690	MEM	-0.1500	0.1221	SOL log2fc=0.090 adj_p=0.749
Q9SU93	At4g29520	MEM	-0.5000	0.006531	SOL log2fc=0.070 adj_p=0.638
Q9SU94	PRMT11	MEM	-0.4400	0.1747	SOL log2fc=-0.650 adj_p=0.254
Q9SUA1	DEK3	MEM	-0.3500	0.1832	SOL log2fc=-0.020 adj_p=0.908
Q9SUB2	At4g21020	MEM	1.3400	0.0333	SOL log2fc=1.950 adj_p=0.05
Q9SUC6	FAD-OXR	SOL	0.8800	0.0234	MEM log2fc=0.140 adj_p=0.0306
Q9SUQ8	DIR6	SOL	0.3700	0.1844	MEM log2fc=-0.210 adj_p=0.379
Q9SUQ9	At4g23680	SOL	0.9100	0.02496	MEM log2fc=0.370 adj_p=0.0625
Q9SUR0	At4g23670	SOL	0.2600	0.1041	MEM log2fc=-0.120 adj_p=0.869
Q9SUR3	RTNLB1	MEM	-0.1400	0.1923	SOL log2fc=-0.580 adj_p=0.308
Q9SUR6	CORI3	MEM	-1.0000	0.03313	SOL log2fc=-0.440 adj_p=0.404
Q9SUR9	SGT1A	MEM	0.1400	0.2994	SOL log2fc=0.000 adj_p=0.423
Q9SUS3	BETAB-AD	MEM	-0.3800	0.03852	SOL log2fc=-0.850 adj_p=0.155
Q9SUT2	PER39	SOL	0.8400	0.02447	MEM log2fc=-0.460 adj_p=0.261
Q9SUT5	SGT1B	MEM	0.2700	0.01946	SOL log2fc=0.070 adj_p=0.219
Q9SV21	At4g31480	MEM	-0.4500	0.04451	SOL log2fc=-0.270 adj_p=0.293
Q9SVA6	DRG3	SOL	-0.1800	0.1247	MEM log2fc=0.070 adj_p=0.657
Q9SVG4	At4g20830	MEM	0.3100	0.01658	SOL log2fc=0.570 adj_p=0.0819
Q9SVN5	At4g13780	MEM	0.4100	0.04422	SOL log2fc=-0.200 adj_p=0.096
Q9SVP6	PRR2	MEM	0.0000	0.5235	SOL log2fc=0.250 adj_p=0.778
Q9SVQ9	At4g13180	MEM	1.0700	0.003642	SOL log2fc=0.780 adj_p=0.131
Q9SVR0	RPL13AC	MEM	-0.4100	0.0205	SOL log2fc=-0.110 adj_p=0.172
Q9SW09	RPS10A	SOL	-0.1100	0.1596	MEM log2fc=-0.130 adj_p=0.47
Q9SW18	CHLM	MEM	-0.7800	0.02559	SOL log2fc=0.010 adj_p=0.665
Q9SW33	At4g24930	MEM	0.5200	0.08013	SOL log2fc=-0.110 adj_p=0.24
Q9SW43	T11I11.160	SOL	-0.4600	0.05004	MEM log2fc=-0.380 adj_p=0.0605
Q9SW96	SYNC1	MEM	0.2300	0.07511	SOL log2fc=-0.130 adj_p=0.317
Q9SWG0	IVD	SOL	0.5400	0.04658	MEM log2fc=0.310 adj_p=0.258
Q9SX68	RPL18	SOL	0.3900	0.1145	MEM log2fc=-0.190 adj_p=0.349
Q9SX77	SDH5	SOL	0.2200	0.5146	MEM log2fc=0.060 adj_p=0.542
Q9SXC0	At1g59960	SOL	-0.4800	0.0236	MEM log2fc=-0.580 adj_p=0.0307
Q9SXE9	At1g62480	SOL	1.4000	0.09643	MEM log2fc=-0.360 adj_p=0.301
Q9SXJ7	CLPC2	MEM	-0.8600	0.006769	SOL log2fc=-0.050 adj_p=0.441
Q9SXS7	CYSD2	MEM	0.1700	0.1697	SOL log2fc=-0.020 adj_p=0.613
Q9SYB8	F11M15.2	MEM	-0.0800	0.1424	SOL log2fc=-0.260 adj_p=0.185
Q9SYG5	ATEXO70D2	MEM	-0.2300	0.0154	SOL log2fc=-0.210 adj_p=0.0736
Q9SYG7	ALDH7B4	MEM	0.9200	0.01078	SOL log2fc=0.590 adj_p=0.0519
Q9SYI5	At4g01870	MEM	0.5500	0.04511	SOL log2fc=0.050 adj_p=0.972
Q9SYM5	RHM1	SOL	-0.2100	0.09086	MEM log2fc=0.010 adj_p=0.972
Q9SYP1	BRR2A	MEM	-0.7500	0.003285	SOL log2fc=-0.240 adj_p=0.0991
Q9SYP2	PFP-ALPHA1	MEM	0.3400	0.008877	SOL log2fc=-0.020 adj_p=0.774
Q9SYT0	ANN1	MEM	0.3200	0.1041	SOL log2fc=0.210 adj_p=0.279
Q9SZ11	GDPDL3	MEM	0.7500	0.01939	SOL log2fc=0.220 adj_p=0.056
Q9SZ30	HISN4	MEM	-0.4100	0.06254	SOL log2fc=0.180 adj_p=0.154
Q9SZ51	ENODL15	MEM	0.7800	0.0556	SOL log2fc=0.280 adj_p=0.14
Q9SZ83	At4g09670	SOL	0.2600	0.04788	MEM log2fc=0.040 adj_p=0.868
Q9SZA3	TIF3K1	MEM	0.6500	0.04963	SOL log2fc=-0.390 adj_p=0.146
Q9SZB2	TIC22	MEM	-0.5700	0.004436	SOL log2fc=0.200 adj_p=0.143
Q9SZD6	PETs	MEM	0.2800	0.1591	SOL log2fc=-0.050 adj_p=0.246
Q9SZE1	At4g29120	MEM	0.4900	0.06402	SOL log2fc=-0.110 adj_p=0.212
Q9SZE4	VPS32.2	MEM	-0.1300	0.6855	SOL log2fc=0.030 adj_p=0.859
Q9SZE7	PER51	SOL	1.1200	0.02501	MEM log2fc=0.450 adj_p=0.144
Q9SZE9	At4g37550	MEM	-0.6200	0.01479	SOL log2fc=0.520 adj_p=0.14
Q9SZJ5	SHM1	SOL	-0.2000	0.1283	MEM log2fc=-0.180 adj_p=0.589
Q9SZN1	VHA-B2	MEM	0.5900	0.01256	SOL log2fc=0.360 adj_p=0.0911
Q9SZV0	RNC1	MEM	-0.4900	0.01445	SOL log2fc=-0.270 adj_p=0.0927
Q9T024	At4g39150	MEM	0.4700	0.01357	SOL log2fc=-0.190 adj_p=0.236
Q9T030	PCBER1	SOL	-0.3500	0.1482	MEM log2fc=-0.090 adj_p=0.377
Q9T034	At4g39280	MEM	0.7700	0.00971	SOL log2fc=-0.200 adj_p=0.0421
Q9T043	RPL14B	MEM	0.3400	0.1104	SOL log2fc=0.240 adj_p=0.299
Q9T053	PLDGAMMA1	SOL	-0.5900	0.07776	MEM log2fc=-0.020 adj_p=0.806
Q9T074	PCK1	MEM	0.8800	0.01256	SOL log2fc=0.210 adj_p=0.133
Q9T076	At4g27520	MEM	1.2900	0.02858	SOL log2fc=0.190 adj_p=0.0871
Q9T0A0	LACS4	MEM	0.2200	0.07895	SOL log2fc=-0.200 adj_p=0.0843
Q9T0A4	ndhS	MEM	-0.8300	0.02669	SOL log2fc=-0.150 adj_p=0.702
Q9T0I9	At4g38810	MEM	0.8600	0.01284	SOL log2fc=0.100 adj_p=0.355
Q9T0K5	LRX3	MEM	-1.0100	0.03446	SOL log2fc=-0.260 adj_p=0.192
Q9T0K7	At4g13360	MEM	-0.3600	0.1315	SOL log2fc=-0.030 adj_p=0.751
Q9T0P4	GLU2	SOL	0.3400	0.04026	MEM log2fc=-0.400 adj_p=0.194
Q9XEE2	ANN2	MEM	1.1400	0.007923	SOL log2fc=0.430 adj_p=0.13
Q9XEX2	PRXIIB	MEM	1.3200	0.06098	SOL log2fc=0.300 adj_p=0.137
Q9XF89	LHCB5	MEM	-1.0500	0.02276	SOL log2fc=-1.090 adj_p=0.156
Q9XFH8	At3g02730	SOL	-0.4800	0.1631	MEM log2fc=-0.190 adj_p=0.879
Q9XFH9	At5g16400	MEM	-0.1900	0.7741	SOL log2fc=-0.070 adj_p=0.878
Q9XFS7	LTP5	SOL	0.5900	0.04085	MEM log2fc=0.080 adj_p=0.934
Q9XFT3	PSBQ1	SOL	0.3400	0.1467	MEM log2fc=0.080 adj_p=0.702
Q9XGM1	VHA-D	MEM	0.7500	0.01046	SOL log2fc=0.220 adj_p=0.0242
Q9XI01	PDIL1-1	MEM	0.3700	0.009761	SOL log2fc=0.190 adj_p=0.257
Q9XI10	At1g21680	MEM	1.3500	0.008387	SOL log2fc=0.110 adj_p=0.0463
Q9XI11	At1g21670	MEM	1.0700	0.01756	SOL log2fc=0.360 adj_p=0.0409
Q9XI19	PTAC6	MEM	-0.3000	0.01049	SOL log2fc=-0.150 adj_p=0.0978
Q9XI22	At1g15470	MEM	-0.7700	0.04068	SOL log2fc=-0.160 adj_p=0.269
Q9XI36	MBD10	SOL	0.0700	0.2422	MEM log2fc=-0.450 adj_p=0.339
Q9XI55	At1g15140	SOL	-0.2900	0.02862	MEM log2fc=0.180 adj_p=0.0527
Q9XI82	F7A19.14	SOL	0.3400	0.2572	MEM log2fc=0.160 adj_p=0.262
Q9XI84	LSMT-L	MEM	-0.2100	0.09715	SOL log2fc=-0.190 adj_p=0.327
Q9XI87	VH1-interacting	SOL	-0.1200	0.1379	MEM log2fc=-0.200 adj_p=0.202
Q9XI93	At1g13930	MEM	1.0200	0.03337	SOL log2fc=0.550 adj_p=0.453
Q9XIA9	LACS2	MEM	0.2100	0.09388	SOL log2fc=-0.160 adj_p=0.0984
Q9XIE2	ABCG36	SOL	-0.9200	0.07489	MEM log2fc=-0.250 adj_p=0.111
Q9XIF8	GSTU16	SOL	0.3800	0.08891	MEM log2fc=-0.150 adj_p=0.523
Q9XIP8	CDI	SOL	-0.3100	0.09986	MEM log2fc=-0.020 adj_p=0.494
Q9XJ27	RPS9	MEM	0.9200	0.004436	SOL log2fc=-0.020 adj_p=0.597
Q9XJ35	CLPR1	MEM	0.1100	0.6495	SOL log2fc=0.030 adj_p=0.925
Q9XQC7	grpE	MEM	0.4800	0.1677	SOL log2fc=-0.080 adj_p=0.257
Q9ZNT0	SKD1	MEM	-0.3300	0.0941	SOL log2fc=0.030 adj_p=0.645
Q9ZNZ7	GLU1	SOL	0.0500	0.3857	MEM log2fc=0.050 adj_p=0.591
Q9ZP05	PMDH2	SOL	-0.2100	0.08487	MEM log2fc=0.120 adj_p=0.547
Q9ZP06	At1g53240	SOL	0.1900	0.1046	MEM log2fc=0.000 adj_p=0.86
Q9ZPF5	ARGAH2	SOL	-0.1000	0.2816	MEM log2fc=-0.130 adj_p=0.89
Q9ZPH2	GRXS17	MEM	0.1800	0.2268	SOL log2fc=-0.150 adj_p=0.246
Q9ZPI1	At3g11710	MEM	0.4800	0.03758	SOL log2fc=-0.030 adj_p=0.38
Q9ZPI5	MFP2	MEM	0.3000	0.00517	SOL log2fc=0.230 adj_p=0.156
Q9ZPI6	AIM1	MEM	0.2600	0.1536	SOL log2fc=0.000 adj_p=0.428
Q9ZPY7	CAS	MEM	-0.4300	0.009761	SOL log2fc=-0.620 adj_p=0.106
Q9ZPZ4	At1g09310	SOL	0.9900	0.01798	MEM log2fc=0.890 adj_p=0.0295
Q9ZQ26	At2g24420	SOL	0.1100	0.3886	MEM log2fc=0.020 adj_p=0.906
Q9ZQ78	At2g03420	MEM	-0.2700	0.2234	SOL log2fc=0.420 adj_p=0.522
Q9ZQ80	NRP1	MEM	0.8400	0.02205	SOL log2fc=0.170 adj_p=0.343
Q9ZQ91	CXE7	MEM	-0.4500	0.04039	SOL log2fc=-0.610 adj_p=0.0738
Q9ZQQ0	SCPL26	SOL	0.3400	0.07338	MEM log2fc=0.080 adj_p=0.787
Q9ZQX4	VHA-F	MEM	-0.4000	0.01794	SOL log2fc=-0.050 adj_p=0.795
Q9ZR03	petC	MEM	-0.6400	0.0139	SOL log2fc=0.010 adj_p=0.665
Q9ZRA2	HGO	MEM	0.3800	0.05934	SOL log2fc=0.100 adj_p=0.425
Q9ZRE2	RABD1	MEM	-0.2100	0.09107	SOL log2fc=0.090 adj_p=0.537
Q9ZRT5	GSTT1	MEM	0.0900	0.117	SOL log2fc=-0.040 adj_p=0.638
Q9ZRW8	GSTU19	MEM	0.4900	0.1143	SOL log2fc=0.200 adj_p=0.411
Q9ZS97	ABCI8	MEM	0.7800	0.03221	SOL log2fc=-0.070 adj_p=0.761
Q9ZSA2	CPK21	MEM	-0.2300	0.1301	SOL log2fc=-0.310 adj_p=0.131
Q9ZSD4	SYP121	MEM	-0.2800	0.1229	SOL log2fc=0.290 adj_p=0.849
Q9ZST4	GLB1	SOL	0.3400	0.127	MEM log2fc=-0.020 adj_p=0.876
Q9ZT91	TUFA	SOL	0.1200	0.1704	MEM log2fc=-0.040 adj_p=0.242
Q9ZTZ7	KEA1	SOL	-1.0400	0.1585	MEM log2fc=-0.210 adj_p=0.204
Q9ZU23	JAL5	SOL	-0.7900	0.05014	MEM log2fc=-0.300 adj_p=0.14
Q9ZU32	QPT	SOL	0.0900	0.2973	MEM log2fc=-0.080 adj_p=0.765
Q9ZU52	FBA3	MEM	1.2100	0.02686	SOL log2fc=0.120 adj_p=0.374
Q9ZUC1	AOR	MEM	0.5300	0.1704	SOL log2fc=0.190 adj_p=0.36
Q9ZUG4	At2g05830	MEM	0.1500	0.1119	SOL log2fc=0.290 adj_p=0.256
Q9ZUI6	At1g60070	SOL	-0.5200	0.05029	MEM log2fc=-0.350 adj_p=0.0705
Q9ZUN8	HTD1	MEM	-0.3000	0.13	SOL log2fc=-0.100 adj_p=0.236
Q9ZUR7	At2g37500	MEM	0.8300	0.0472	SOL log2fc=0.350 adj_p=0.287
Q9ZUS6	At2g37400	SOL	-0.0900	0.1593	MEM log2fc=0.030 adj_p=0.379
Q9ZUT9	RPS5A	MEM	0.1300	0.066	SOL log2fc=0.060 adj_p=0.166
Q9ZUU2	At2g37240	MEM	-0.4400	0.04208	SOL log2fc=-0.100 adj_p=0.261
Q9ZUU4	CP29B	MEM	-0.6000	0.1992	SOL log2fc=-0.050 adj_p=0.428
Q9ZUX0	At2g27680	MEM	-0.0600	0.6595	SOL log2fc=-0.160 adj_p=0.782
Q9ZUX4	At2g27730	MEM	0.7700	0.007921	SOL log2fc=0.600 adj_p=0.1
Q9ZUY6	AXS1	MEM	0.2500	0.03641	SOL log2fc=0.080 adj_p=0.79
Q9ZV07	PIP2-6	MEM	-0.2200	0.1747	SOL log2fc=-0.450 adj_p=0.26
Q9ZV19	DJ1E	SOL	-0.5800	0.05073	MEM log2fc=-0.020 adj_p=0.404
Q9ZVA1	At1g78820	SOL	-0.1500	0.1894	MEM log2fc=0.540 adj_p=0.31
Q9ZVA2	At1g78830	SOL	-0.1200	0.5484	MEM log2fc=-0.180 adj_p=0.683
Q9ZVA4	At1g78850	SOL	0.7900	0.009254	MEM log2fc=0.760 adj_p=0.0299
Q9ZVD0	SE	SOL	-0.3500	0.05577	MEM log2fc=0.100 adj_p=0.453
Q9ZVD5	AGO4	MEM	-0.7300	0.0251	SOL log2fc=-0.330 adj_p=0.0382
Q9ZVF2	MLP329	MEM	0.5800	0.003642	SOL log2fc=0.050 adj_p=0.422
Q9ZVF3	MLP328	MEM	0.3600	0.03159	SOL log2fc=0.560 adj_p=0.093
Q9ZVL0	T22H22.25	MEM	1.4000	0.02895	SOL log2fc=1.870 adj_p=0.0462
Q9ZVL6	At1g54780	MEM	-0.6600	0.02565	SOL log2fc=-0.080 adj_p=0.202
Q9ZVS4	At1g03220	MEM	0.6400	0.06091	SOL log2fc=0.450 adj_p=0.131
Q9ZVS5	At1g03230	SOL	0.6700	0.02516	MEM log2fc=0.290 adj_p=0.27
Q9ZVT6	At1g03350	MEM	1.0800	0.02056	SOL log2fc=-0.160 adj_p=0.202
Q9ZVW2	HEN2	MEM	-1.0100	0.006832	SOL log2fc=-0.150 adj_p=0.348
Q9ZVY7	OBAP1A	MEM	0.9900	0.01141	SOL log2fc=2.360 adj_p=0.0321
Q9ZW24	GSTU7	MEM	0.3500	0.0295	SOL log2fc=0.760 adj_p=0.0364
Q9ZW30	GSTU1	MEM	0.5000	0.01655	SOL log2fc=0.790 adj_p=0.12
Q9ZW34	ENO3	MEM	0.4700	0.01377	SOL log2fc=-0.120 adj_p=0.13
Q9ZW35	PCNA2	MEM	0.7900	0.03832	SOL log2fc=0.200 adj_p=0.25
Q9ZW85	SSU1	SOL	0.2900	0.1115	MEM log2fc=0.270 adj_p=0.116
Q9ZWA8	FLA9	SOL	0.5700	0.04186	MEM log2fc=0.460 adj_p=0.0801
Q9ZWJ3	UGT85A2	SOL	0.3900	0.1145	MEM log2fc=0.030 adj_p=0.172
